$TEST_TMPDIR defined, some defaults will be overridden
OpenJDK 64-Bit Server VM warning: Options -Xverify:none and -noverify were deprecated in JDK 13 and will likely be removed in a future release.
WARNING: The following configs were expanded more than once: [linux_x64_gcc_15]. For repeatable flags, repeats are counted twice and may lead to unexpected behavior.
Computing main repo mapping: 
Computing main repo mapping: 
WARNING: The following configs were expanded more than once: [linux_x64_gcc_15]. For repeatable flags, repeats are counted twice and may lead to unexpected behavior.
Computing main repo mapping: 
Computing main repo mapping: 
Computing main repo mapping: 
Computing main repo mapping: 
Computing main repo mapping: 
Computing main repo mapping: 
Computing main repo mapping: 
Computing main repo mapping: 
Computing main repo mapping: 
Loading: 
Loading: 5 packages loaded
Analyzing: 6 targets (7 packages loaded)
Analyzing: 6 targets (7 packages loaded, 0 targets configured)
Analyzing: 6 targets (7 packages loaded, 0 targets configured)

Analyzing: 6 targets (17 packages loaded, 10 targets configured)

Analyzing: 6 targets (96 packages loaded, 10 targets configured)

Analyzing: 6 targets (99 packages loaded, 10 targets configured)

Analyzing: 6 targets (159 packages loaded, 1012 targets configured)

Analyzing: 6 targets (172 packages loaded, 3906 targets configured)

Analyzing: 6 targets (215 packages loaded, 8861 targets configured)

Analyzing: 6 targets (308 packages loaded, 12044 targets configured)

Analyzing: 6 targets (367 packages loaded, 14660 targets configured)

Analyzing: 6 targets (368 packages loaded, 14983 targets configured)

INFO: Analyzed 6 targets (368 packages loaded, 15010 targets configured).
[41 / 989] checking cached actions
[54 / 1,342] checking cached actions
[106 / 1,389] [Prepa] Creating symlink to ambiguous lib: external/score_baselibs++_repo_rules+acl-deb/usr/lib/x86_64-linux-gnu/libacl.a
[164 / 1,389] [Scann] Compiling score/mw/com/impl/rust/com-api/com-api-ffi-lola/registry_bridge_macro.cpp
[265 / 1,389] Compiling score/mw/com/impl/rust/com-api/com-api-ffi-lola/registry_bridge_macro.cpp; 1s linux-sandbox
[368 / 1,389] Compiling score/mw/com/impl/rust/com-api/com-api-ffi-lola/registry_bridge_macro.cpp; 2s linux-sandbox ... (2 actions, 1 running)
[420 / 1,389] Compiling score/mw/com/impl/rust/com-api/com-api-ffi-lola/registry_bridge_macro.cpp; 3s linux-sandbox
[474 / 1,389] Compiling score/mw/com/impl/rust/com-api/com-api-ffi-lola/registry_bridge_macro.cpp; 4s linux-sandbox ... (2 actions running)
[494 / 1,389] Compiling score/mw/com/impl/rust/com-api/com-api-ffi-lola/registry_bridge_macro.cpp; 5s linux-sandbox ... (3 actions running)
[577 / 1,390] Compiling score/mw/com/impl/rust/com-api/com-api-ffi-lola/registry_bridge_macro.cpp; 9s linux-sandbox ... (4 actions, 3 running)
[603 / 1,390] Compiling score/mw/com/impl/rust/com-api/com-api-ffi-lola/registry_bridge_macro.cpp; 10s linux-sandbox ... (3 actions running)
INFO: From Compiling score/mw/com/impl/bindings/lola/transaction_log_local_view.cpp:
In file included from score/mw/com/impl/bindings/lola/transaction_log_local_view.cpp:20:
./score/mw/com/impl/com_error.h: In member function 'virtual std::string_view score::mw::com::impl::ComErrorDomain::MessageFor(const score::result::ErrorCode&) const':
./score/mw/com/impl/com_error.h:186:65: warning: 'score::mw::com::impl::ComErrc::kServiceInstanceAlreadyOffered' is deprecated: Value has never been used. Calls to OfferService shall be idempotent. [-Wdeprecated-declarations]
  186 |             case static_cast<score::result::ErrorCode>(ComErrc::kServiceInstanceAlreadyOffered):
      |                                                                 ^~~~~~~~~~~~~~~~~~~~~~~~~~~~~~
./score/mw/com/impl/com_error.h:57:5: note: declared here
   57 |     kServiceInstanceAlreadyOffered
      |     ^~~~~~~~~~~~~~~~~~~~~~~~~~~~~~
[615 / 1,390] Compiling score/mw/com/impl/rust/com-api/com-api-ffi-lola/registry_bridge_macro.cpp; 11s linux-sandbox ... (4 actions running)
INFO: From Compiling score/mw/com/impl/rust/com-api/com-api-ffi-lola/registry_bridge_macro.cpp:
In file included from ./score/mw/com/impl/instance_identifier.h:16,
                 from ./score/mw/com/impl/handle_type.h:18,
                 from ./score/mw/com/impl/proxy_base.h:18,
                 from ./score/mw/com/impl/rust/com-api/com-api-ffi-lola/registry_bridge_macro.h:68,
                 from score/mw/com/impl/rust/com-api/com-api-ffi-lola/registry_bridge_macro.cpp:24:
./score/mw/com/impl/com_error.h: In member function 'virtual std::string_view score::mw::com::impl::ComErrorDomain::MessageFor(const score::result::ErrorCode&) const':
./score/mw/com/impl/com_error.h:186:65: warning: 'score::mw::com::impl::ComErrc::kServiceInstanceAlreadyOffered' is deprecated: Value has never been used. Calls to OfferService shall be idempotent. [-Wdeprecated-declarations]
  186 |             case static_cast<score::result::ErrorCode>(ComErrc::kServiceInstanceAlreadyOffered):
      |                                                                 ^~~~~~~~~~~~~~~~~~~~~~~~~~~~~~
./score/mw/com/impl/com_error.h:57:5: note: declared here
   57 |     kServiceInstanceAlreadyOffered
      |     ^~~~~~~~~~~~~~~~~~~~~~~~~~~~~~
[626 / 1,391] Compiling score/mw/com/impl/configuration/binding_service_type_deployment.cpp; 1s linux-sandbox ... (4 actions running)
[627 / 1,392] Compiling score/mw/com/impl/configuration/binding_service_type_deployment.cpp; 2s linux-sandbox ... (4 actions running)
[642 / 1,392] 1 / 6 tests; Compiling score/mw/com/runtime.cpp; 3s linux-sandbox ... (4 actions running)
[643 / 1,392] 2 / 6 tests; Compiling score/mw/com/runtime.cpp; 5s linux-sandbox ... (4 actions running)
[648 / 1,392] 3 / 6 tests; Compiling score/mw/com/runtime.cpp; 6s linux-sandbox ... (4 actions running)
[665 / 1,392] 3 / 6 tests; Compiling score/mw/com/runtime.cpp; 8s linux-sandbox ... (3 actions running)
[688 / 1,392] 3 / 6 tests; Compiling score/mw/com/runtime.cpp; 10s linux-sandbox ... (4 actions running)
[691 / 1,392] 3 / 6 tests; Compiling score/mw/com/runtime.cpp; 11s linux-sandbox ... (4 actions, 3 running)
INFO: From Compiling score/mw/com/runtime.cpp:
In file included from ./score/mw/com/impl/instance_identifier.h:16,
                 from ./score/mw/com/impl/handle_type.h:18,
                 from ./score/mw/com/impl/proxy_base.h:18,
                 from ./score/mw/com/impl/generic_proxy_event.h:18,
                 from ./score/mw/com/impl/generic_proxy.h:18,
                 from ./score/mw/com/types.h:24,
                 from ./score/mw/com/mocking/i_runtime.h:17,
                 from ./score/mw/com/runtime.h:24,
                 from score/mw/com/runtime.cpp:13:
./score/mw/com/impl/com_error.h: In member function 'virtual std::string_view score::mw::com::impl::ComErrorDomain::MessageFor(const score::result::ErrorCode&) const':
./score/mw/com/impl/com_error.h:186:65: warning: 'score::mw::com::impl::ComErrc::kServiceInstanceAlreadyOffered' is deprecated: Value has never been used. Calls to OfferService shall be idempotent. [-Wdeprecated-declarations]
  186 |             case static_cast<score::result::ErrorCode>(ComErrc::kServiceInstanceAlreadyOffered):
      |                                                                 ^~~~~~~~~~~~~~~~~~~~~~~~~~~~~~
./score/mw/com/impl/com_error.h:57:5: note: declared here
   57 |     kServiceInstanceAlreadyOffered
      |     ^~~~~~~~~~~~~~~~~~~~~~~~~~~~~~
score/mw/com/runtime.cpp: In function 'void score::mw::com::runtime::InitializeRuntime(int32_t, const char**)':
score/mw/com/runtime.cpp:58:47: warning: 'virtual void score::mw::com::runtime::IRuntime::InitializeRuntime(int32_t, score::cpp::span<const char*>)' is deprecated: Please use InitializeRuntime(cpp::span<safecpp::zstring_view> command_line_arguments) for guaranteed NULL terminated arguments [-Wdeprecated-declarations]
   58 |         runtime_mock_holder->InitializeRuntime(argc, argv_span);
      |         ~~~~~~~~~~~~~~~~~~~~~~~~~~~~~~~~~~~~~~^~~~~~~~~~~~~~~~~
./score/mw/com/mocking/i_runtime.h:38:18: note: declared here
   38 |     virtual void InitializeRuntime(const std::int32_t argc, score::cpp::span<const char*> argv) = 0;
      |                  ^~~~~~~~~~~~~~~~~
score/mw/com/runtime.cpp:62:64: warning: 'score::mw::com::runtime::RuntimeConfiguration::RuntimeConfiguration(int32_t, const char**)' is deprecated: Please use RuntimeConfiguration(cpp::span<safecpp::zstring_view> command_line_arguments) for guaranteed NULL terminated arguments [-Wdeprecated-declarations]
   62 |     const RuntimeConfiguration runtime_configuration{argc, argv};
      |                                                                ^
In file included from ./score/mw/com/mocking/i_runtime.h:16:
./score/mw/com/runtime_configuration.h:56:5: note: declared here
   56 |     RuntimeConfiguration(const std::int32_t argc, const char* argv[]);
      |     ^~~~~~~~~~~~~~~~~~~~
[697 / 1,392] 3 / 6 tests; Compiling score/mw/com/impl/configuration/configuration.cpp; 4s linux-sandbox ... (4 actions running)
INFO: From Compiling score/mw/com/impl/configuration/config_validate.cpp:
In file included from ./score/mw/com/impl/configuration/service_instance_deployment.h:17,
                 from ./score/mw/com/impl/configuration/configuration.h:18,
                 from ./score/mw/com/impl/configuration/config_validate.h:17,
                 from score/mw/com/impl/configuration/config_validate.cpp:13:
./score/mw/com/impl/com_error.h: In member function 'virtual std::string_view score::mw::com::impl::ComErrorDomain::MessageFor(const score::result::ErrorCode&) const':
./score/mw/com/impl/com_error.h:186:65: warning: 'score::mw::com::impl::ComErrc::kServiceInstanceAlreadyOffered' is deprecated: Value has never been used. Calls to OfferService shall be idempotent. [-Wdeprecated-declarations]
  186 |             case static_cast<score::result::ErrorCode>(ComErrc::kServiceInstanceAlreadyOffered):
      |                                                                 ^~~~~~~~~~~~~~~~~~~~~~~~~~~~~~
./score/mw/com/impl/com_error.h:57:5: note: declared here
   57 |     kServiceInstanceAlreadyOffered
      |     ^~~~~~~~~~~~~~~~~~~~~~~~~~~~~~
[698 / 1,392] 3 / 6 tests; Compiling score/mw/com/impl/configuration/configuration.cpp; 6s linux-sandbox ... (4 actions, 3 running)
[699 / 1,392] 3 / 6 tests; Compiling score/mw/com/impl/configuration/configuration.cpp; 8s linux-sandbox ... (4 actions running)
INFO: From Compiling score/mw/com/impl/configuration/i_configuration_parsing_strategy.cpp:
In file included from ./score/mw/com/impl/configuration/service_instance_deployment.h:17,
                 from ./score/mw/com/impl/configuration/configuration.h:18,
                 from ./score/mw/com/impl/configuration/i_configuration_parsing_strategy.h:16,
                 from score/mw/com/impl/configuration/i_configuration_parsing_strategy.cpp:13:
./score/mw/com/impl/com_error.h: In member function 'virtual std::string_view score::mw::com::impl::ComErrorDomain::MessageFor(const score::result::ErrorCode&) const':
./score/mw/com/impl/com_error.h:186:65: warning: 'score::mw::com::impl::ComErrc::kServiceInstanceAlreadyOffered' is deprecated: Value has never been used. Calls to OfferService shall be idempotent. [-Wdeprecated-declarations]
  186 |             case static_cast<score::result::ErrorCode>(ComErrc::kServiceInstanceAlreadyOffered):
      |                                                                 ^~~~~~~~~~~~~~~~~~~~~~~~~~~~~~
./score/mw/com/impl/com_error.h:57:5: note: declared here
   57 |     kServiceInstanceAlreadyOffered
      |     ^~~~~~~~~~~~~~~~~~~~~~~~~~~~~~
[701 / 1,392] 3 / 6 tests; Compiling score/mw/com/impl/configuration/configuration.cpp; 9s linux-sandbox ... (4 actions running)
INFO: From Compiling score/mw/com/impl/configuration/configuration.cpp:
In file included from ./score/mw/com/impl/configuration/service_instance_deployment.h:17,
                 from ./score/mw/com/impl/configuration/configuration.h:18,
                 from score/mw/com/impl/configuration/configuration.cpp:13:
./score/mw/com/impl/com_error.h: In member function 'virtual std::string_view score::mw::com::impl::ComErrorDomain::MessageFor(const score::result::ErrorCode&) const':
./score/mw/com/impl/com_error.h:186:65: warning: 'score::mw::com::impl::ComErrc::kServiceInstanceAlreadyOffered' is deprecated: Value has never been used. Calls to OfferService shall be idempotent. [-Wdeprecated-declarations]
  186 |             case static_cast<score::result::ErrorCode>(ComErrc::kServiceInstanceAlreadyOffered):
      |                                                                 ^~~~~~~~~~~~~~~~~~~~~~~~~~~~~~
./score/mw/com/impl/com_error.h:57:5: note: declared here
   57 |     kServiceInstanceAlreadyOffered
      |     ^~~~~~~~~~~~~~~~~~~~~~~~~~~~~~
[702 / 1,392] 3 / 6 tests; Compiling score/mw/com/mocking/i_runtime.cpp; 7s linux-sandbox ... (4 actions, 3 running)
[703 / 1,392] 3 / 6 tests; Compiling score/mw/com/mocking/i_runtime.cpp; 8s linux-sandbox ... (4 actions, 3 running)
INFO: From Compiling score/mw/com/mocking/i_runtime.cpp:
In file included from ./score/mw/com/impl/instance_identifier.h:16,
                 from ./score/mw/com/impl/handle_type.h:18,
                 from ./score/mw/com/impl/proxy_base.h:18,
                 from ./score/mw/com/impl/generic_proxy_event.h:18,
                 from ./score/mw/com/impl/generic_proxy.h:18,
                 from ./score/mw/com/types.h:24,
                 from ./score/mw/com/mocking/i_runtime.h:17,
                 from score/mw/com/mocking/i_runtime.cpp:13:
./score/mw/com/impl/com_error.h: In member function 'virtual std::string_view score::mw::com::impl::ComErrorDomain::MessageFor(const score::result::ErrorCode&) const':
./score/mw/com/impl/com_error.h:186:65: warning: 'score::mw::com::impl::ComErrc::kServiceInstanceAlreadyOffered' is deprecated: Value has never been used. Calls to OfferService shall be idempotent. [-Wdeprecated-declarations]
  186 |             case static_cast<score::result::ErrorCode>(ComErrc::kServiceInstanceAlreadyOffered):
      |                                                                 ^~~~~~~~~~~~~~~~~~~~~~~~~~~~~~
./score/mw/com/impl/com_error.h:57:5: note: declared here
   57 |     kServiceInstanceAlreadyOffered
      |     ^~~~~~~~~~~~~~~~~~~~~~~~~~~~~~
[708 / 1,392] 3 / 6 tests; Compiling score/mw/com/impl/configuration/configuration_json_parsing_strategy.cpp; 5s linux-sandbox ... (4 actions running)
INFO: From Compiling score/mw/com/impl/configuration/config_parser.cpp:
In file included from ./score/mw/com/impl/configuration/service_instance_deployment.h:17,
                 from ./score/mw/com/impl/configuration/configuration.h:18,
                 from ./score/mw/com/impl/configuration/config_parser.h:17,
                 from score/mw/com/impl/configuration/config_parser.cpp:13:
./score/mw/com/impl/com_error.h: In member function 'virtual std::string_view score::mw::com::impl::ComErrorDomain::MessageFor(const score::result::ErrorCode&) const':
./score/mw/com/impl/com_error.h:186:65: warning: 'score::mw::com::impl::ComErrc::kServiceInstanceAlreadyOffered' is deprecated: Value has never been used. Calls to OfferService shall be idempotent. [-Wdeprecated-declarations]
  186 |             case static_cast<score::result::ErrorCode>(ComErrc::kServiceInstanceAlreadyOffered):
      |                                                                 ^~~~~~~~~~~~~~~~~~~~~~~~~~~~~~
./score/mw/com/impl/com_error.h:57:5: note: declared here
   57 |     kServiceInstanceAlreadyOffered
      |     ^~~~~~~~~~~~~~~~~~~~~~~~~~~~~~
[723 / 1,392] 3 / 6 tests; Compiling score/mw/com/impl/configuration/configuration_json_parsing_strategy.cpp; 7s linux-sandbox ... (4 actions, 3 running)
[725 / 1,392] 3 / 6 tests; Compiling score/mw/com/impl/configuration/configuration_json_parsing_strategy.cpp; 8s linux-sandbox ... (4 actions running)
INFO: From Compiling score/mw/com/impl/configuration/configuration_json_parsing_strategy.cpp:
In file included from ./score/mw/com/impl/configuration/service_instance_deployment.h:17,
                 from ./score/mw/com/impl/configuration/configuration.h:18,
                 from ./score/mw/com/impl/configuration/i_configuration_parsing_strategy.h:16,
                 from ./score/mw/com/impl/configuration/configuration_json_parsing_strategy.h:16,
                 from score/mw/com/impl/configuration/configuration_json_parsing_strategy.cpp:13:
./score/mw/com/impl/com_error.h: In member function 'virtual std::string_view score::mw::com::impl::ComErrorDomain::MessageFor(const score::result::ErrorCode&) const':
./score/mw/com/impl/com_error.h:186:65: warning: 'score::mw::com::impl::ComErrc::kServiceInstanceAlreadyOffered' is deprecated: Value has never been used. Calls to OfferService shall be idempotent. [-Wdeprecated-declarations]
  186 |             case static_cast<score::result::ErrorCode>(ComErrc::kServiceInstanceAlreadyOffered):
      |                                                                 ^~~~~~~~~~~~~~~~~~~~~~~~~~~~~~
./score/mw/com/impl/com_error.h:57:5: note: declared here
   57 |     kServiceInstanceAlreadyOffered
      |     ^~~~~~~~~~~~~~~~~~~~~~~~~~~~~~
[726 / 1,392] 3 / 6 tests; Compiling score/mw/com/types.cpp; 4s linux-sandbox ... (4 actions running)
INFO: From Compiling score/mw/com/impl/bindings/lola/transaction_log_set.cpp:
In file included from score/mw/com/impl/bindings/lola/transaction_log_set.cpp:17:
./score/mw/com/impl/com_error.h: In member function 'virtual std::string_view score::mw::com::impl::ComErrorDomain::MessageFor(const score::result::ErrorCode&) const':
./score/mw/com/impl/com_error.h:186:65: warning: 'score::mw::com::impl::ComErrc::kServiceInstanceAlreadyOffered' is deprecated: Value has never been used. Calls to OfferService shall be idempotent. [-Wdeprecated-declarations]
  186 |             case static_cast<score::result::ErrorCode>(ComErrc::kServiceInstanceAlreadyOffered):
      |                                                                 ^~~~~~~~~~~~~~~~~~~~~~~~~~~~~~
./score/mw/com/impl/com_error.h:57:5: note: declared here
   57 |     kServiceInstanceAlreadyOffered
      |     ^~~~~~~~~~~~~~~~~~~~~~~~~~~~~~
[747 / 1,392] 3 / 6 tests; Compiling score/mw/com/types.cpp; 5s linux-sandbox ... (4 actions, 3 running)
INFO: From Compiling score/mw/com/types.cpp:
In file included from ./score/mw/com/impl/instance_identifier.h:16,
                 from ./score/mw/com/impl/handle_type.h:18,
                 from ./score/mw/com/impl/proxy_base.h:18,
                 from ./score/mw/com/impl/generic_proxy_event.h:18,
                 from ./score/mw/com/impl/generic_proxy.h:18,
                 from ./score/mw/com/types.h:24,
                 from score/mw/com/types.cpp:13:
./score/mw/com/impl/com_error.h: In member function 'virtual std::string_view score::mw::com::impl::ComErrorDomain::MessageFor(const score::result::ErrorCode&) const':
./score/mw/com/impl/com_error.h:186:65: warning: 'score::mw::com::impl::ComErrc::kServiceInstanceAlreadyOffered' is deprecated: Value has never been used. Calls to OfferService shall be idempotent. [-Wdeprecated-declarations]
  186 |             case static_cast<score::result::ErrorCode>(ComErrc::kServiceInstanceAlreadyOffered):
      |                                                                 ^~~~~~~~~~~~~~~~~~~~~~~~~~~~~~
./score/mw/com/impl/com_error.h:57:5: note: declared here
   57 |     kServiceInstanceAlreadyOffered
      |     ^~~~~~~~~~~~~~~~~~~~~~~~~~~~~~
[749 / 1,392] 3 / 6 tests; Compiling score/mw/com/impl/bindings/lola/event_control.cpp; 2s linux-sandbox ... (4 actions, 3 running)
[790 / 1,392] 3 / 6 tests; Compiling score/mw/com/impl/plumbing/sample_ptr.cpp; 2s linux-sandbox ... (4 actions, 3 running)
[795 / 1,392] 3 / 6 tests; Compiling score/mw/com/impl/generic_proxy.cpp; 2s linux-sandbox ... (4 actions, 3 running)
[795 / 1,392] 3 / 6 tests; Compiling score/mw/com/impl/generic_proxy.cpp; 3s linux-sandbox ... (4 actions running)
INFO: From Compiling score/mw/com/impl/tracing/configuration/i_tracing_filter_config.cpp:
In file included from ./score/mw/com/impl/configuration/service_instance_deployment.h:17,
                 from ./score/mw/com/impl/configuration/configuration.h:18,
                 from ./score/mw/com/impl/tracing/configuration/i_tracing_filter_config.h:16,
                 from score/mw/com/impl/tracing/configuration/i_tracing_filter_config.cpp:13:
./score/mw/com/impl/com_error.h: In member function 'virtual std::string_view score::mw::com::impl::ComErrorDomain::MessageFor(const score::result::ErrorCode&) const':
./score/mw/com/impl/com_error.h:186:65: warning: 'score::mw::com::impl::ComErrc::kServiceInstanceAlreadyOffered' is deprecated: Value has never been used. Calls to OfferService shall be idempotent. [-Wdeprecated-declarations]
  186 |             case static_cast<score::result::ErrorCode>(ComErrc::kServiceInstanceAlreadyOffered):
      |                                                                 ^~~~~~~~~~~~~~~~~~~~~~~~~~~~~~
./score/mw/com/impl/com_error.h:57:5: note: declared here
   57 |     kServiceInstanceAlreadyOffered
      |     ^~~~~~~~~~~~~~~~~~~~~~~~~~~~~~
[850 / 1,392] 3 / 6 tests; Compiling score/mw/com/impl/generic_proxy.cpp; 5s linux-sandbox ... (4 actions, 3 running)
INFO: From Compiling score/mw/com/impl/generic_proxy.cpp:
In file included from ./score/mw/com/impl/instance_identifier.h:16,
                 from ./score/mw/com/impl/handle_type.h:18,
                 from ./score/mw/com/impl/proxy_base.h:18,
                 from ./score/mw/com/impl/generic_proxy_event.h:18,
                 from ./score/mw/com/impl/generic_proxy.h:18,
                 from score/mw/com/impl/generic_proxy.cpp:14:
./score/mw/com/impl/com_error.h: In member function 'virtual std::string_view score::mw::com::impl::ComErrorDomain::MessageFor(const score::result::ErrorCode&) const':
./score/mw/com/impl/com_error.h:186:65: warning: 'score::mw::com::impl::ComErrc::kServiceInstanceAlreadyOffered' is deprecated: Value has never been used. Calls to OfferService shall be idempotent. [-Wdeprecated-declarations]
  186 |             case static_cast<score::result::ErrorCode>(ComErrc::kServiceInstanceAlreadyOffered):
      |                                                                 ^~~~~~~~~~~~~~~~~~~~~~~~~~~~~~
./score/mw/com/impl/com_error.h:57:5: note: declared here
   57 |     kServiceInstanceAlreadyOffered
      |     ^~~~~~~~~~~~~~~~~~~~~~~~~~~~~~
[877 / 1,392] 3 / 6 tests; Compiling score/mw/com/impl/tracing/configuration/tracing_filter_config.cpp; 4s linux-sandbox ... (4 actions running)
INFO: From Compiling score/mw/com/impl/tracing/configuration/tracing_filter_config.cpp:
In file included from ./score/mw/com/impl/configuration/service_instance_deployment.h:17,
                 from ./score/mw/com/impl/configuration/configuration.h:18,
                 from ./score/mw/com/impl/tracing/configuration/tracing_filter_config.h:16,
                 from score/mw/com/impl/tracing/configuration/tracing_filter_config.cpp:13:
./score/mw/com/impl/com_error.h: In member function 'virtual std::string_view score::mw::com::impl::ComErrorDomain::MessageFor(const score::result::ErrorCode&) const':
./score/mw/com/impl/com_error.h:186:65: warning: 'score::mw::com::impl::ComErrc::kServiceInstanceAlreadyOffered' is deprecated: Value has never been used. Calls to OfferService shall be idempotent. [-Wdeprecated-declarations]
  186 |             case static_cast<score::result::ErrorCode>(ComErrc::kServiceInstanceAlreadyOffered):
      |                                                                 ^~~~~~~~~~~~~~~~~~~~~~~~~~~~~~
./score/mw/com/impl/com_error.h:57:5: note: declared here
   57 |     kServiceInstanceAlreadyOffered
      |     ^~~~~~~~~~~~~~~~~~~~~~~~~~~~~~
INFO: From Compiling score/mw/com/impl/generic_skeleton.cpp:
In file included from ./score/mw/com/impl/instance_identifier.h:16,
                 from ./score/mw/com/impl/generic_skeleton.h:18,
                 from score/mw/com/impl/generic_skeleton.cpp:13:
./score/mw/com/impl/com_error.h: In member function 'virtual std::string_view score::mw::com::impl::ComErrorDomain::MessageFor(const score::result::ErrorCode&) const':
./score/mw/com/impl/com_error.h:186:65: warning: 'score::mw::com::impl::ComErrc::kServiceInstanceAlreadyOffered' is deprecated: Value has never been used. Calls to OfferService shall be idempotent. [-Wdeprecated-declarations]
  186 |             case static_cast<score::result::ErrorCode>(ComErrc::kServiceInstanceAlreadyOffered):
      |                                                                 ^~~~~~~~~~~~~~~~~~~~~~~~~~~~~~
./score/mw/com/impl/com_error.h:57:5: note: declared here
   57 |     kServiceInstanceAlreadyOffered
      |     ^~~~~~~~~~~~~~~~~~~~~~~~~~~~~~
INFO: From Compiling score/mw/com/impl/tracing/configuration/tracing_filter_config_parser.cpp:
In file included from ./score/mw/com/impl/configuration/service_instance_deployment.h:17,
                 from ./score/mw/com/impl/configuration/configuration.h:18,
                 from ./score/mw/com/impl/tracing/configuration/tracing_filter_config_parser.h:17,
                 from score/mw/com/impl/tracing/configuration/tracing_filter_config_parser.cpp:13:
./score/mw/com/impl/com_error.h: In member function 'virtual std::string_view score::mw::com::impl::ComErrorDomain::MessageFor(const score::result::ErrorCode&) const':
./score/mw/com/impl/com_error.h:186:65: warning: 'score::mw::com::impl::ComErrc::kServiceInstanceAlreadyOffered' is deprecated: Value has never been used. Calls to OfferService shall be idempotent. [-Wdeprecated-declarations]
  186 |             case static_cast<score::result::ErrorCode>(ComErrc::kServiceInstanceAlreadyOffered):
      |                                                                 ^~~~~~~~~~~~~~~~~~~~~~~~~~~~~~
./score/mw/com/impl/com_error.h:57:5: note: declared here
   57 |     kServiceInstanceAlreadyOffered
      |     ^~~~~~~~~~~~~~~~~~~~~~~~~~~~~~
[881 / 1,392] 3 / 6 tests; [Prepa] Linking score/mw/com/impl/tracing/configuration/libtracing_filter_config.a
[889 / 1,392] 3 / 6 tests; Compiling score/memory/shared/shared_memory_factory_impl.cpp; 0s linux-sandbox ... (2 actions, 1 running)
[889 / 1,392] 3 / 6 tests; Compiling score/memory/shared/shared_memory_factory_impl.cpp; 1s linux-sandbox ... (4 actions running)
[890 / 1,392] 3 / 6 tests; Compiling score/mw/com/impl/generic_skeleton_event.cpp; 2s linux-sandbox ... (4 actions, 3 running)
INFO: From Compiling score/mw/com/impl/generic_skeleton_event.cpp:
In file included from score/mw/com/impl/generic_skeleton_event.cpp:14:
./score/mw/com/impl/com_error.h: In member function 'virtual std::string_view score::mw::com::impl::ComErrorDomain::MessageFor(const score::result::ErrorCode&) const':
./score/mw/com/impl/com_error.h:186:65: warning: 'score::mw::com::impl::ComErrc::kServiceInstanceAlreadyOffered' is deprecated: Value has never been used. Calls to OfferService shall be idempotent. [-Wdeprecated-declarations]
  186 |             case static_cast<score::result::ErrorCode>(ComErrc::kServiceInstanceAlreadyOffered):
      |                                                                 ^~~~~~~~~~~~~~~~~~~~~~~~~~~~~~
./score/mw/com/impl/com_error.h:57:5: note: declared here
   57 |     kServiceInstanceAlreadyOffered
      |     ^~~~~~~~~~~~~~~~~~~~~~~~~~~~~~
[929 / 1,392] 3 / 6 tests; Compiling score/mw/com/impl/tracing/tracing_runtime.cpp; 0s linux-sandbox ... (3 actions, 2 running)
[931 / 1,392] 3 / 6 tests; Compiling score/mw/com/impl/tracing/tracing_runtime.cpp; 2s linux-sandbox ... (4 actions running)
INFO: From Compiling score/mw/com/impl/instance_identifier.cpp:
In file included from ./score/mw/com/impl/instance_identifier.h:16,
                 from score/mw/com/impl/instance_identifier.cpp:13:
./score/mw/com/impl/com_error.h: In member function 'virtual std::string_view score::mw::com::impl::ComErrorDomain::MessageFor(const score::result::ErrorCode&) const':
./score/mw/com/impl/com_error.h:186:65: warning: 'score::mw::com::impl::ComErrc::kServiceInstanceAlreadyOffered' is deprecated: Value has never been used. Calls to OfferService shall be idempotent. [-Wdeprecated-declarations]
  186 |             case static_cast<score::result::ErrorCode>(ComErrc::kServiceInstanceAlreadyOffered):
      |                                                                 ^~~~~~~~~~~~~~~~~~~~~~~~~~~~~~
./score/mw/com/impl/com_error.h:57:5: note: declared here
   57 |     kServiceInstanceAlreadyOffered
      |     ^~~~~~~~~~~~~~~~~~~~~~~~~~~~~~
INFO: From Compiling score/mw/com/impl/traits.cpp:
In file included from ./score/mw/com/impl/traits.h:16,
                 from score/mw/com/impl/traits.cpp:13:
./score/mw/com/impl/com_error.h: In member function 'virtual std::string_view score::mw::com::impl::ComErrorDomain::MessageFor(const score::result::ErrorCode&) const':
./score/mw/com/impl/com_error.h:186:65: warning: 'score::mw::com::impl::ComErrc::kServiceInstanceAlreadyOffered' is deprecated: Value has never been used. Calls to OfferService shall be idempotent. [-Wdeprecated-declarations]
  186 |             case static_cast<score::result::ErrorCode>(ComErrc::kServiceInstanceAlreadyOffered):
      |                                                                 ^~~~~~~~~~~~~~~~~~~~~~~~~~~~~~
./score/mw/com/impl/com_error.h:57:5: note: declared here
   57 |     kServiceInstanceAlreadyOffered
      |     ^~~~~~~~~~~~~~~~~~~~~~~~~~~~~~
[934 / 1,392] 3 / 6 tests; Compiling score/mw/com/impl/bindings/lola/tracing/tracing_runtime.cpp; 4s linux-sandbox
INFO: From Compiling score/mw/com/impl/bindings/lola/tracing/tracing_runtime.cpp:
In file included from ./score/mw/com/impl/configuration/service_instance_deployment.h:17,
                 from ./score/mw/com/impl/configuration/configuration.h:18,
                 from ./score/mw/com/impl/bindings/lola/tracing/tracing_runtime.h:16,
                 from score/mw/com/impl/bindings/lola/tracing/tracing_runtime.cpp:13:
./score/mw/com/impl/com_error.h: In member function 'virtual std::string_view score::mw::com::impl::ComErrorDomain::MessageFor(const score::result::ErrorCode&) const':
./score/mw/com/impl/com_error.h:186:65: warning: 'score::mw::com::impl::ComErrc::kServiceInstanceAlreadyOffered' is deprecated: Value has never been used. Calls to OfferService shall be idempotent. [-Wdeprecated-declarations]
  186 |             case static_cast<score::result::ErrorCode>(ComErrc::kServiceInstanceAlreadyOffered):
      |                                                                 ^~~~~~~~~~~~~~~~~~~~~~~~~~~~~~
./score/mw/com/impl/com_error.h:57:5: note: declared here
   57 |     kServiceInstanceAlreadyOffered
      |     ^~~~~~~~~~~~~~~~~~~~~~~~~~~~~~
[949 / 1,392] 3 / 6 tests; Compiling score/mw/com/impl/handle_type.cpp; 1s linux-sandbox ... (3 actions, 2 running)
INFO: From Compiling score/mw/com/impl/handle_type.cpp:
In file included from ./score/mw/com/impl/instance_identifier.h:16,
                 from ./score/mw/com/impl/handle_type.h:18,
                 from score/mw/com/impl/handle_type.cpp:13:
./score/mw/com/impl/com_error.h: In member function 'virtual std::string_view score::mw::com::impl::ComErrorDomain::MessageFor(const score::result::ErrorCode&) const':
./score/mw/com/impl/com_error.h:186:65: warning: 'score::mw::com::impl::ComErrc::kServiceInstanceAlreadyOffered' is deprecated: Value has never been used. Calls to OfferService shall be idempotent. [-Wdeprecated-declarations]
  186 |             case static_cast<score::result::ErrorCode>(ComErrc::kServiceInstanceAlreadyOffered):
      |                                                                 ^~~~~~~~~~~~~~~~~~~~~~~~~~~~~~
./score/mw/com/impl/com_error.h:57:5: note: declared here
   57 |     kServiceInstanceAlreadyOffered
      |     ^~~~~~~~~~~~~~~~~~~~~~~~~~~~~~
[951 / 1,392] 3 / 6 tests; Compiling score/mw/com/impl/proxy_field.cpp; 2s linux-sandbox ... (4 actions running)
INFO: From Compiling score/mw/com/impl/i_service_discovery.cpp:
In file included from ./score/mw/com/impl/instance_identifier.h:16,
                 from ./score/mw/com/impl/handle_type.h:18,
                 from ./score/mw/com/impl/enriched_instance_identifier.h:17,
                 from ./score/mw/com/impl/i_service_discovery.h:16,
                 from score/mw/com/impl/i_service_discovery.cpp:13:
./score/mw/com/impl/com_error.h: In member function 'virtual std::string_view score::mw::com::impl::ComErrorDomain::MessageFor(const score::result::ErrorCode&) const':
./score/mw/com/impl/com_error.h:186:65: warning: 'score::mw::com::impl::ComErrc::kServiceInstanceAlreadyOffered' is deprecated: Value has never been used. Calls to OfferService shall be idempotent. [-Wdeprecated-declarations]
  186 |             case static_cast<score::result::ErrorCode>(ComErrc::kServiceInstanceAlreadyOffered):
      |                                                                 ^~~~~~~~~~~~~~~~~~~~~~~~~~~~~~
./score/mw/com/impl/com_error.h:57:5: note: declared here
   57 |     kServiceInstanceAlreadyOffered
      |     ^~~~~~~~~~~~~~~~~~~~~~~~~~~~~~
[952 / 1,392] 3 / 6 tests; Compiling score/mw/com/impl/proxy_field.cpp; 3s linux-sandbox ... (4 actions, 3 running)
INFO: From Compiling score/mw/com/impl/enriched_instance_identifier.cpp:
In file included from ./score/mw/com/impl/instance_identifier.h:16,
                 from ./score/mw/com/impl/handle_type.h:18,
                 from ./score/mw/com/impl/enriched_instance_identifier.h:17,
                 from score/mw/com/impl/enriched_instance_identifier.cpp:13:
./score/mw/com/impl/com_error.h: In member function 'virtual std::string_view score::mw::com::impl::ComErrorDomain::MessageFor(const score::result::ErrorCode&) const':
./score/mw/com/impl/com_error.h:186:65: warning: 'score::mw::com::impl::ComErrc::kServiceInstanceAlreadyOffered' is deprecated: Value has never been used. Calls to OfferService shall be idempotent. [-Wdeprecated-declarations]
  186 |             case static_cast<score::result::ErrorCode>(ComErrc::kServiceInstanceAlreadyOffered):
      |                                                                 ^~~~~~~~~~~~~~~~~~~~~~~~~~~~~~
./score/mw/com/impl/com_error.h:57:5: note: declared here
   57 |     kServiceInstanceAlreadyOffered
      |     ^~~~~~~~~~~~~~~~~~~~~~~~~~~~~~
INFO: From Compiling score/mw/com/impl/i_service_discovery_client.cpp:
In file included from ./score/mw/com/impl/instance_identifier.h:16,
                 from ./score/mw/com/impl/handle_type.h:18,
                 from ./score/mw/com/impl/enriched_instance_identifier.h:17,
                 from ./score/mw/com/impl/i_service_discovery_client.h:16,
                 from score/mw/com/impl/i_service_discovery_client.cpp:13:
./score/mw/com/impl/com_error.h: In member function 'virtual std::string_view score::mw::com::impl::ComErrorDomain::MessageFor(const score::result::ErrorCode&) const':
./score/mw/com/impl/com_error.h:186:65: warning: 'score::mw::com::impl::ComErrc::kServiceInstanceAlreadyOffered' is deprecated: Value has never been used. Calls to OfferService shall be idempotent. [-Wdeprecated-declarations]
  186 |             case static_cast<score::result::ErrorCode>(ComErrc::kServiceInstanceAlreadyOffered):
      |                                                                 ^~~~~~~~~~~~~~~~~~~~~~~~~~~~~~
./score/mw/com/impl/com_error.h:57:5: note: declared here
   57 |     kServiceInstanceAlreadyOffered
      |     ^~~~~~~~~~~~~~~~~~~~~~~~~~~~~~
[956 / 1,392] 3 / 6 tests; Compiling score/mw/com/impl/proxy_field.cpp; 4s linux-sandbox ... (4 actions, 3 running)
[957 / 1,392] 3 / 6 tests; Compiling score/mw/com/impl/proxy_field.cpp; 6s linux-sandbox ... (4 actions running)
INFO: From Compiling score/mw/com/impl/proxy_field.cpp:
In file included from ./score/mw/com/impl/instance_identifier.h:16,
                 from ./score/mw/com/impl/handle_type.h:18,
                 from ./score/mw/com/impl/enriched_instance_identifier.h:17,
                 from ./score/mw/com/impl/i_service_discovery_client.h:16,
                 from ./score/mw/com/impl/i_binding_runtime.h:17,
                 from ./score/mw/com/impl/bindings/lola/i_runtime.h:20,
                 from ./score/mw/com/impl/bindings/lola/proxy_method.h:17,
                 from ./score/mw/com/impl/bindings/lola/proxy.h:24,
                 from ./score/mw/com/impl/methods/proxy_method.h:16,
                 from ./score/mw/com/impl/methods/proxy_method_with_in_args_and_return.h:18,
                 from ./score/mw/com/impl/proxy_field.h:19,
                 from score/mw/com/impl/proxy_field.cpp:13:
./score/mw/com/impl/com_error.h: In member function 'virtual std::string_view score::mw::com::impl::ComErrorDomain::MessageFor(const score::result::ErrorCode&) const':
./score/mw/com/impl/com_error.h:186:65: warning: 'score::mw::com::impl::ComErrc::kServiceInstanceAlreadyOffered' is deprecated: Value has never been used. Calls to OfferService shall be idempotent. [-Wdeprecated-declarations]
  186 |             case static_cast<score::result::ErrorCode>(ComErrc::kServiceInstanceAlreadyOffered):
      |                                                                 ^~~~~~~~~~~~~~~~~~~~~~~~~~~~~~
./score/mw/com/impl/com_error.h:57:5: note: declared here
   57 |     kServiceInstanceAlreadyOffered
      |     ^~~~~~~~~~~~~~~~~~~~~~~~~~~~~~
[959 / 1,392] 3 / 6 tests; Compiling score/mw/com/impl/i_runtime.cpp; 4s linux-sandbox ... (4 actions running)
INFO: From Compiling score/mw/com/impl/i_runtime.cpp:
In file included from ./score/mw/com/impl/instance_identifier.h:16,
                 from ./score/mw/com/impl/handle_type.h:18,
                 from ./score/mw/com/impl/enriched_instance_identifier.h:17,
                 from ./score/mw/com/impl/i_service_discovery_client.h:16,
                 from ./score/mw/com/impl/i_binding_runtime.h:17,
                 from ./score/mw/com/impl/i_runtime.h:16,
                 from score/mw/com/impl/i_runtime.cpp:13:
./score/mw/com/impl/com_error.h: In member function 'virtual std::string_view score::mw::com::impl::ComErrorDomain::MessageFor(const score::result::ErrorCode&) const':
./score/mw/com/impl/com_error.h:186:65: warning: 'score::mw::com::impl::ComErrc::kServiceInstanceAlreadyOffered' is deprecated: Value has never been used. Calls to OfferService shall be idempotent. [-Wdeprecated-declarations]
  186 |             case static_cast<score::result::ErrorCode>(ComErrc::kServiceInstanceAlreadyOffered):
      |                                                                 ^~~~~~~~~~~~~~~~~~~~~~~~~~~~~~
./score/mw/com/impl/com_error.h:57:5: note: declared here
   57 |     kServiceInstanceAlreadyOffered
      |     ^~~~~~~~~~~~~~~~~~~~~~~~~~~~~~
INFO: From Compiling score/mw/com/impl/i_binding_runtime.cpp:
In file included from ./score/mw/com/impl/instance_identifier.h:16,
                 from ./score/mw/com/impl/handle_type.h:18,
                 from ./score/mw/com/impl/enriched_instance_identifier.h:17,
                 from ./score/mw/com/impl/i_service_discovery_client.h:16,
                 from ./score/mw/com/impl/i_binding_runtime.h:17,
                 from score/mw/com/impl/i_binding_runtime.cpp:13:
./score/mw/com/impl/com_error.h: In member function 'virtual std::string_view score::mw::com::impl::ComErrorDomain::MessageFor(const score::result::ErrorCode&) const':
./score/mw/com/impl/com_error.h:186:65: warning: 'score::mw::com::impl::ComErrc::kServiceInstanceAlreadyOffered' is deprecated: Value has never been used. Calls to OfferService shall be idempotent. [-Wdeprecated-declarations]
  186 |             case static_cast<score::result::ErrorCode>(ComErrc::kServiceInstanceAlreadyOffered):
      |                                                                 ^~~~~~~~~~~~~~~~~~~~~~~~~~~~~~
./score/mw/com/impl/com_error.h:57:5: note: declared here
   57 |     kServiceInstanceAlreadyOffered
      |     ^~~~~~~~~~~~~~~~~~~~~~~~~~~~~~
[1,000 / 1,392] 3 / 6 tests; Compiling score/mw/com/impl/bindings/someip/service_discovery_client.cpp; 4s linux-sandbox ... (4 actions running)
INFO: From Compiling score/mw/com/impl/bindings/someip/service_discovery_client.cpp:
In file included from ./score/mw/com/impl/instance_identifier.h:16,
                 from ./score/mw/com/impl/handle_type.h:18,
                 from ./score/mw/com/impl/bindings/someip/service_discovery_client.h:17,
                 from score/mw/com/impl/bindings/someip/service_discovery_client.cpp:13:
./score/mw/com/impl/com_error.h: In member function 'virtual std::string_view score::mw::com::impl::ComErrorDomain::MessageFor(const score::result::ErrorCode&) const':
./score/mw/com/impl/com_error.h:186:65: warning: 'score::mw::com::impl::ComErrc::kServiceInstanceAlreadyOffered' is deprecated: Value has never been used. Calls to OfferService shall be idempotent. [-Wdeprecated-declarations]
  186 |             case static_cast<score::result::ErrorCode>(ComErrc::kServiceInstanceAlreadyOffered):
      |                                                                 ^~~~~~~~~~~~~~~~~~~~~~~~~~~~~~
./score/mw/com/impl/com_error.h:57:5: note: declared here
   57 |     kServiceInstanceAlreadyOffered
      |     ^~~~~~~~~~~~~~~~~~~~~~~~~~~~~~
[1,005 / 1,392] 3 / 6 tests; Compiling score/mw/com/impl/proxy_event.cpp; 4s linux-sandbox ... (4 actions running)
INFO: From Compiling score/mw/com/impl/bindings/lola/service_discovery/lola_service_instance_identifier.cpp:
In file included from ./score/mw/com/impl/instance_identifier.h:16,
                 from ./score/mw/com/impl/handle_type.h:18,
                 from ./score/mw/com/impl/enriched_instance_identifier.h:17,
                 from ./score/mw/com/impl/bindings/lola/service_discovery/lola_service_instance_identifier.h:18,
                 from score/mw/com/impl/bindings/lola/service_discovery/lola_service_instance_identifier.cpp:13:
./score/mw/com/impl/com_error.h: In member function 'virtual std::string_view score::mw::com::impl::ComErrorDomain::MessageFor(const score::result::ErrorCode&) const':
./score/mw/com/impl/com_error.h:186:65: warning: 'score::mw::com::impl::ComErrc::kServiceInstanceAlreadyOffered' is deprecated: Value has never been used. Calls to OfferService shall be idempotent. [-Wdeprecated-declarations]
  186 |             case static_cast<score::result::ErrorCode>(ComErrc::kServiceInstanceAlreadyOffered):
      |                                                                 ^~~~~~~~~~~~~~~~~~~~~~~~~~~~~~
./score/mw/com/impl/com_error.h:57:5: note: declared here
   57 |     kServiceInstanceAlreadyOffered
      |     ^~~~~~~~~~~~~~~~~~~~~~~~~~~~~~
[1,007 / 1,392] 3 / 6 tests; Compiling score/mw/com/impl/proxy_event.cpp; 5s linux-sandbox ... (4 actions running)
INFO: From Compiling score/mw/com/impl/proxy_event.cpp:
In file included from ./score/mw/com/impl/instance_identifier.h:16,
                 from ./score/mw/com/impl/proxy_event.h:16,
                 from score/mw/com/impl/proxy_event.cpp:13:
./score/mw/com/impl/com_error.h: In member function 'virtual std::string_view score::mw::com::impl::ComErrorDomain::MessageFor(const score::result::ErrorCode&) const':
./score/mw/com/impl/com_error.h:186:65: warning: 'score::mw::com::impl::ComErrc::kServiceInstanceAlreadyOffered' is deprecated: Value has never been used. Calls to OfferService shall be idempotent. [-Wdeprecated-declarations]
  186 |             case static_cast<score::result::ErrorCode>(ComErrc::kServiceInstanceAlreadyOffered):
      |                                                                 ^~~~~~~~~~~~~~~~~~~~~~~~~~~~~~
./score/mw/com/impl/com_error.h:57:5: note: declared here
   57 |     kServiceInstanceAlreadyOffered
      |     ^~~~~~~~~~~~~~~~~~~~~~~~~~~~~~
INFO: From Compiling score/mw/com/impl/bindings/lola/service_discovery/known_instances_container.cpp:
In file included from ./score/mw/com/impl/instance_identifier.h:16,
                 from ./score/mw/com/impl/handle_type.h:18,
                 from ./score/mw/com/impl/enriched_instance_identifier.h:17,
                 from ./score/mw/com/impl/bindings/lola/service_discovery/known_instances_container.h:16,
                 from score/mw/com/impl/bindings/lola/service_discovery/known_instances_container.cpp:13:
./score/mw/com/impl/com_error.h: In member function 'virtual std::string_view score::mw::com::impl::ComErrorDomain::MessageFor(const score::result::ErrorCode&) const':
./score/mw/com/impl/com_error.h:186:65: warning: 'score::mw::com::impl::ComErrc::kServiceInstanceAlreadyOffered' is deprecated: Value has never been used. Calls to OfferService shall be idempotent. [-Wdeprecated-declarations]
  186 |             case static_cast<score::result::ErrorCode>(ComErrc::kServiceInstanceAlreadyOffered):
      |                                                                 ^~~~~~~~~~~~~~~~~~~~~~~~~~~~~~
./score/mw/com/impl/com_error.h:57:5: note: declared here
   57 |     kServiceInstanceAlreadyOffered
      |     ^~~~~~~~~~~~~~~~~~~~~~~~~~~~~~
INFO: From Compiling score/mw/com/impl/bindings/lola/service_discovery/flag_file.cpp:
In file included from ./score/mw/com/impl/instance_identifier.h:16,
                 from ./score/mw/com/impl/handle_type.h:18,
                 from ./score/mw/com/impl/enriched_instance_identifier.h:17,
                 from ./score/mw/com/impl/bindings/lola/service_discovery/flag_file.h:16,
                 from score/mw/com/impl/bindings/lola/service_discovery/flag_file.cpp:13:
./score/mw/com/impl/com_error.h: In member function 'virtual std::string_view score::mw::com::impl::ComErrorDomain::MessageFor(const score::result::ErrorCode&) const':
./score/mw/com/impl/com_error.h:186:65: warning: 'score::mw::com::impl::ComErrc::kServiceInstanceAlreadyOffered' is deprecated: Value has never been used. Calls to OfferService shall be idempotent. [-Wdeprecated-declarations]
  186 |             case static_cast<score::result::ErrorCode>(ComErrc::kServiceInstanceAlreadyOffered):
      |                                                                 ^~~~~~~~~~~~~~~~~~~~~~~~~~~~~~
./score/mw/com/impl/com_error.h:57:5: note: declared here
   57 |     kServiceInstanceAlreadyOffered
      |     ^~~~~~~~~~~~~~~~~~~~~~~~~~~~~~
[1,011 / 1,392] 3 / 6 tests; Compiling score/mw/com/impl/bindings/lola/service_discovery/flag_file_crawler.cpp; 2s linux-sandbox
[1,012 / 1,392] 3 / 6 tests; Compiling score/mw/com/impl/bindings/lola/service_discovery/flag_file_crawler.cpp; 3s linux-sandbox ... (2 actions running)
[1,015 / 1,392] 3 / 6 tests; Compiling score/mw/com/impl/bindings/lola/service_discovery/flag_file_crawler.cpp; 4s linux-sandbox ... (3 actions, 2 running)
[1,031 / 1,392] 3 / 6 tests; Compiling score/mw/com/impl/bindings/lola/service_discovery/flag_file_crawler.cpp; 6s linux-sandbox ... (3 actions running)
[1,032 / 1,392] 3 / 6 tests; Compiling score/mw/com/impl/bindings/lola/service_discovery/flag_file_crawler.cpp; 7s linux-sandbox ... (4 actions running)
INFO: From Compiling score/mw/com/impl/generic_proxy_event.cpp:
In file included from ./score/mw/com/impl/instance_identifier.h:16,
                 from ./score/mw/com/impl/handle_type.h:18,
                 from ./score/mw/com/impl/proxy_base.h:18,
                 from ./score/mw/com/impl/generic_proxy_event.h:18,
                 from score/mw/com/impl/generic_proxy_event.cpp:13:
./score/mw/com/impl/com_error.h: In member function 'virtual std::string_view score::mw::com::impl::ComErrorDomain::MessageFor(const score::result::ErrorCode&) const':
./score/mw/com/impl/com_error.h:186:65: warning: 'score::mw::com::impl::ComErrc::kServiceInstanceAlreadyOffered' is deprecated: Value has never been used. Calls to OfferService shall be idempotent. [-Wdeprecated-declarations]
  186 |             case static_cast<score::result::ErrorCode>(ComErrc::kServiceInstanceAlreadyOffered):
      |                                                                 ^~~~~~~~~~~~~~~~~~~~~~~~~~~~~~
./score/mw/com/impl/com_error.h:57:5: note: declared here
   57 |     kServiceInstanceAlreadyOffered
      |     ^~~~~~~~~~~~~~~~~~~~~~~~~~~~~~
[1,033 / 1,392] 3 / 6 tests; Compiling score/mw/com/impl/bindings/lola/service_discovery/flag_file_crawler.cpp; 9s linux-sandbox ... (3 actions running)
INFO: From Compiling score/mw/com/impl/bindings/lola/service_discovery/flag_file_crawler.cpp:
In file included from ./score/mw/com/impl/instance_identifier.h:16,
                 from ./score/mw/com/impl/handle_type.h:18,
                 from ./score/mw/com/impl/enriched_instance_identifier.h:17,
                 from ./score/mw/com/impl/bindings/lola/service_discovery/known_instances_container.h:16,
                 from ./score/mw/com/impl/bindings/lola/service_discovery/flag_file_crawler.h:16,
                 from score/mw/com/impl/bindings/lola/service_discovery/flag_file_crawler.cpp:13:
./score/mw/com/impl/com_error.h: In member function 'virtual std::string_view score::mw::com::impl::ComErrorDomain::MessageFor(const score::result::ErrorCode&) const':
./score/mw/com/impl/com_error.h:186:65: warning: 'score::mw::com::impl::ComErrc::kServiceInstanceAlreadyOffered' is deprecated: Value has never been used. Calls to OfferService shall be idempotent. [-Wdeprecated-declarations]
  186 |             case static_cast<score::result::ErrorCode>(ComErrc::kServiceInstanceAlreadyOffered):
      |                                                                 ^~~~~~~~~~~~~~~~~~~~~~~~~~~~~~
./score/mw/com/impl/com_error.h:57:5: note: declared here
   57 |     kServiceInstanceAlreadyOffered
      |     ^~~~~~~~~~~~~~~~~~~~~~~~~~~~~~
[1,036 / 1,392] 3 / 6 tests; Compiling score/mw/com/impl/bindings/lola/service_discovery/client/service_discovery_client.cpp; 6s linux-sandbox ... (4 actions running)
[1,037 / 1,392] 3 / 6 tests; Compiling score/mw/com/impl/bindings/lola/service_discovery/client/service_discovery_client.cpp; 7s linux-sandbox ... (4 actions running)
[1,038 / 1,392] 3 / 6 tests; Compiling score/mw/com/impl/bindings/lola/service_discovery/client/service_discovery_client.cpp; 9s linux-sandbox ... (4 actions, 3 running)
INFO: From Compiling score/mw/com/impl/bindings/lola/service_discovery/client/service_discovery_client.cpp:
In file included from ./score/mw/com/impl/instance_identifier.h:16,
                 from ./score/mw/com/impl/handle_type.h:18,
                 from ./score/mw/com/impl/enriched_instance_identifier.h:17,
                 from ./score/mw/com/impl/i_service_discovery_client.h:16,
                 from ./score/mw/com/impl/bindings/lola/service_discovery/client/service_discovery_client.h:16,
                 from score/mw/com/impl/bindings/lola/service_discovery/client/service_discovery_client.cpp:13:
./score/mw/com/impl/com_error.h: In member function 'virtual std::string_view score::mw::com::impl::ComErrorDomain::MessageFor(const score::result::ErrorCode&) const':
./score/mw/com/impl/com_error.h:186:65: warning: 'score::mw::com::impl::ComErrc::kServiceInstanceAlreadyOffered' is deprecated: Value has never been used. Calls to OfferService shall be idempotent. [-Wdeprecated-declarations]
  186 |             case static_cast<score::result::ErrorCode>(ComErrc::kServiceInstanceAlreadyOffered):
      |                                                                 ^~~~~~~~~~~~~~~~~~~~~~~~~~~~~~
./score/mw/com/impl/com_error.h:57:5: note: declared here
   57 |     kServiceInstanceAlreadyOffered
      |     ^~~~~~~~~~~~~~~~~~~~~~~~~~~~~~
INFO: From Compiling score/mw/com/impl/skeleton_field.cpp:
In file included from ./score/mw/com/impl/instance_identifier.h:16,
                 from ./score/mw/com/impl/plumbing/skeleton_method_binding_factory.h:16,
                 from ./score/mw/com/impl/methods/skeleton_method.h:21,
                 from ./score/mw/com/impl/skeleton_field.h:19,
                 from score/mw/com/impl/skeleton_field.cpp:13:
./score/mw/com/impl/com_error.h: In member function 'virtual std::string_view score::mw::com::impl::ComErrorDomain::MessageFor(const score::result::ErrorCode&) const':
./score/mw/com/impl/com_error.h:186:65: warning: 'score::mw::com::impl::ComErrc::kServiceInstanceAlreadyOffered' is deprecated: Value has never been used. Calls to OfferService shall be idempotent. [-Wdeprecated-declarations]
  186 |             case static_cast<score::result::ErrorCode>(ComErrc::kServiceInstanceAlreadyOffered):
      |                                                                 ^~~~~~~~~~~~~~~~~~~~~~~~~~~~~~
./score/mw/com/impl/com_error.h:57:5: note: declared here
   57 |     kServiceInstanceAlreadyOffered
      |     ^~~~~~~~~~~~~~~~~~~~~~~~~~~~~~
[1,044 / 1,392] 3 / 6 tests; Compiling score/message_passing/unix_domain/unix_domain_client_factory.cpp; 1s linux-sandbox ... (2 actions, 1 running)
[1,047 / 1,392] 3 / 6 tests; Compiling score/mw/com/impl/skeleton_event.cpp; 0s linux-sandbox
[1,048 / 1,392] 3 / 6 tests; [Prepa] Linking score/message_passing/libmessage_passing_unix_domain.a ... (2 actions, 1 running)
[1,048 / 1,392] 3 / 6 tests; Compiling score/mw/com/impl/skeleton_event.cpp; 3s linux-sandbox ... (2 actions running)
INFO: From Compiling score/mw/com/impl/skeleton_event.cpp:
In file included from ./score/mw/com/impl/instance_identifier.h:16,
                 from ./score/mw/com/impl/skeleton_event.h:16,
                 from score/mw/com/impl/skeleton_event.cpp:13:
./score/mw/com/impl/com_error.h: In member function 'virtual std::string_view score::mw::com::impl::ComErrorDomain::MessageFor(const score::result::ErrorCode&) const':
./score/mw/com/impl/com_error.h:186:65: warning: 'score::mw::com::impl::ComErrc::kServiceInstanceAlreadyOffered' is deprecated: Value has never been used. Calls to OfferService shall be idempotent. [-Wdeprecated-declarations]
  186 |             case static_cast<score::result::ErrorCode>(ComErrc::kServiceInstanceAlreadyOffered):
      |                                                                 ^~~~~~~~~~~~~~~~~~~~~~~~~~~~~~
./score/mw/com/impl/com_error.h:57:5: note: declared here
   57 |     kServiceInstanceAlreadyOffered
      |     ^~~~~~~~~~~~~~~~~~~~~~~~~~~~~~
[1,063 / 1,392] 3 / 6 tests; checking cached actions
[1,068 / 1,392] 3 / 6 tests; Compiling score/mw/com/impl/bindings/lola/proxy_instance_identifier.cpp; 1s linux-sandbox ... (4 actions, 3 running)
[1,078 / 1,392] 3 / 6 tests; Compiling score/mw/com/impl/mocking/i_skeleton_field.cpp; 0s linux-sandbox ... (3 actions, 2 running)
[1,086 / 1,392] 3 / 6 tests; Compiling score/mw/com/impl/bindings/lola/messaging/method_subscription_registration_guard.cpp; 1s linux-sandbox
[1,087 / 1,392] 3 / 6 tests; Compiling score/mw/com/impl/bindings/lola/messaging/method_call_registration_guard.cpp; 0s linux-sandbox ... (2 actions running)
[1,090 / 1,392] 3 / 6 tests; Compiling score/mw/com/impl/bindings/lola/messaging/i_message_passing_service_instance.cpp; 1s linux-sandbox ... (4 actions running)
[1,096 / 1,392] 3 / 6 tests; Compiling score/mw/com/impl/plumbing/proxy_field_binding_factory.cpp; 3s linux-sandbox ... (4 actions running)
[1,098 / 1,392] 3 / 6 tests; Compiling score/mw/com/impl/plumbing/proxy_field_binding_factory.cpp; 5s linux-sandbox ... (4 actions, 3 running)
INFO: From Compiling score/mw/com/impl/plumbing/proxy_field_binding_factory.cpp:
In file included from ./score/mw/com/impl/instance_identifier.h:16,
                 from ./score/mw/com/impl/handle_type.h:18,
                 from ./score/mw/com/impl/plumbing/i_proxy_field_binding_factory.h:16,
                 from ./score/mw/com/impl/plumbing/proxy_field_binding_factory.h:16,
                 from score/mw/com/impl/plumbing/proxy_field_binding_factory.cpp:13:
./score/mw/com/impl/com_error.h: In member function 'virtual std::string_view score::mw::com::impl::ComErrorDomain::MessageFor(const score::result::ErrorCode&) const':
./score/mw/com/impl/com_error.h:186:65: warning: 'score::mw::com::impl::ComErrc::kServiceInstanceAlreadyOffered' is deprecated: Value has never been used. Calls to OfferService shall be idempotent. [-Wdeprecated-declarations]
  186 |             case static_cast<score::result::ErrorCode>(ComErrc::kServiceInstanceAlreadyOffered):
      |                                                                 ^~~~~~~~~~~~~~~~~~~~~~~~~~~~~~
./score/mw/com/impl/com_error.h:57:5: note: declared here
   57 |     kServiceInstanceAlreadyOffered
      |     ^~~~~~~~~~~~~~~~~~~~~~~~~~~~~~
[1,104 / 1,392] 3 / 6 tests; Compiling score/mw/com/impl/bindings/lola/messaging/message_passing_service_instance.cpp; 6s linux-sandbox ... (4 actions, 3 running)
[1,106 / 1,392] 3 / 6 tests; Compiling score/mw/com/impl/bindings/lola/messaging/message_passing_service_instance.cpp; 7s linux-sandbox ... (4 actions running)
INFO: From Compiling score/mw/com/impl/bindings/lola/messaging/message_passing_service_instance.cpp:
In file included from score/mw/com/impl/bindings/lola/messaging/message_passing_service_instance.cpp:21:
./score/mw/com/impl/com_error.h: In member function 'virtual std::string_view score::mw::com::impl::ComErrorDomain::MessageFor(const score::result::ErrorCode&) const':
./score/mw/com/impl/com_error.h:186:65: warning: 'score::mw::com::impl::ComErrc::kServiceInstanceAlreadyOffered' is deprecated: Value has never been used. Calls to OfferService shall be idempotent. [-Wdeprecated-declarations]
  186 |             case static_cast<score::result::ErrorCode>(ComErrc::kServiceInstanceAlreadyOffered):
      |                                                                 ^~~~~~~~~~~~~~~~~~~~~~~~~~~~~~
./score/mw/com/impl/com_error.h:57:5: note: declared here
   57 |     kServiceInstanceAlreadyOffered
      |     ^~~~~~~~~~~~~~~~~~~~~~~~~~~~~~
INFO: From Compiling score/mw/com/impl/plumbing/proxy_field_binding_factory_impl.cpp:
In file included from ./score/mw/com/impl/instance_identifier.h:16,
                 from ./score/mw/com/impl/handle_type.h:18,
                 from ./score/mw/com/impl/enriched_instance_identifier.h:17,
                 from ./score/mw/com/impl/i_service_discovery_client.h:16,
                 from ./score/mw/com/impl/i_binding_runtime.h:17,
                 from ./score/mw/com/impl/bindings/lola/i_runtime.h:20,
                 from ./score/mw/com/impl/bindings/lola/proxy_method.h:17,
                 from ./score/mw/com/impl/bindings/lola/proxy.h:24,
                 from ./score/mw/com/impl/bindings/lola/proxy_event.h:18,
                 from ./score/mw/com/impl/plumbing/proxy_field_binding_factory_impl.h:17,
                 from score/mw/com/impl/plumbing/proxy_field_binding_factory_impl.cpp:13:
./score/mw/com/impl/com_error.h: In member function 'virtual std::string_view score::mw::com::impl::ComErrorDomain::MessageFor(const score::result::ErrorCode&) const':
./score/mw/com/impl/com_error.h:186:65: warning: 'score::mw::com::impl::ComErrc::kServiceInstanceAlreadyOffered' is deprecated: Value has never been used. Calls to OfferService shall be idempotent. [-Wdeprecated-declarations]
  186 |             case static_cast<score::result::ErrorCode>(ComErrc::kServiceInstanceAlreadyOffered):
      |                                                                 ^~~~~~~~~~~~~~~~~~~~~~~~~~~~~~
./score/mw/com/impl/com_error.h:57:5: note: declared here
   57 |     kServiceInstanceAlreadyOffered
      |     ^~~~~~~~~~~~~~~~~~~~~~~~~~~~~~
[1,108 / 1,392] 3 / 6 tests; Compiling score/mw/com/impl/bindings/lola/i_runtime.cpp; 2s linux-sandbox ... (2 actions running)
INFO: From Compiling score/mw/com/impl/bindings/lola/i_runtime.cpp:
In file included from ./score/mw/com/impl/instance_identifier.h:16,
                 from ./score/mw/com/impl/handle_type.h:18,
                 from ./score/mw/com/impl/enriched_instance_identifier.h:17,
                 from ./score/mw/com/impl/i_service_discovery_client.h:16,
                 from ./score/mw/com/impl/i_binding_runtime.h:17,
                 from ./score/mw/com/impl/bindings/lola/i_runtime.h:20,
                 from score/mw/com/impl/bindings/lola/i_runtime.cpp:13:
./score/mw/com/impl/com_error.h: In member function 'virtual std::string_view score::mw::com::impl::ComErrorDomain::MessageFor(const score::result::ErrorCode&) const':
./score/mw/com/impl/com_error.h:186:65: warning: 'score::mw::com::impl::ComErrc::kServiceInstanceAlreadyOffered' is deprecated: Value has never been used. Calls to OfferService shall be idempotent. [-Wdeprecated-declarations]
  186 |             case static_cast<score::result::ErrorCode>(ComErrc::kServiceInstanceAlreadyOffered):
      |                                                                 ^~~~~~~~~~~~~~~~~~~~~~~~~~~~~~
./score/mw/com/impl/com_error.h:57:5: note: declared here
   57 |     kServiceInstanceAlreadyOffered
      |     ^~~~~~~~~~~~~~~~~~~~~~~~~~~~~~
[1,114 / 1,392] 3 / 6 tests; Compiling score/mw/com/impl/bindings/lola/runtime.cpp; 2s linux-sandbox ... (2 actions, 1 running)
INFO: From Compiling score/mw/com/impl/bindings/lola/runtime.cpp:
In file included from ./score/mw/com/impl/instance_identifier.h:16,
                 from ./score/mw/com/impl/handle_type.h:18,
                 from ./score/mw/com/impl/enriched_instance_identifier.h:17,
                 from ./score/mw/com/impl/i_service_discovery_client.h:16,
                 from ./score/mw/com/impl/i_binding_runtime.h:17,
                 from ./score/mw/com/impl/bindings/lola/i_runtime.h:20,
                 from ./score/mw/com/impl/bindings/lola/runtime.h:16,
                 from score/mw/com/impl/bindings/lola/runtime.cpp:13:
./score/mw/com/impl/com_error.h: In member function 'virtual std::string_view score::mw::com::impl::ComErrorDomain::MessageFor(const score::result::ErrorCode&) const':
./score/mw/com/impl/com_error.h:186:65: warning: 'score::mw::com::impl::ComErrc::kServiceInstanceAlreadyOffered' is deprecated: Value has never been used. Calls to OfferService shall be idempotent. [-Wdeprecated-declarations]
  186 |             case static_cast<score::result::ErrorCode>(ComErrc::kServiceInstanceAlreadyOffered):
      |                                                                 ^~~~~~~~~~~~~~~~~~~~~~~~~~~~~~
./score/mw/com/impl/com_error.h:57:5: note: declared here
   57 |     kServiceInstanceAlreadyOffered
      |     ^~~~~~~~~~~~~~~~~~~~~~~~~~~~~~
[1,121 / 1,392] 3 / 6 tests; Compiling score/mw/com/impl/plumbing/binding_runtime_factory.cpp; 1s linux-sandbox ... (4 actions, 3 running)
INFO: From Compiling score/mw/com/impl/plumbing/i_proxy_field_binding_factory.cpp:
In file included from ./score/mw/com/impl/instance_identifier.h:16,
                 from ./score/mw/com/impl/handle_type.h:18,
                 from ./score/mw/com/impl/plumbing/i_proxy_field_binding_factory.h:16,
                 from score/mw/com/impl/plumbing/i_proxy_field_binding_factory.cpp:13:
./score/mw/com/impl/com_error.h: In member function 'virtual std::string_view score::mw::com::impl::ComErrorDomain::MessageFor(const score::result::ErrorCode&) const':
./score/mw/com/impl/com_error.h:186:65: warning: 'score::mw::com::impl::ComErrc::kServiceInstanceAlreadyOffered' is deprecated: Value has never been used. Calls to OfferService shall be idempotent. [-Wdeprecated-declarations]
  186 |             case static_cast<score::result::ErrorCode>(ComErrc::kServiceInstanceAlreadyOffered):
      |                                                                 ^~~~~~~~~~~~~~~~~~~~~~~~~~~~~~
./score/mw/com/impl/com_error.h:57:5: note: declared here
   57 |     kServiceInstanceAlreadyOffered
      |     ^~~~~~~~~~~~~~~~~~~~~~~~~~~~~~
[1,126 / 1,392] 3 / 6 tests; Compiling score/mw/com/impl/plumbing/binding_runtime_factory.cpp; 2s linux-sandbox ... (4 actions, 3 running)
INFO: From Compiling score/mw/com/impl/plumbing/binding_runtime_factory.cpp:
In file included from ./score/mw/com/impl/configuration/service_instance_deployment.h:17,
                 from ./score/mw/com/impl/configuration/configuration.h:18,
                 from ./score/mw/com/impl/plumbing/binding_runtime_factory.h:16,
                 from score/mw/com/impl/plumbing/binding_runtime_factory.cpp:13:
./score/mw/com/impl/com_error.h: In member function 'virtual std::string_view score::mw::com::impl::ComErrorDomain::MessageFor(const score::result::ErrorCode&) const':
./score/mw/com/impl/com_error.h:186:65: warning: 'score::mw::com::impl::ComErrc::kServiceInstanceAlreadyOffered' is deprecated: Value has never been used. Calls to OfferService shall be idempotent. [-Wdeprecated-declarations]
  186 |             case static_cast<score::result::ErrorCode>(ComErrc::kServiceInstanceAlreadyOffered):
      |                                                                 ^~~~~~~~~~~~~~~~~~~~~~~~~~~~~~
./score/mw/com/impl/com_error.h:57:5: note: declared here
   57 |     kServiceInstanceAlreadyOffered
      |     ^~~~~~~~~~~~~~~~~~~~~~~~~~~~~~
INFO: From Compiling score/mw/com/impl/service_discovery.cpp:
In file included from ./score/mw/com/impl/instance_identifier.h:16,
                 from ./score/mw/com/impl/handle_type.h:18,
                 from ./score/mw/com/impl/enriched_instance_identifier.h:17,
                 from ./score/mw/com/impl/service_discovery.h:16,
                 from score/mw/com/impl/service_discovery.cpp:13:
./score/mw/com/impl/com_error.h: In member function 'virtual std::string_view score::mw::com::impl::ComErrorDomain::MessageFor(const score::result::ErrorCode&) const':
./score/mw/com/impl/com_error.h:186:65: warning: 'score::mw::com::impl::ComErrc::kServiceInstanceAlreadyOffered' is deprecated: Value has never been used. Calls to OfferService shall be idempotent. [-Wdeprecated-declarations]
  186 |             case static_cast<score::result::ErrorCode>(ComErrc::kServiceInstanceAlreadyOffered):
      |                                                                 ^~~~~~~~~~~~~~~~~~~~~~~~~~~~~~
./score/mw/com/impl/com_error.h:57:5: note: declared here
   57 |     kServiceInstanceAlreadyOffered
      |     ^~~~~~~~~~~~~~~~~~~~~~~~~~~~~~
[1,133 / 1,392] 3 / 6 tests; Compiling score/mw/com/impl/runtime.cpp; 2s linux-sandbox ... (4 actions running)
INFO: From Compiling score/mw/com/impl/runtime.cpp:
In file included from ./score/mw/com/impl/configuration/service_instance_deployment.h:17,
                 from ./score/mw/com/impl/configuration/configuration.h:18,
                 from ./score/mw/com/impl/runtime.h:18,
                 from score/mw/com/impl/runtime.cpp:13:
./score/mw/com/impl/com_error.h: In member function 'virtual std::string_view score::mw::com::impl::ComErrorDomain::MessageFor(const score::result::ErrorCode&) const':
./score/mw/com/impl/com_error.h:186:65: warning: 'score::mw::com::impl::ComErrc::kServiceInstanceAlreadyOffered' is deprecated: Value has never been used. Calls to OfferService shall be idempotent. [-Wdeprecated-declarations]
  186 |             case static_cast<score::result::ErrorCode>(ComErrc::kServiceInstanceAlreadyOffered):
      |                                                                 ^~~~~~~~~~~~~~~~~~~~~~~~~~~~~~
./score/mw/com/impl/com_error.h:57:5: note: declared here
   57 |     kServiceInstanceAlreadyOffered
      |     ^~~~~~~~~~~~~~~~~~~~~~~~~~~~~~
[1,134 / 1,392] 3 / 6 tests; Compiling score/mw/com/impl/plumbing/skeleton_field_binding_factory.cpp; 2s linux-sandbox ... (4 actions, 3 running)
INFO: From Compiling score/mw/com/impl/plumbing/skeleton_field_binding_factory.cpp:
In file included from ./score/mw/com/impl/instance_identifier.h:16,
                 from ./score/mw/com/impl/handle_type.h:18,
                 from ./score/mw/com/impl/enriched_instance_identifier.h:17,
                 from ./score/mw/com/impl/i_service_discovery_client.h:16,
                 from ./score/mw/com/impl/i_binding_runtime.h:17,
                 from ./score/mw/com/impl/bindings/lola/i_runtime.h:20,
                 from ./score/mw/com/impl/bindings/lola/service_data_storage.h:20,
                 from ./score/mw/com/impl/bindings/lola/skeleton_memory_manager.h:20,
                 from ./score/mw/com/impl/bindings/lola/skeleton.h:32,
                 from ./score/mw/com/impl/bindings/lola/skeleton_event.h:21,
                 from ./score/mw/com/impl/plumbing/skeleton_field_binding_factory.h:17,
                 from score/mw/com/impl/plumbing/skeleton_field_binding_factory.cpp:13:
./score/mw/com/impl/com_error.h: In member function 'virtual std::string_view score::mw::com::impl::ComErrorDomain::MessageFor(const score::result::ErrorCode&) const':
./score/mw/com/impl/com_error.h:186:65: warning: 'score::mw::com::impl::ComErrc::kServiceInstanceAlreadyOffered' is deprecated: Value has never been used. Calls to OfferService shall be idempotent. [-Wdeprecated-declarations]
  186 |             case static_cast<score::result::ErrorCode>(ComErrc::kServiceInstanceAlreadyOffered):
      |                                                                 ^~~~~~~~~~~~~~~~~~~~~~~~~~~~~~
./score/mw/com/impl/com_error.h:57:5: note: declared here
   57 |     kServiceInstanceAlreadyOffered
      |     ^~~~~~~~~~~~~~~~~~~~~~~~~~~~~~
INFO: From Compiling score/mw/com/impl/tracing/common_event_tracing.cpp:
In file included from ./score/mw/com/impl/instance_identifier.h:16,
                 from ./score/mw/com/impl/tracing/common_event_tracing.h:16,
                 from score/mw/com/impl/tracing/common_event_tracing.cpp:13:
./score/mw/com/impl/com_error.h: In member function 'virtual std::string_view score::mw::com::impl::ComErrorDomain::MessageFor(const score::result::ErrorCode&) const':
./score/mw/com/impl/com_error.h:186:65: warning: 'score::mw::com::impl::ComErrc::kServiceInstanceAlreadyOffered' is deprecated: Value has never been used. Calls to OfferService shall be idempotent. [-Wdeprecated-declarations]
  186 |             case static_cast<score::result::ErrorCode>(ComErrc::kServiceInstanceAlreadyOffered):
      |                                                                 ^~~~~~~~~~~~~~~~~~~~~~~~~~~~~~
./score/mw/com/impl/com_error.h:57:5: note: declared here
   57 |     kServiceInstanceAlreadyOffered
      |     ^~~~~~~~~~~~~~~~~~~~~~~~~~~~~~
INFO: From Compiling score/mw/com/impl/tracing/skeleton_event_tracing.cpp:
In file included from ./score/mw/com/impl/instance_identifier.h:16,
                 from ./score/mw/com/impl/tracing/skeleton_event_tracing.h:22,
                 from score/mw/com/impl/tracing/skeleton_event_tracing.cpp:13:
./score/mw/com/impl/com_error.h: In member function 'virtual std::string_view score::mw::com::impl::ComErrorDomain::MessageFor(const score::result::ErrorCode&) const':
./score/mw/com/impl/com_error.h:186:65: warning: 'score::mw::com::impl::ComErrc::kServiceInstanceAlreadyOffered' is deprecated: Value has never been used. Calls to OfferService shall be idempotent. [-Wdeprecated-declarations]
  186 |             case static_cast<score::result::ErrorCode>(ComErrc::kServiceInstanceAlreadyOffered):
      |                                                                 ^~~~~~~~~~~~~~~~~~~~~~~~~~~~~~
./score/mw/com/impl/com_error.h:57:5: note: declared here
   57 |     kServiceInstanceAlreadyOffered
      |     ^~~~~~~~~~~~~~~~~~~~~~~~~~~~~~
[1,148 / 1,392] 3 / 6 tests; Compiling score/mw/com/impl/skeleton_event_base.cpp; 1s linux-sandbox ... (4 actions, 3 running)
INFO: From Compiling score/mw/com/impl/skeleton_field_base.cpp:
In file included from ./score/mw/com/impl/skeleton_field_base.h:16,
                 from score/mw/com/impl/skeleton_field_base.cpp:13:
./score/mw/com/impl/com_error.h: In member function 'virtual std::string_view score::mw::com::impl::ComErrorDomain::MessageFor(const score::result::ErrorCode&) const':
./score/mw/com/impl/com_error.h:186:65: warning: 'score::mw::com::impl::ComErrc::kServiceInstanceAlreadyOffered' is deprecated: Value has never been used. Calls to OfferService shall be idempotent. [-Wdeprecated-declarations]
  186 |             case static_cast<score::result::ErrorCode>(ComErrc::kServiceInstanceAlreadyOffered):
      |                                                                 ^~~~~~~~~~~~~~~~~~~~~~~~~~~~~~
./score/mw/com/impl/com_error.h:57:5: note: declared here
   57 |     kServiceInstanceAlreadyOffered
      |     ^~~~~~~~~~~~~~~~~~~~~~~~~~~~~~
[1,157 / 1,392] 3 / 6 tests; Compiling score/mw/com/impl/plumbing/skeleton_field_binding_factory_impl.cpp; 1s linux-sandbox ... (4 actions, 3 running)
[1,162 / 1,392] 3 / 6 tests; Compiling score/mw/com/impl/plumbing/skeleton_field_binding_factory_impl.cpp; 3s linux-sandbox ... (4 actions running)
INFO: From Compiling score/mw/com/impl/plumbing/skeleton_field_binding_factory_impl.cpp:
In file included from ./score/mw/com/impl/instance_identifier.h:16,
                 from ./score/mw/com/impl/handle_type.h:18,
                 from ./score/mw/com/impl/enriched_instance_identifier.h:17,
                 from ./score/mw/com/impl/i_service_discovery_client.h:16,
                 from ./score/mw/com/impl/i_binding_runtime.h:17,
                 from ./score/mw/com/impl/bindings/lola/i_runtime.h:20,
                 from ./score/mw/com/impl/bindings/lola/service_data_storage.h:20,
                 from ./score/mw/com/impl/bindings/lola/skeleton_memory_manager.h:20,
                 from ./score/mw/com/impl/bindings/lola/skeleton.h:32,
                 from ./score/mw/com/impl/bindings/lola/skeleton_event.h:21,
                 from ./score/mw/com/impl/plumbing/skeleton_field_binding_factory_impl.h:16,
                 from score/mw/com/impl/plumbing/skeleton_field_binding_factory_impl.cpp:13:
./score/mw/com/impl/com_error.h: In member function 'virtual std::string_view score::mw::com::impl::ComErrorDomain::MessageFor(const score::result::ErrorCode&) const':
./score/mw/com/impl/com_error.h:186:65: warning: 'score::mw::com::impl::ComErrc::kServiceInstanceAlreadyOffered' is deprecated: Value has never been used. Calls to OfferService shall be idempotent. [-Wdeprecated-declarations]
  186 |             case static_cast<score::result::ErrorCode>(ComErrc::kServiceInstanceAlreadyOffered):
      |                                                                 ^~~~~~~~~~~~~~~~~~~~~~~~~~~~~~
./score/mw/com/impl/com_error.h:57:5: note: declared here
   57 |     kServiceInstanceAlreadyOffered
      |     ^~~~~~~~~~~~~~~~~~~~~~~~~~~~~~
INFO: From Compiling score/mw/com/impl/bindings/someip/skeleton.cpp:
In file included from ./score/mw/com/impl/instance_identifier.h:16,
                 from ./score/mw/com/impl/bindings/someip/skeleton.h:21,
                 from score/mw/com/impl/bindings/someip/skeleton.cpp:13:
./score/mw/com/impl/com_error.h: In member function 'virtual std::string_view score::mw::com::impl::ComErrorDomain::MessageFor(const score::result::ErrorCode&) const':
./score/mw/com/impl/com_error.h:186:65: warning: 'score::mw::com::impl::ComErrc::kServiceInstanceAlreadyOffered' is deprecated: Value has never been used. Calls to OfferService shall be idempotent. [-Wdeprecated-declarations]
  186 |             case static_cast<score::result::ErrorCode>(ComErrc::kServiceInstanceAlreadyOffered):
      |                                                                 ^~~~~~~~~~~~~~~~~~~~~~~~~~~~~~
./score/mw/com/impl/com_error.h:57:5: note: declared here
   57 |     kServiceInstanceAlreadyOffered
      |     ^~~~~~~~~~~~~~~~~~~~~~~~~~~~~~
INFO: From Compiling score/mw/com/impl/tracing/skeleton_tracing.cpp:
In file included from ./score/mw/com/impl/instance_identifier.h:16,
                 from ./score/mw/com/impl/tracing/skeleton_tracing.h:21,
                 from score/mw/com/impl/tracing/skeleton_tracing.cpp:17:
./score/mw/com/impl/com_error.h: In member function 'virtual std::string_view score::mw::com::impl::ComErrorDomain::MessageFor(const score::result::ErrorCode&) const':
./score/mw/com/impl/com_error.h:186:65: warning: 'score::mw::com::impl::ComErrc::kServiceInstanceAlreadyOffered' is deprecated: Value has never been used. Calls to OfferService shall be idempotent. [-Wdeprecated-declarations]
  186 |             case static_cast<score::result::ErrorCode>(ComErrc::kServiceInstanceAlreadyOffered):
      |                                                                 ^~~~~~~~~~~~~~~~~~~~~~~~~~~~~~
./score/mw/com/impl/com_error.h:57:5: note: declared here
   57 |     kServiceInstanceAlreadyOffered
      |     ^~~~~~~~~~~~~~~~~~~~~~~~~~~~~~
[1,173 / 1,392] 3 / 6 tests; Compiling score/mw/com/impl/bindings/someip/skeleton_event.cpp; 2s linux-sandbox ... (4 actions running)
INFO: From Compiling score/mw/com/impl/bindings/someip/skeleton_event.cpp:
In file included from ./score/mw/com/impl/instance_identifier.h:16,
                 from ./score/mw/com/impl/bindings/someip/skeleton.h:21,
                 from ./score/mw/com/impl/bindings/someip/skeleton_event.h:19,
                 from score/mw/com/impl/bindings/someip/skeleton_event.cpp:13:
./score/mw/com/impl/com_error.h: In member function 'virtual std::string_view score::mw::com::impl::ComErrorDomain::MessageFor(const score::result::ErrorCode&) const':
./score/mw/com/impl/com_error.h:186:65: warning: 'score::mw::com::impl::ComErrc::kServiceInstanceAlreadyOffered' is deprecated: Value has never been used. Calls to OfferService shall be idempotent. [-Wdeprecated-declarations]
  186 |             case static_cast<score::result::ErrorCode>(ComErrc::kServiceInstanceAlreadyOffered):
      |                                                                 ^~~~~~~~~~~~~~~~~~~~~~~~~~~~~~
./score/mw/com/impl/com_error.h:57:5: note: declared here
   57 |     kServiceInstanceAlreadyOffered
      |     ^~~~~~~~~~~~~~~~~~~~~~~~~~~~~~
[1,174 / 1,392] 3 / 6 tests; Compiling score/mw/com/impl/plumbing/i_skeleton_field_binding_factory.cpp; 7s linux-sandbox ... (4 actions, 3 running)
INFO: From Compiling score/mw/com/impl/plumbing/i_skeleton_field_binding_factory.cpp:
In file included from ./score/mw/com/impl/instance_identifier.h:16,
                 from ./score/mw/com/impl/plumbing/i_skeleton_field_binding_factory.h:17,
                 from score/mw/com/impl/plumbing/i_skeleton_field_binding_factory.cpp:13:
./score/mw/com/impl/com_error.h: In member function 'virtual std::string_view score::mw::com::impl::ComErrorDomain::MessageFor(const score::result::ErrorCode&) const':
./score/mw/com/impl/com_error.h:186:65: warning: 'score::mw::com::impl::ComErrc::kServiceInstanceAlreadyOffered' is deprecated: Value has never been used. Calls to OfferService shall be idempotent. [-Wdeprecated-declarations]
  186 |             case static_cast<score::result::ErrorCode>(ComErrc::kServiceInstanceAlreadyOffered):
      |                                                                 ^~~~~~~~~~~~~~~~~~~~~~~~~~~~~~
./score/mw/com/impl/com_error.h:57:5: note: declared here
   57 |     kServiceInstanceAlreadyOffered
      |     ^~~~~~~~~~~~~~~~~~~~~~~~~~~~~~
[1,189 / 1,392] 3 / 6 tests; [Scann] Compiling score/mw/com/impl/plumbing/proxy_event_binding_factory.cpp
[1,202 / 1,392] 3 / 6 tests; Compiling score/mw/com/impl/plumbing/proxy_event_binding_factory.cpp; 1s linux-sandbox
[1,210 / 1,392] 3 / 6 tests; Compiling score/mw/com/impl/plumbing/proxy_event_binding_factory.cpp; 3s linux-sandbox ... (2 actions, 1 running)
[1,220 / 1,392] 3 / 6 tests; Compiling score/mw/com/impl/plumbing/proxy_event_binding_factory.cpp; 4s linux-sandbox ... (2 actions, 1 running)
INFO: From Compiling score/mw/com/impl/plumbing/proxy_event_binding_factory.cpp:
In file included from ./score/mw/com/impl/instance_identifier.h:16,
                 from ./score/mw/com/impl/handle_type.h:18,
                 from ./score/mw/com/impl/plumbing/proxy_event_binding_factory.h:17,
                 from score/mw/com/impl/plumbing/proxy_event_binding_factory.cpp:13:
./score/mw/com/impl/com_error.h: In member function 'virtual std::string_view score::mw::com::impl::ComErrorDomain::MessageFor(const score::result::ErrorCode&) const':
./score/mw/com/impl/com_error.h:186:65: warning: 'score::mw::com::impl::ComErrc::kServiceInstanceAlreadyOffered' is deprecated: Value has never been used. Calls to OfferService shall be idempotent. [-Wdeprecated-declarations]
  186 |             case static_cast<score::result::ErrorCode>(ComErrc::kServiceInstanceAlreadyOffered):
      |                                                                 ^~~~~~~~~~~~~~~~~~~~~~~~~~~~~~
./score/mw/com/impl/com_error.h:57:5: note: declared here
   57 |     kServiceInstanceAlreadyOffered
      |     ^~~~~~~~~~~~~~~~~~~~~~~~~~~~~~
[1,240 / 1,392] 3 / 6 tests; Compiling score/mw/com/impl/bindings/lola/methods/method_resource_map.cpp; 0s linux-sandbox ... (3 actions running)
[1,247 / 1,392] 3 / 6 tests; Compiling score/mw/com/impl/plumbing/proxy_event_binding_factory_impl.cpp; 1s linux-sandbox ... (2 actions running)
INFO: From Compiling score/mw/com/impl/plumbing/proxy_event_binding_factory_impl.cpp:
In file included from ./score/mw/com/impl/instance_identifier.h:16,
                 from ./score/mw/com/impl/handle_type.h:18,
                 from ./score/mw/com/impl/enriched_instance_identifier.h:17,
                 from ./score/mw/com/impl/i_service_discovery_client.h:16,
                 from ./score/mw/com/impl/i_binding_runtime.h:17,
                 from ./score/mw/com/impl/bindings/lola/i_runtime.h:20,
                 from ./score/mw/com/impl/bindings/lola/proxy_method.h:17,
                 from ./score/mw/com/impl/bindings/lola/proxy.h:24,
                 from ./score/mw/com/impl/plumbing/proxy_event_binding_factory_impl.h:16,
                 from score/mw/com/impl/plumbing/proxy_event_binding_factory_impl.cpp:13:
./score/mw/com/impl/com_error.h: In member function 'virtual std::string_view score::mw::com::impl::ComErrorDomain::MessageFor(const score::result::ErrorCode&) const':
./score/mw/com/impl/com_error.h:186:65: warning: 'score::mw::com::impl::ComErrc::kServiceInstanceAlreadyOffered' is deprecated: Value has never been used. Calls to OfferService shall be idempotent. [-Wdeprecated-declarations]
  186 |             case static_cast<score::result::ErrorCode>(ComErrc::kServiceInstanceAlreadyOffered):
      |                                                                 ^~~~~~~~~~~~~~~~~~~~~~~~~~~~~~
./score/mw/com/impl/com_error.h:57:5: note: declared here
   57 |     kServiceInstanceAlreadyOffered
      |     ^~~~~~~~~~~~~~~~~~~~~~~~~~~~~~
INFO: From Compiling score/mw/com/impl/bindings/lola/type_erased_sample_ptrs_guard.cpp:
In file included from ./score/mw/com/impl/configuration/service_instance_deployment.h:17,
                 from ./score/mw/com/impl/configuration/configuration.h:18,
                 from ./score/mw/com/impl/runtime.h:18,
                 from score/mw/com/impl/bindings/lola/type_erased_sample_ptrs_guard.cpp:16:
./score/mw/com/impl/com_error.h: In member function 'virtual std::string_view score::mw::com::impl::ComErrorDomain::MessageFor(const score::result::ErrorCode&) const':
./score/mw/com/impl/com_error.h:186:65: warning: 'score::mw::com::impl::ComErrc::kServiceInstanceAlreadyOffered' is deprecated: Value has never been used. Calls to OfferService shall be idempotent. [-Wdeprecated-declarations]
  186 |             case static_cast<score::result::ErrorCode>(ComErrc::kServiceInstanceAlreadyOffered):
      |                                                                 ^~~~~~~~~~~~~~~~~~~~~~~~~~~~~~
./score/mw/com/impl/com_error.h:57:5: note: declared here
   57 |     kServiceInstanceAlreadyOffered
      |     ^~~~~~~~~~~~~~~~~~~~~~~~~~~~~~
[1,260 / 1,392] 3 / 6 tests; Compiling score/mw/com/impl/bindings/lola/service_data_storage.cpp; 1s linux-sandbox ... (3 actions, 2 running)
INFO: From Compiling score/mw/com/impl/bindings/lola/service_data_storage.cpp:
In file included from ./score/mw/com/impl/instance_identifier.h:16,
                 from ./score/mw/com/impl/handle_type.h:18,
                 from ./score/mw/com/impl/enriched_instance_identifier.h:17,
                 from ./score/mw/com/impl/i_service_discovery_client.h:16,
                 from ./score/mw/com/impl/i_binding_runtime.h:17,
                 from ./score/mw/com/impl/bindings/lola/i_runtime.h:20,
                 from ./score/mw/com/impl/bindings/lola/service_data_storage.h:20,
                 from score/mw/com/impl/bindings/lola/service_data_storage.cpp:13:
./score/mw/com/impl/com_error.h: In member function 'virtual std::string_view score::mw::com::impl::ComErrorDomain::MessageFor(const score::result::ErrorCode&) const':
./score/mw/com/impl/com_error.h:186:65: warning: 'score::mw::com::impl::ComErrc::kServiceInstanceAlreadyOffered' is deprecated: Value has never been used. Calls to OfferService shall be idempotent. [-Wdeprecated-declarations]
  186 |             case static_cast<score::result::ErrorCode>(ComErrc::kServiceInstanceAlreadyOffered):
      |                                                                 ^~~~~~~~~~~~~~~~~~~~~~~~~~~~~~
./score/mw/com/impl/com_error.h:57:5: note: declared here
   57 |     kServiceInstanceAlreadyOffered
      |     ^~~~~~~~~~~~~~~~~~~~~~~~~~~~~~
INFO: From Compiling score/mw/com/impl/plumbing/i_proxy_event_binding_factory.cpp:
In file included from ./score/mw/com/impl/instance_identifier.h:16,
                 from ./score/mw/com/impl/handle_type.h:18,
                 from ./score/mw/com/impl/plumbing/i_proxy_event_binding_factory.h:17,
                 from score/mw/com/impl/plumbing/i_proxy_event_binding_factory.cpp:13:
./score/mw/com/impl/com_error.h: In member function 'virtual std::string_view score::mw::com::impl::ComErrorDomain::MessageFor(const score::result::ErrorCode&) const':
./score/mw/com/impl/com_error.h:186:65: warning: 'score::mw::com::impl::ComErrc::kServiceInstanceAlreadyOffered' is deprecated: Value has never been used. Calls to OfferService shall be idempotent. [-Wdeprecated-declarations]
  186 |             case static_cast<score::result::ErrorCode>(ComErrc::kServiceInstanceAlreadyOffered):
      |                                                                 ^~~~~~~~~~~~~~~~~~~~~~~~~~~~~~
./score/mw/com/impl/com_error.h:57:5: note: declared here
   57 |     kServiceInstanceAlreadyOffered
      |     ^~~~~~~~~~~~~~~~~~~~~~~~~~~~~~
[1,265 / 1,392] 3 / 6 tests; Compiling score/mw/com/impl/bindings/lola/skeleton_method.cpp; 1s linux-sandbox ... (4 actions running)
INFO: From Compiling score/mw/com/impl/bindings/lola/skeleton_method.cpp:
In file included from ./score/mw/com/impl/instance_identifier.h:16,
                 from ./score/mw/com/impl/handle_type.h:18,
                 from ./score/mw/com/impl/enriched_instance_identifier.h:17,
                 from ./score/mw/com/impl/i_service_discovery_client.h:16,
                 from ./score/mw/com/impl/i_binding_runtime.h:17,
                 from ./score/mw/com/impl/bindings/lola/i_runtime.h:20,
                 from score/mw/com/impl/bindings/lola/skeleton_method.cpp:17:
./score/mw/com/impl/com_error.h: In member function 'virtual std::string_view score::mw::com::impl::ComErrorDomain::MessageFor(const score::result::ErrorCode&) const':
./score/mw/com/impl/com_error.h:186:65: warning: 'score::mw::com::impl::ComErrc::kServiceInstanceAlreadyOffered' is deprecated: Value has never been used. Calls to OfferService shall be idempotent. [-Wdeprecated-declarations]
  186 |             case static_cast<score::result::ErrorCode>(ComErrc::kServiceInstanceAlreadyOffered):
      |                                                                 ^~~~~~~~~~~~~~~~~~~~~~~~~~~~~~
./score/mw/com/impl/com_error.h:57:5: note: declared here
   57 |     kServiceInstanceAlreadyOffered
      |     ^~~~~~~~~~~~~~~~~~~~~~~~~~~~~~
[1,266 / 1,392] 3 / 6 tests; Compiling score/mw/com/impl/bindings/lola/skeleton_memory_manager.cpp; 2s linux-sandbox ... (4 actions, 3 running)
INFO: From Compiling score/mw/com/impl/bindings/lola/skeleton_event.cpp:
In file included from ./score/mw/com/impl/instance_identifier.h:16,
                 from ./score/mw/com/impl/handle_type.h:18,
                 from ./score/mw/com/impl/enriched_instance_identifier.h:17,
                 from ./score/mw/com/impl/i_service_discovery_client.h:16,
                 from ./score/mw/com/impl/i_binding_runtime.h:17,
                 from ./score/mw/com/impl/bindings/lola/i_runtime.h:20,
                 from ./score/mw/com/impl/bindings/lola/service_data_storage.h:20,
                 from ./score/mw/com/impl/bindings/lola/skeleton_memory_manager.h:20,
                 from ./score/mw/com/impl/bindings/lola/skeleton.h:32,
                 from ./score/mw/com/impl/bindings/lola/skeleton_event.h:21,
                 from score/mw/com/impl/bindings/lola/skeleton_event.cpp:13:
./score/mw/com/impl/com_error.h: In member function 'virtual std::string_view score::mw::com::impl::ComErrorDomain::MessageFor(const score::result::ErrorCode&) const':
./score/mw/com/impl/com_error.h:186:65: warning: 'score::mw::com::impl::ComErrc::kServiceInstanceAlreadyOffered' is deprecated: Value has never been used. Calls to OfferService shall be idempotent. [-Wdeprecated-declarations]
  186 |             case static_cast<score::result::ErrorCode>(ComErrc::kServiceInstanceAlreadyOffered):
      |                                                                 ^~~~~~~~~~~~~~~~~~~~~~~~~~~~~~
./score/mw/com/impl/com_error.h:57:5: note: declared here
   57 |     kServiceInstanceAlreadyOffered
      |     ^~~~~~~~~~~~~~~~~~~~~~~~~~~~~~
[1,267 / 1,392] 3 / 6 tests; Compiling score/mw/com/impl/bindings/lola/skeleton_memory_manager.cpp; 3s linux-sandbox ... (3 actions running)
INFO: From Compiling score/mw/com/impl/plumbing/skeleton_event_binding_factory.cpp:
In file included from ./score/mw/com/impl/instance_identifier.h:16,
                 from ./score/mw/com/impl/handle_type.h:18,
                 from ./score/mw/com/impl/enriched_instance_identifier.h:17,
                 from ./score/mw/com/impl/i_service_discovery_client.h:16,
                 from ./score/mw/com/impl/i_binding_runtime.h:17,
                 from ./score/mw/com/impl/bindings/lola/i_runtime.h:20,
                 from ./score/mw/com/impl/bindings/lola/service_data_storage.h:20,
                 from ./score/mw/com/impl/bindings/lola/skeleton_memory_manager.h:20,
                 from ./score/mw/com/impl/bindings/lola/skeleton.h:32,
                 from ./score/mw/com/impl/bindings/lola/skeleton_event.h:21,
                 from ./score/mw/com/impl/plumbing/skeleton_event_binding_factory.h:16,
                 from score/mw/com/impl/plumbing/skeleton_event_binding_factory.cpp:13:
./score/mw/com/impl/com_error.h: In member function 'virtual std::string_view score::mw::com::impl::ComErrorDomain::MessageFor(const score::result::ErrorCode&) const':
./score/mw/com/impl/com_error.h:186:65: warning: 'score::mw::com::impl::ComErrc::kServiceInstanceAlreadyOffered' is deprecated: Value has never been used. Calls to OfferService shall be idempotent. [-Wdeprecated-declarations]
  186 |             case static_cast<score::result::ErrorCode>(ComErrc::kServiceInstanceAlreadyOffered):
      |                                                                 ^~~~~~~~~~~~~~~~~~~~~~~~~~~~~~
./score/mw/com/impl/com_error.h:57:5: note: declared here
   57 |     kServiceInstanceAlreadyOffered
      |     ^~~~~~~~~~~~~~~~~~~~~~~~~~~~~~
INFO: From Compiling score/mw/com/impl/bindings/lola/skeleton_memory_manager.cpp:
In file included from ./score/mw/com/impl/instance_identifier.h:16,
                 from ./score/mw/com/impl/handle_type.h:18,
                 from ./score/mw/com/impl/enriched_instance_identifier.h:17,
                 from ./score/mw/com/impl/i_service_discovery_client.h:16,
                 from ./score/mw/com/impl/i_binding_runtime.h:17,
                 from ./score/mw/com/impl/bindings/lola/i_runtime.h:20,
                 from ./score/mw/com/impl/bindings/lola/service_data_storage.h:20,
                 from ./score/mw/com/impl/bindings/lola/skeleton_memory_manager.h:20,
                 from score/mw/com/impl/bindings/lola/skeleton_memory_manager.cpp:13:
./score/mw/com/impl/com_error.h: In member function 'virtual std::string_view score::mw::com::impl::ComErrorDomain::MessageFor(const score::result::ErrorCode&) const':
./score/mw/com/impl/com_error.h:186:65: warning: 'score::mw::com::impl::ComErrc::kServiceInstanceAlreadyOffered' is deprecated: Value has never been used. Calls to OfferService shall be idempotent. [-Wdeprecated-declarations]
  186 |             case static_cast<score::result::ErrorCode>(ComErrc::kServiceInstanceAlreadyOffered):
      |                                                                 ^~~~~~~~~~~~~~~~~~~~~~~~~~~~~~
./score/mw/com/impl/com_error.h:57:5: note: declared here
   57 |     kServiceInstanceAlreadyOffered
      |     ^~~~~~~~~~~~~~~~~~~~~~~~~~~~~~
[1,277 / 1,392] 3 / 6 tests; Compiling score/mw/com/impl/bindings/lola/skeleton.cpp; 2s linux-sandbox ... (3 actions, 2 running)
[1,288 / 1,392] 3 / 6 tests; Compiling score/mw/com/impl/bindings/lola/skeleton.cpp; 3s linux-sandbox ... (4 actions, 3 running)
INFO: From Compiling score/mw/com/impl/bindings/lola/skeleton.cpp:
In file included from ./score/mw/com/impl/instance_identifier.h:16,
                 from ./score/mw/com/impl/handle_type.h:18,
                 from ./score/mw/com/impl/enriched_instance_identifier.h:17,
                 from ./score/mw/com/impl/i_service_discovery_client.h:16,
                 from ./score/mw/com/impl/i_binding_runtime.h:17,
                 from ./score/mw/com/impl/bindings/lola/i_runtime.h:20,
                 from ./score/mw/com/impl/bindings/lola/service_data_storage.h:20,
                 from ./score/mw/com/impl/bindings/lola/skeleton_memory_manager.h:20,
                 from ./score/mw/com/impl/bindings/lola/skeleton.h:32,
                 from score/mw/com/impl/bindings/lola/skeleton.cpp:13:
./score/mw/com/impl/com_error.h: In member function 'virtual std::string_view score::mw::com::impl::ComErrorDomain::MessageFor(const score::result::ErrorCode&) const':
./score/mw/com/impl/com_error.h:186:65: warning: 'score::mw::com::impl::ComErrc::kServiceInstanceAlreadyOffered' is deprecated: Value has never been used. Calls to OfferService shall be idempotent. [-Wdeprecated-declarations]
  186 |             case static_cast<score::result::ErrorCode>(ComErrc::kServiceInstanceAlreadyOffered):
      |                                                                 ^~~~~~~~~~~~~~~~~~~~~~~~~~~~~~
./score/mw/com/impl/com_error.h:57:5: note: declared here
   57 |     kServiceInstanceAlreadyOffered
      |     ^~~~~~~~~~~~~~~~~~~~~~~~~~~~~~
INFO: From Compiling score/mw/com/impl/bindings/lola/transaction_log_rollback_executor.cpp:
In file included from ./score/mw/com/impl/instance_identifier.h:16,
                 from ./score/mw/com/impl/handle_type.h:18,
                 from ./score/mw/com/impl/enriched_instance_identifier.h:17,
                 from ./score/mw/com/impl/i_service_discovery_client.h:16,
                 from ./score/mw/com/impl/i_binding_runtime.h:17,
                 from ./score/mw/com/impl/bindings/lola/i_runtime.h:20,
                 from ./score/mw/com/impl/bindings/lola/transaction_log_rollback_executor.h:16,
                 from score/mw/com/impl/bindings/lola/transaction_log_rollback_executor.cpp:13:
./score/mw/com/impl/com_error.h: In member function 'virtual std::string_view score::mw::com::impl::ComErrorDomain::MessageFor(const score::result::ErrorCode&) const':
./score/mw/com/impl/com_error.h:186:65: warning: 'score::mw::com::impl::ComErrc::kServiceInstanceAlreadyOffered' is deprecated: Value has never been used. Calls to OfferService shall be idempotent. [-Wdeprecated-declarations]
  186 |             case static_cast<score::result::ErrorCode>(ComErrc::kServiceInstanceAlreadyOffered):
      |                                                                 ^~~~~~~~~~~~~~~~~~~~~~~~~~~~~~
./score/mw/com/impl/com_error.h:57:5: note: declared here
   57 |     kServiceInstanceAlreadyOffered
      |     ^~~~~~~~~~~~~~~~~~~~~~~~~~~~~~
INFO: From Compiling score/mw/com/impl/plumbing/skeleton_event_binding_factory_impl.cpp:
In file included from ./score/mw/com/impl/instance_identifier.h:16,
                 from ./score/mw/com/impl/plumbing/skeleton_event_binding_factory_impl.h:16,
                 from score/mw/com/impl/plumbing/skeleton_event_binding_factory_impl.cpp:13:
./score/mw/com/impl/com_error.h: In member function 'virtual std::string_view score::mw::com::impl::ComErrorDomain::MessageFor(const score::result::ErrorCode&) const':
./score/mw/com/impl/com_error.h:186:65: warning: 'score::mw::com::impl::ComErrc::kServiceInstanceAlreadyOffered' is deprecated: Value has never been used. Calls to OfferService shall be idempotent. [-Wdeprecated-declarations]
  186 |             case static_cast<score::result::ErrorCode>(ComErrc::kServiceInstanceAlreadyOffered):
      |                                                                 ^~~~~~~~~~~~~~~~~~~~~~~~~~~~~~
./score/mw/com/impl/com_error.h:57:5: note: declared here
   57 |     kServiceInstanceAlreadyOffered
      |     ^~~~~~~~~~~~~~~~~~~~~~~~~~~~~~
[1,296 / 1,392] 3 / 6 tests; Compiling score/mw/com/impl/proxy_event_binding.cpp; 1s linux-sandbox ... (2 actions, 1 running)
INFO: From Compiling score/mw/com/impl/bindings/lola/subscription_subscription_pending_states.cpp:
In file included from score/mw/com/impl/bindings/lola/subscription_subscription_pending_states.cpp:17:
./score/mw/com/impl/com_error.h: In member function 'virtual std::string_view score::mw::com::impl::ComErrorDomain::MessageFor(const score::result::ErrorCode&) const':
./score/mw/com/impl/com_error.h:186:65: warning: 'score::mw::com::impl::ComErrc::kServiceInstanceAlreadyOffered' is deprecated: Value has never been used. Calls to OfferService shall be idempotent. [-Wdeprecated-declarations]
  186 |             case static_cast<score::result::ErrorCode>(ComErrc::kServiceInstanceAlreadyOffered):
      |                                                                 ^~~~~~~~~~~~~~~~~~~~~~~~~~~~~~
./score/mw/com/impl/com_error.h:57:5: note: declared here
   57 |     kServiceInstanceAlreadyOffered
      |     ^~~~~~~~~~~~~~~~~~~~~~~~~~~~~~
[1,306 / 1,392] 3 / 6 tests; Compiling score/mw/com/impl/generic_proxy_event_binding.cpp; 1s linux-sandbox ... (4 actions, 3 running)
INFO: From Compiling score/mw/com/impl/plumbing/i_skeleton_event_binding_factory.cpp:
In file included from ./score/mw/com/impl/instance_identifier.h:16,
                 from ./score/mw/com/impl/plumbing/i_skeleton_event_binding_factory.h:16,
                 from score/mw/com/impl/plumbing/i_skeleton_event_binding_factory.cpp:13:
./score/mw/com/impl/com_error.h: In member function 'virtual std::string_view score::mw::com::impl::ComErrorDomain::MessageFor(const score::result::ErrorCode&) const':
./score/mw/com/impl/com_error.h:186:65: warning: 'score::mw::com::impl::ComErrc::kServiceInstanceAlreadyOffered' is deprecated: Value has never been used. Calls to OfferService shall be idempotent. [-Wdeprecated-declarations]
  186 |             case static_cast<score::result::ErrorCode>(ComErrc::kServiceInstanceAlreadyOffered):
      |                                                                 ^~~~~~~~~~~~~~~~~~~~~~~~~~~~~~
./score/mw/com/impl/com_error.h:57:5: note: declared here
   57 |     kServiceInstanceAlreadyOffered
      |     ^~~~~~~~~~~~~~~~~~~~~~~~~~~~~~
INFO: From Compiling score/mw/com/impl/bindings/lola/subscription_subscribed_states.cpp:
In file included from score/mw/com/impl/bindings/lola/subscription_subscribed_states.cpp:18:
./score/mw/com/impl/com_error.h: In member function 'virtual std::string_view score::mw::com::impl::ComErrorDomain::MessageFor(const score::result::ErrorCode&) const':
./score/mw/com/impl/com_error.h:186:65: warning: 'score::mw::com::impl::ComErrc::kServiceInstanceAlreadyOffered' is deprecated: Value has never been used. Calls to OfferService shall be idempotent. [-Wdeprecated-declarations]
  186 |             case static_cast<score::result::ErrorCode>(ComErrc::kServiceInstanceAlreadyOffered):
      |                                                                 ^~~~~~~~~~~~~~~~~~~~~~~~~~~~~~
./score/mw/com/impl/com_error.h:57:5: note: declared here
   57 |     kServiceInstanceAlreadyOffered
      |     ^~~~~~~~~~~~~~~~~~~~~~~~~~~~~~
[1,312 / 1,392] 3 / 6 tests; Compiling score/mw/com/impl/bindings/lola/subscription_state_machine.cpp; 0s linux-sandbox ... (4 actions running)
INFO: From Compiling score/mw/com/impl/bindings/lola/subscription_not_subscribed_states.cpp:
In file included from score/mw/com/impl/bindings/lola/subscription_not_subscribed_states.cpp:20:
./score/mw/com/impl/com_error.h: In member function 'virtual std::string_view score::mw::com::impl::ComErrorDomain::MessageFor(const score::result::ErrorCode&) const':
./score/mw/com/impl/com_error.h:186:65: warning: 'score::mw::com::impl::ComErrc::kServiceInstanceAlreadyOffered' is deprecated: Value has never been used. Calls to OfferService shall be idempotent. [-Wdeprecated-declarations]
  186 |             case static_cast<score::result::ErrorCode>(ComErrc::kServiceInstanceAlreadyOffered):
      |                                                                 ^~~~~~~~~~~~~~~~~~~~~~~~~~~~~~
./score/mw/com/impl/com_error.h:57:5: note: declared here
   57 |     kServiceInstanceAlreadyOffered
      |     ^~~~~~~~~~~~~~~~~~~~~~~~~~~~~~
INFO: From Compiling score/mw/com/impl/methods/proxy_method.cpp:
In file included from ./score/mw/com/impl/instance_identifier.h:16,
                 from ./score/mw/com/impl/handle_type.h:18,
                 from ./score/mw/com/impl/enriched_instance_identifier.h:17,
                 from ./score/mw/com/impl/i_service_discovery_client.h:16,
                 from ./score/mw/com/impl/i_binding_runtime.h:17,
                 from ./score/mw/com/impl/bindings/lola/i_runtime.h:20,
                 from ./score/mw/com/impl/bindings/lola/proxy_method.h:17,
                 from ./score/mw/com/impl/bindings/lola/proxy.h:24,
                 from ./score/mw/com/impl/methods/proxy_method.h:16,
                 from score/mw/com/impl/methods/proxy_method.cpp:13:
./score/mw/com/impl/com_error.h: In member function 'virtual std::string_view score::mw::com::impl::ComErrorDomain::MessageFor(const score::result::ErrorCode&) const':
./score/mw/com/impl/com_error.h:186:65: warning: 'score::mw::com::impl::ComErrc::kServiceInstanceAlreadyOffered' is deprecated: Value has never been used. Calls to OfferService shall be idempotent. [-Wdeprecated-declarations]
  186 |             case static_cast<score::result::ErrorCode>(ComErrc::kServiceInstanceAlreadyOffered):
      |                                                                 ^~~~~~~~~~~~~~~~~~~~~~~~~~~~~~
./score/mw/com/impl/com_error.h:57:5: note: declared here
   57 |     kServiceInstanceAlreadyOffered
      |     ^~~~~~~~~~~~~~~~~~~~~~~~~~~~~~
[1,316 / 1,392] 3 / 6 tests; Compiling score/mw/com/impl/bindings/lola/subscription_helpers.cpp; 0s linux-sandbox ... (4 actions, 3 running)
INFO: From Compiling score/mw/com/impl/bindings/lola/subscription_helpers.cpp:
In file included from ./score/mw/com/impl/instance_identifier.h:16,
                 from ./score/mw/com/impl/handle_type.h:18,
                 from ./score/mw/com/impl/enriched_instance_identifier.h:17,
                 from ./score/mw/com/impl/i_service_discovery_client.h:16,
                 from ./score/mw/com/impl/i_binding_runtime.h:17,
                 from ./score/mw/com/impl/bindings/lola/i_runtime.h:20,
                 from score/mw/com/impl/bindings/lola/subscription_helpers.cpp:15:
./score/mw/com/impl/com_error.h: In member function 'virtual std::string_view score::mw::com::impl::ComErrorDomain::MessageFor(const score::result::ErrorCode&) const':
./score/mw/com/impl/com_error.h:186:65: warning: 'score::mw::com::impl::ComErrc::kServiceInstanceAlreadyOffered' is deprecated: Value has never been used. Calls to OfferService shall be idempotent. [-Wdeprecated-declarations]
  186 |             case static_cast<score::result::ErrorCode>(ComErrc::kServiceInstanceAlreadyOffered):
      |                                                                 ^~~~~~~~~~~~~~~~~~~~~~~~~~~~~~
./score/mw/com/impl/com_error.h:57:5: note: declared here
   57 |     kServiceInstanceAlreadyOffered
      |     ^~~~~~~~~~~~~~~~~~~~~~~~~~~~~~
[1,318 / 1,392] 3 / 6 tests; Compiling score/mw/com/impl/bindings/lola/proxy_method.cpp; 1s linux-sandbox ... (4 actions, 3 running)
INFO: From Compiling score/mw/com/impl/bindings/lola/proxy_method.cpp:
In file included from ./score/mw/com/impl/instance_identifier.h:16,
                 from ./score/mw/com/impl/handle_type.h:18,
                 from ./score/mw/com/impl/enriched_instance_identifier.h:17,
                 from ./score/mw/com/impl/i_service_discovery_client.h:16,
                 from ./score/mw/com/impl/i_binding_runtime.h:17,
                 from ./score/mw/com/impl/bindings/lola/i_runtime.h:20,
                 from ./score/mw/com/impl/bindings/lola/proxy_method.h:17,
                 from score/mw/com/impl/bindings/lola/proxy_method.cpp:13:
./score/mw/com/impl/com_error.h: In member function 'virtual std::string_view score::mw::com::impl::ComErrorDomain::MessageFor(const score::result::ErrorCode&) const':
./score/mw/com/impl/com_error.h:186:65: warning: 'score::mw::com::impl::ComErrc::kServiceInstanceAlreadyOffered' is deprecated: Value has never been used. Calls to OfferService shall be idempotent. [-Wdeprecated-declarations]
  186 |             case static_cast<score::result::ErrorCode>(ComErrc::kServiceInstanceAlreadyOffered):
      |                                                                 ^~~~~~~~~~~~~~~~~~~~~~~~~~~~~~
./score/mw/com/impl/com_error.h:57:5: note: declared here
   57 |     kServiceInstanceAlreadyOffered
      |     ^~~~~~~~~~~~~~~~~~~~~~~~~~~~~~
INFO: From Compiling score/mw/com/impl/bindings/lola/proxy_event.cpp:
In file included from ./score/mw/com/impl/instance_identifier.h:16,
                 from ./score/mw/com/impl/handle_type.h:18,
                 from ./score/mw/com/impl/enriched_instance_identifier.h:17,
                 from ./score/mw/com/impl/i_service_discovery_client.h:16,
                 from ./score/mw/com/impl/i_binding_runtime.h:17,
                 from ./score/mw/com/impl/bindings/lola/i_runtime.h:20,
                 from ./score/mw/com/impl/bindings/lola/proxy_method.h:17,
                 from ./score/mw/com/impl/bindings/lola/proxy.h:24,
                 from ./score/mw/com/impl/bindings/lola/proxy_event.h:18,
                 from score/mw/com/impl/bindings/lola/proxy_event.cpp:13:
./score/mw/com/impl/com_error.h: In member function 'virtual std::string_view score::mw::com::impl::ComErrorDomain::MessageFor(const score::result::ErrorCode&) const':
./score/mw/com/impl/com_error.h:186:65: warning: 'score::mw::com::impl::ComErrc::kServiceInstanceAlreadyOffered' is deprecated: Value has never been used. Calls to OfferService shall be idempotent. [-Wdeprecated-declarations]
  186 |             case static_cast<score::result::ErrorCode>(ComErrc::kServiceInstanceAlreadyOffered):
      |                                                                 ^~~~~~~~~~~~~~~~~~~~~~~~~~~~~~
./score/mw/com/impl/com_error.h:57:5: note: declared here
   57 |     kServiceInstanceAlreadyOffered
      |     ^~~~~~~~~~~~~~~~~~~~~~~~~~~~~~
[1,320 / 1,392] 3 / 6 tests; Compiling score/mw/com/impl/methods/proxy_method_with_in_args.cpp; 2s linux-sandbox ... (4 actions, 3 running)
INFO: From Compiling score/mw/com/impl/plumbing/i_skeleton_binding_factory.cpp:
In file included from ./score/mw/com/impl/instance_identifier.h:16,
                 from ./score/mw/com/impl/plumbing/i_skeleton_binding_factory.h:16,
                 from score/mw/com/impl/plumbing/i_skeleton_binding_factory.cpp:13:
./score/mw/com/impl/com_error.h: In member function 'virtual std::string_view score::mw::com::impl::ComErrorDomain::MessageFor(const score::result::ErrorCode&) const':
./score/mw/com/impl/com_error.h:186:65: warning: 'score::mw::com::impl::ComErrc::kServiceInstanceAlreadyOffered' is deprecated: Value has never been used. Calls to OfferService shall be idempotent. [-Wdeprecated-declarations]
  186 |             case static_cast<score::result::ErrorCode>(ComErrc::kServiceInstanceAlreadyOffered):
      |                                                                 ^~~~~~~~~~~~~~~~~~~~~~~~~~~~~~
./score/mw/com/impl/com_error.h:57:5: note: declared here
   57 |     kServiceInstanceAlreadyOffered
      |     ^~~~~~~~~~~~~~~~~~~~~~~~~~~~~~
INFO: From Compiling score/mw/com/impl/methods/proxy_method_with_in_args.cpp:
In file included from ./score/mw/com/impl/instance_identifier.h:16,
                 from ./score/mw/com/impl/handle_type.h:18,
                 from ./score/mw/com/impl/enriched_instance_identifier.h:17,
                 from ./score/mw/com/impl/i_service_discovery_client.h:16,
                 from ./score/mw/com/impl/i_binding_runtime.h:17,
                 from ./score/mw/com/impl/bindings/lola/i_runtime.h:20,
                 from ./score/mw/com/impl/bindings/lola/proxy_method.h:17,
                 from ./score/mw/com/impl/bindings/lola/proxy.h:24,
                 from ./score/mw/com/impl/methods/proxy_method.h:16,
                 from ./score/mw/com/impl/methods/proxy_method_with_in_args.h:18,
                 from score/mw/com/impl/methods/proxy_method_with_in_args.cpp:13:
./score/mw/com/impl/com_error.h: In member function 'virtual std::string_view score::mw::com::impl::ComErrorDomain::MessageFor(const score::result::ErrorCode&) const':
./score/mw/com/impl/com_error.h:186:65: warning: 'score::mw::com::impl::ComErrc::kServiceInstanceAlreadyOffered' is deprecated: Value has never been used. Calls to OfferService shall be idempotent. [-Wdeprecated-declarations]
  186 |             case static_cast<score::result::ErrorCode>(ComErrc::kServiceInstanceAlreadyOffered):
      |                                                                 ^~~~~~~~~~~~~~~~~~~~~~~~~~~~~~
./score/mw/com/impl/com_error.h:57:5: note: declared here
   57 |     kServiceInstanceAlreadyOffered
      |     ^~~~~~~~~~~~~~~~~~~~~~~~~~~~~~
[1,323 / 1,392] 3 / 6 tests; Compiling score/mw/com/impl/bindings/lola/proxy.cpp; 2s linux-sandbox ... (4 actions, 3 running)
INFO: From Compiling score/mw/com/impl/plumbing/skeleton_binding_factory.cpp:
In file included from ./score/mw/com/impl/instance_identifier.h:16,
                 from ./score/mw/com/impl/plumbing/skeleton_binding_factory.h:16,
                 from score/mw/com/impl/plumbing/skeleton_binding_factory.cpp:13:
./score/mw/com/impl/com_error.h: In member function 'virtual std::string_view score::mw::com::impl::ComErrorDomain::MessageFor(const score::result::ErrorCode&) const':
./score/mw/com/impl/com_error.h:186:65: warning: 'score::mw::com::impl::ComErrc::kServiceInstanceAlreadyOffered' is deprecated: Value has never been used. Calls to OfferService shall be idempotent. [-Wdeprecated-declarations]
  186 |             case static_cast<score::result::ErrorCode>(ComErrc::kServiceInstanceAlreadyOffered):
      |                                                                 ^~~~~~~~~~~~~~~~~~~~~~~~~~~~~~
./score/mw/com/impl/com_error.h:57:5: note: declared here
   57 |     kServiceInstanceAlreadyOffered
      |     ^~~~~~~~~~~~~~~~~~~~~~~~~~~~~~
[1,325 / 1,392] 3 / 6 tests; Compiling score/mw/com/impl/bindings/lola/proxy.cpp; 3s linux-sandbox ... (4 actions running)
INFO: From Compiling score/mw/com/impl/plumbing/skeleton_binding_factory_impl.cpp:
In file included from ./score/mw/com/impl/instance_identifier.h:16,
                 from ./score/mw/com/impl/plumbing/skeleton_binding_factory_impl.h:16,
                 from score/mw/com/impl/plumbing/skeleton_binding_factory_impl.cpp:13:
./score/mw/com/impl/com_error.h: In member function 'virtual std::string_view score::mw::com::impl::ComErrorDomain::MessageFor(const score::result::ErrorCode&) const':
./score/mw/com/impl/com_error.h:186:65: warning: 'score::mw::com::impl::ComErrc::kServiceInstanceAlreadyOffered' is deprecated: Value has never been used. Calls to OfferService shall be idempotent. [-Wdeprecated-declarations]
  186 |             case static_cast<score::result::ErrorCode>(ComErrc::kServiceInstanceAlreadyOffered):
      |                                                                 ^~~~~~~~~~~~~~~~~~~~~~~~~~~~~~
./score/mw/com/impl/com_error.h:57:5: note: declared here
   57 |     kServiceInstanceAlreadyOffered
      |     ^~~~~~~~~~~~~~~~~~~~~~~~~~~~~~
[1,329 / 1,392] 3 / 6 tests; Compiling score/mw/com/impl/bindings/lola/proxy.cpp; 4s linux-sandbox ... (4 actions running)
INFO: From Compiling score/mw/com/impl/methods/proxy_method_with_in_args_and_return.cpp:
In file included from ./score/mw/com/impl/instance_identifier.h:16,
                 from ./score/mw/com/impl/handle_type.h:18,
                 from ./score/mw/com/impl/enriched_instance_identifier.h:17,
                 from ./score/mw/com/impl/i_service_discovery_client.h:16,
                 from ./score/mw/com/impl/i_binding_runtime.h:17,
                 from ./score/mw/com/impl/bindings/lola/i_runtime.h:20,
                 from ./score/mw/com/impl/bindings/lola/proxy_method.h:17,
                 from ./score/mw/com/impl/bindings/lola/proxy.h:24,
                 from ./score/mw/com/impl/methods/proxy_method.h:16,
                 from ./score/mw/com/impl/methods/proxy_method_with_in_args_and_return.h:18,
                 from score/mw/com/impl/methods/proxy_method_with_in_args_and_return.cpp:13:
./score/mw/com/impl/com_error.h: In member function 'virtual std::string_view score::mw::com::impl::ComErrorDomain::MessageFor(const score::result::ErrorCode&) const':
./score/mw/com/impl/com_error.h:186:65: warning: 'score::mw::com::impl::ComErrc::kServiceInstanceAlreadyOffered' is deprecated: Value has never been used. Calls to OfferService shall be idempotent. [-Wdeprecated-declarations]
  186 |             case static_cast<score::result::ErrorCode>(ComErrc::kServiceInstanceAlreadyOffered):
      |                                                                 ^~~~~~~~~~~~~~~~~~~~~~~~~~~~~~
./score/mw/com/impl/com_error.h:57:5: note: declared here
   57 |     kServiceInstanceAlreadyOffered
      |     ^~~~~~~~~~~~~~~~~~~~~~~~~~~~~~
INFO: From Compiling score/mw/com/impl/plumbing/i_proxy_binding_factory.cpp:
In file included from ./score/mw/com/impl/instance_identifier.h:16,
                 from ./score/mw/com/impl/handle_type.h:18,
                 from ./score/mw/com/impl/plumbing/i_proxy_binding_factory.h:16,
                 from score/mw/com/impl/plumbing/i_proxy_binding_factory.cpp:13:
./score/mw/com/impl/com_error.h: In member function 'virtual std::string_view score::mw::com::impl::ComErrorDomain::MessageFor(const score::result::ErrorCode&) const':
./score/mw/com/impl/com_error.h:186:65: warning: 'score::mw::com::impl::ComErrc::kServiceInstanceAlreadyOffered' is deprecated: Value has never been used. Calls to OfferService shall be idempotent. [-Wdeprecated-declarations]
  186 |             case static_cast<score::result::ErrorCode>(ComErrc::kServiceInstanceAlreadyOffered):
      |                                                                 ^~~~~~~~~~~~~~~~~~~~~~~~~~~~~~
./score/mw/com/impl/com_error.h:57:5: note: declared here
   57 |     kServiceInstanceAlreadyOffered
      |     ^~~~~~~~~~~~~~~~~~~~~~~~~~~~~~
INFO: From Compiling score/mw/com/impl/bindings/lola/proxy.cpp:
In file included from ./score/mw/com/impl/instance_identifier.h:16,
                 from ./score/mw/com/impl/handle_type.h:18,
                 from ./score/mw/com/impl/enriched_instance_identifier.h:17,
                 from ./score/mw/com/impl/i_service_discovery_client.h:16,
                 from ./score/mw/com/impl/i_binding_runtime.h:17,
                 from ./score/mw/com/impl/bindings/lola/i_runtime.h:20,
                 from ./score/mw/com/impl/bindings/lola/proxy_method.h:17,
                 from ./score/mw/com/impl/bindings/lola/proxy.h:24,
                 from score/mw/com/impl/bindings/lola/proxy.cpp:13:
./score/mw/com/impl/com_error.h: In member function 'virtual std::string_view score::mw::com::impl::ComErrorDomain::MessageFor(const score::result::ErrorCode&) const':
./score/mw/com/impl/com_error.h:186:65: warning: 'score::mw::com::impl::ComErrc::kServiceInstanceAlreadyOffered' is deprecated: Value has never been used. Calls to OfferService shall be idempotent. [-Wdeprecated-declarations]
  186 |             case static_cast<score::result::ErrorCode>(ComErrc::kServiceInstanceAlreadyOffered):
      |                                                                 ^~~~~~~~~~~~~~~~~~~~~~~~~~~~~~
./score/mw/com/impl/com_error.h:57:5: note: declared here
   57 |     kServiceInstanceAlreadyOffered
      |     ^~~~~~~~~~~~~~~~~~~~~~~~~~~~~~
INFO: From Compiling score/mw/com/impl/plumbing/proxy_binding_factory.cpp:
In file included from ./score/mw/com/impl/instance_identifier.h:16,
                 from ./score/mw/com/impl/handle_type.h:18,
                 from ./score/mw/com/impl/plumbing/proxy_binding_factory.h:16,
                 from score/mw/com/impl/plumbing/proxy_binding_factory.cpp:13:
./score/mw/com/impl/com_error.h: In member function 'virtual std::string_view score::mw::com::impl::ComErrorDomain::MessageFor(const score::result::ErrorCode&) const':
./score/mw/com/impl/com_error.h:186:65: warning: 'score::mw::com::impl::ComErrc::kServiceInstanceAlreadyOffered' is deprecated: Value has never been used. Calls to OfferService shall be idempotent. [-Wdeprecated-declarations]
  186 |             case static_cast<score::result::ErrorCode>(ComErrc::kServiceInstanceAlreadyOffered):
      |                                                                 ^~~~~~~~~~~~~~~~~~~~~~~~~~~~~~
./score/mw/com/impl/com_error.h:57:5: note: declared here
   57 |     kServiceInstanceAlreadyOffered
      |     ^~~~~~~~~~~~~~~~~~~~~~~~~~~~~~
INFO: From Compiling score/mw/com/impl/plumbing/proxy_binding_factory_impl.cpp:
In file included from ./score/mw/com/impl/instance_identifier.h:16,
                 from ./score/mw/com/impl/handle_type.h:18,
                 from ./score/mw/com/impl/plumbing/i_proxy_binding_factory.h:16,
                 from ./score/mw/com/impl/plumbing/proxy_binding_factory_impl.h:16,
                 from score/mw/com/impl/plumbing/proxy_binding_factory_impl.cpp:13:
./score/mw/com/impl/com_error.h: In member function 'virtual std::string_view score::mw::com::impl::ComErrorDomain::MessageFor(const score::result::ErrorCode&) const':
./score/mw/com/impl/com_error.h:186:65: warning: 'score::mw::com::impl::ComErrc::kServiceInstanceAlreadyOffered' is deprecated: Value has never been used. Calls to OfferService shall be idempotent. [-Wdeprecated-declarations]
  186 |             case static_cast<score::result::ErrorCode>(ComErrc::kServiceInstanceAlreadyOffered):
      |                                                                 ^~~~~~~~~~~~~~~~~~~~~~~~~~~~~~
./score/mw/com/impl/com_error.h:57:5: note: declared here
   57 |     kServiceInstanceAlreadyOffered
      |     ^~~~~~~~~~~~~~~~~~~~~~~~~~~~~~
[1,336 / 1,392] 3 / 6 tests; Compiling score/mw/com/impl/methods/proxy_method_with_return_type.cpp; 1s linux-sandbox ... (3 actions, 2 running)
INFO: From Compiling score/mw/com/impl/methods/proxy_method_with_return_type.cpp:
In file included from ./score/mw/com/impl/instance_identifier.h:16,
                 from ./score/mw/com/impl/handle_type.h:18,
                 from ./score/mw/com/impl/enriched_instance_identifier.h:17,
                 from ./score/mw/com/impl/i_service_discovery_client.h:16,
                 from ./score/mw/com/impl/i_binding_runtime.h:17,
                 from ./score/mw/com/impl/bindings/lola/i_runtime.h:20,
                 from ./score/mw/com/impl/bindings/lola/proxy_method.h:17,
                 from ./score/mw/com/impl/bindings/lola/proxy.h:24,
                 from ./score/mw/com/impl/methods/proxy_method.h:16,
                 from ./score/mw/com/impl/methods/proxy_method_with_return_type.h:18,
                 from score/mw/com/impl/methods/proxy_method_with_return_type.cpp:13:
./score/mw/com/impl/com_error.h: In member function 'virtual std::string_view score::mw::com::impl::ComErrorDomain::MessageFor(const score::result::ErrorCode&) const':
./score/mw/com/impl/com_error.h:186:65: warning: 'score::mw::com::impl::ComErrc::kServiceInstanceAlreadyOffered' is deprecated: Value has never been used. Calls to OfferService shall be idempotent. [-Wdeprecated-declarations]
  186 |             case static_cast<score::result::ErrorCode>(ComErrc::kServiceInstanceAlreadyOffered):
      |                                                                 ^~~~~~~~~~~~~~~~~~~~~~~~~~~~~~
./score/mw/com/impl/com_error.h:57:5: note: declared here
   57 |     kServiceInstanceAlreadyOffered
      |     ^~~~~~~~~~~~~~~~~~~~~~~~~~~~~~
INFO: From Compiling score/mw/com/impl/plumbing/i_skeleton_method_binding_factory.cpp:
In file included from ./score/mw/com/impl/instance_identifier.h:16,
                 from ./score/mw/com/impl/handle_type.h:18,
                 from ./score/mw/com/impl/plumbing/i_skeleton_method_binding_factory.h:16,
                 from score/mw/com/impl/plumbing/i_skeleton_method_binding_factory.cpp:13:
./score/mw/com/impl/com_error.h: In member function 'virtual std::string_view score::mw::com::impl::ComErrorDomain::MessageFor(const score::result::ErrorCode&) const':
./score/mw/com/impl/com_error.h:186:65: warning: 'score::mw::com::impl::ComErrc::kServiceInstanceAlreadyOffered' is deprecated: Value has never been used. Calls to OfferService shall be idempotent. [-Wdeprecated-declarations]
  186 |             case static_cast<score::result::ErrorCode>(ComErrc::kServiceInstanceAlreadyOffered):
      |                                                                 ^~~~~~~~~~~~~~~~~~~~~~~~~~~~~~
./score/mw/com/impl/com_error.h:57:5: note: declared here
   57 |     kServiceInstanceAlreadyOffered
      |     ^~~~~~~~~~~~~~~~~~~~~~~~~~~~~~
[1,342 / 1,392] 3 / 6 tests; Compiling score/mw/com/impl/plumbing/binding_runtime_factory.cpp; 2s linux-sandbox ... (4 actions, 3 running)
INFO: From Compiling score/mw/com/impl/plumbing/binding_runtime_factory.cpp:
In file included from ./score/mw/com/impl/configuration/service_instance_deployment.h:17,
                 from ./score/mw/com/impl/configuration/configuration.h:18,
                 from ./score/mw/com/impl/plumbing/binding_runtime_factory.h:16,
                 from score/mw/com/impl/plumbing/binding_runtime_factory.cpp:13:
./score/mw/com/impl/com_error.h: In member function 'virtual std::string_view score::mw::com::impl::ComErrorDomain::MessageFor(const score::result::ErrorCode&) const':
./score/mw/com/impl/com_error.h:186:65: warning: 'score::mw::com::impl::ComErrc::kServiceInstanceAlreadyOffered' is deprecated: Value has never been used. Calls to OfferService shall be idempotent. [-Wdeprecated-declarations]
  186 |             case static_cast<score::result::ErrorCode>(ComErrc::kServiceInstanceAlreadyOffered):
      |                                                                 ^~~~~~~~~~~~~~~~~~~~~~~~~~~~~~
./score/mw/com/impl/com_error.h:57:5: note: declared here
   57 |     kServiceInstanceAlreadyOffered
      |     ^~~~~~~~~~~~~~~~~~~~~~~~~~~~~~
[1,349 / 1,392] 3 / 6 tests; Compiling score/mw/com/impl/skeleton_base.cpp; 2s linux-sandbox ... (4 actions running)
INFO: From Compiling score/mw/com/impl/methods/proxy_method_without_in_args_or_return.cpp:
In file included from ./score/mw/com/impl/instance_identifier.h:16,
                 from ./score/mw/com/impl/handle_type.h:18,
                 from ./score/mw/com/impl/enriched_instance_identifier.h:17,
                 from ./score/mw/com/impl/i_service_discovery_client.h:16,
                 from ./score/mw/com/impl/i_binding_runtime.h:17,
                 from ./score/mw/com/impl/bindings/lola/i_runtime.h:20,
                 from ./score/mw/com/impl/bindings/lola/proxy_method.h:17,
                 from ./score/mw/com/impl/bindings/lola/proxy.h:24,
                 from ./score/mw/com/impl/methods/proxy_method.h:16,
                 from ./score/mw/com/impl/methods/proxy_method_without_in_args_or_return.h:17,
                 from score/mw/com/impl/methods/proxy_method_without_in_args_or_return.cpp:13:
./score/mw/com/impl/com_error.h: In member function 'virtual std::string_view score::mw::com::impl::ComErrorDomain::MessageFor(const score::result::ErrorCode&) const':
./score/mw/com/impl/com_error.h:186:65: warning: 'score::mw::com::impl::ComErrc::kServiceInstanceAlreadyOffered' is deprecated: Value has never been used. Calls to OfferService shall be idempotent. [-Wdeprecated-declarations]
  186 |             case static_cast<score::result::ErrorCode>(ComErrc::kServiceInstanceAlreadyOffered):
      |                                                                 ^~~~~~~~~~~~~~~~~~~~~~~~~~~~~~
./score/mw/com/impl/com_error.h:57:5: note: declared here
   57 |     kServiceInstanceAlreadyOffered
      |     ^~~~~~~~~~~~~~~~~~~~~~~~~~~~~~
[1,353 / 1,392] 3 / 6 tests; Compiling score/mw/com/impl/skeleton_base.cpp; 3s linux-sandbox ... (4 actions running)
INFO: From Compiling score/mw/com/impl/plumbing/skeleton_service_element_binding_factory_impl.cpp:
In file included from ./score/mw/com/impl/instance_identifier.h:16,
                 from ./score/mw/com/impl/handle_type.h:18,
                 from ./score/mw/com/impl/enriched_instance_identifier.h:17,
                 from ./score/mw/com/impl/i_service_discovery_client.h:16,
                 from ./score/mw/com/impl/i_binding_runtime.h:17,
                 from ./score/mw/com/impl/bindings/lola/i_runtime.h:20,
                 from ./score/mw/com/impl/bindings/lola/service_data_storage.h:20,
                 from ./score/mw/com/impl/bindings/lola/skeleton_memory_manager.h:20,
                 from ./score/mw/com/impl/bindings/lola/skeleton.h:32,
                 from ./score/mw/com/impl/plumbing/skeleton_service_element_binding_factory_impl.h:17,
                 from score/mw/com/impl/plumbing/skeleton_service_element_binding_factory_impl.cpp:13:
./score/mw/com/impl/com_error.h: In member function 'virtual std::string_view score::mw::com::impl::ComErrorDomain::MessageFor(const score::result::ErrorCode&) const':
./score/mw/com/impl/com_error.h:186:65: warning: 'score::mw::com::impl::ComErrc::kServiceInstanceAlreadyOffered' is deprecated: Value has never been used. Calls to OfferService shall be idempotent. [-Wdeprecated-declarations]
  186 |             case static_cast<score::result::ErrorCode>(ComErrc::kServiceInstanceAlreadyOffered):
      |                                                                 ^~~~~~~~~~~~~~~~~~~~~~~~~~~~~~
./score/mw/com/impl/com_error.h:57:5: note: declared here
   57 |     kServiceInstanceAlreadyOffered
      |     ^~~~~~~~~~~~~~~~~~~~~~~~~~~~~~
INFO: From Compiling score/mw/com/impl/skeleton_base.cpp:
In file included from ./score/mw/com/impl/instance_identifier.h:16,
                 from ./score/mw/com/impl/skeleton_base.h:17,
                 from score/mw/com/impl/skeleton_base.cpp:13:
./score/mw/com/impl/com_error.h: In member function 'virtual std::string_view score::mw::com::impl::ComErrorDomain::MessageFor(const score::result::ErrorCode&) const':
./score/mw/com/impl/com_error.h:186:65: warning: 'score::mw::com::impl::ComErrc::kServiceInstanceAlreadyOffered' is deprecated: Value has never been used. Calls to OfferService shall be idempotent. [-Wdeprecated-declarations]
  186 |             case static_cast<score::result::ErrorCode>(ComErrc::kServiceInstanceAlreadyOffered):
      |                                                                 ^~~~~~~~~~~~~~~~~~~~~~~~~~~~~~
./score/mw/com/impl/com_error.h:57:5: note: declared here
   57 |     kServiceInstanceAlreadyOffered
      |     ^~~~~~~~~~~~~~~~~~~~~~~~~~~~~~
INFO: From Compiling score/mw/com/impl/plumbing/skeleton_method_binding_factory_impl.cpp:
In file included from ./score/mw/com/impl/instance_identifier.h:16,
                 from ./score/mw/com/impl/handle_type.h:18,
                 from ./score/mw/com/impl/plumbing/skeleton_method_binding_factory_impl.h:16,
                 from score/mw/com/impl/plumbing/skeleton_method_binding_factory_impl.cpp:13:
./score/mw/com/impl/com_error.h: In member function 'virtual std::string_view score::mw::com::impl::ComErrorDomain::MessageFor(const score::result::ErrorCode&) const':
./score/mw/com/impl/com_error.h:186:65: warning: 'score::mw::com::impl::ComErrc::kServiceInstanceAlreadyOffered' is deprecated: Value has never been used. Calls to OfferService shall be idempotent. [-Wdeprecated-declarations]
  186 |             case static_cast<score::result::ErrorCode>(ComErrc::kServiceInstanceAlreadyOffered):
      |                                                                 ^~~~~~~~~~~~~~~~~~~~~~~~~~~~~~
./score/mw/com/impl/com_error.h:57:5: note: declared here
   57 |     kServiceInstanceAlreadyOffered
      |     ^~~~~~~~~~~~~~~~~~~~~~~~~~~~~~
[1,362 / 1,392] 3 / 6 tests; Compiling score/mw/com/impl/plumbing/proxy_method_binding_factory.cpp; 1s linux-sandbox ... (4 actions, 3 running)
INFO: From Compiling score/mw/com/impl/plumbing/proxy_method_binding_factory.cpp:
In file included from ./score/mw/com/impl/instance_identifier.h:16,
                 from ./score/mw/com/impl/handle_type.h:18,
                 from ./score/mw/com/impl/plumbing/i_proxy_method_binding_factory.h:16,
                 from ./score/mw/com/impl/plumbing/proxy_method_binding_factory.h:17,
                 from score/mw/com/impl/plumbing/proxy_method_binding_factory.cpp:13:
./score/mw/com/impl/com_error.h: In member function 'virtual std::string_view score::mw::com::impl::ComErrorDomain::MessageFor(const score::result::ErrorCode&) const':
./score/mw/com/impl/com_error.h:186:65: warning: 'score::mw::com::impl::ComErrc::kServiceInstanceAlreadyOffered' is deprecated: Value has never been used. Calls to OfferService shall be idempotent. [-Wdeprecated-declarations]
  186 |             case static_cast<score::result::ErrorCode>(ComErrc::kServiceInstanceAlreadyOffered):
      |                                                                 ^~~~~~~~~~~~~~~~~~~~~~~~~~~~~~
./score/mw/com/impl/com_error.h:57:5: note: declared here
   57 |     kServiceInstanceAlreadyOffered
      |     ^~~~~~~~~~~~~~~~~~~~~~~~~~~~~~
INFO: From Compiling score/mw/com/impl/methods/skeleton_method.cpp:
In file included from ./score/mw/com/impl/instance_identifier.h:16,
                 from ./score/mw/com/impl/plumbing/skeleton_method_binding_factory.h:16,
                 from ./score/mw/com/impl/methods/skeleton_method.h:21,
                 from score/mw/com/impl/methods/skeleton_method.cpp:13:
./score/mw/com/impl/com_error.h: In member function 'virtual std::string_view score::mw::com::impl::ComErrorDomain::MessageFor(const score::result::ErrorCode&) const':
./score/mw/com/impl/com_error.h:186:65: warning: 'score::mw::com::impl::ComErrc::kServiceInstanceAlreadyOffered' is deprecated: Value has never been used. Calls to OfferService shall be idempotent. [-Wdeprecated-declarations]
  186 |             case static_cast<score::result::ErrorCode>(ComErrc::kServiceInstanceAlreadyOffered):
      |                                                                 ^~~~~~~~~~~~~~~~~~~~~~~~~~~~~~
./score/mw/com/impl/com_error.h:57:5: note: declared here
   57 |     kServiceInstanceAlreadyOffered
      |     ^~~~~~~~~~~~~~~~~~~~~~~~~~~~~~
INFO: From Compiling score/mw/com/impl/plumbing/skeleton_method_binding_factory.cpp:
In file included from ./score/mw/com/impl/instance_identifier.h:16,
                 from ./score/mw/com/impl/plumbing/skeleton_method_binding_factory.h:16,
                 from score/mw/com/impl/plumbing/skeleton_method_binding_factory.cpp:13:
./score/mw/com/impl/com_error.h: In member function 'virtual std::string_view score::mw::com::impl::ComErrorDomain::MessageFor(const score::result::ErrorCode&) const':
./score/mw/com/impl/com_error.h:186:65: warning: 'score::mw::com::impl::ComErrc::kServiceInstanceAlreadyOffered' is deprecated: Value has never been used. Calls to OfferService shall be idempotent. [-Wdeprecated-declarations]
  186 |             case static_cast<score::result::ErrorCode>(ComErrc::kServiceInstanceAlreadyOffered):
      |                                                                 ^~~~~~~~~~~~~~~~~~~~~~~~~~~~~~
./score/mw/com/impl/com_error.h:57:5: note: declared here
   57 |     kServiceInstanceAlreadyOffered
      |     ^~~~~~~~~~~~~~~~~~~~~~~~~~~~~~
[1,373 / 1,392] 3 / 6 tests; Compiling score/mw/com/impl/plumbing/lola_proxy_element_building_blocks.cpp; 1s linux-sandbox ... (4 actions, 3 running)
INFO: From Compiling score/mw/com/impl/plumbing/lola_proxy_element_building_blocks.cpp:
In file included from ./score/mw/com/impl/instance_identifier.h:16,
                 from ./score/mw/com/impl/handle_type.h:18,
                 from ./score/mw/com/impl/plumbing/lola_proxy_element_building_blocks.h:18,
                 from score/mw/com/impl/plumbing/lola_proxy_element_building_blocks.cpp:13:
./score/mw/com/impl/com_error.h: In member function 'virtual std::string_view score::mw::com::impl::ComErrorDomain::MessageFor(const score::result::ErrorCode&) const':
./score/mw/com/impl/com_error.h:186:65: warning: 'score::mw::com::impl::ComErrc::kServiceInstanceAlreadyOffered' is deprecated: Value has never been used. Calls to OfferService shall be idempotent. [-Wdeprecated-declarations]
  186 |             case static_cast<score::result::ErrorCode>(ComErrc::kServiceInstanceAlreadyOffered):
      |                                                                 ^~~~~~~~~~~~~~~~~~~~~~~~~~~~~~
./score/mw/com/impl/com_error.h:57:5: note: declared here
   57 |     kServiceInstanceAlreadyOffered
      |     ^~~~~~~~~~~~~~~~~~~~~~~~~~~~~~
[1,374 / 1,392] 3 / 6 tests; Compiling score/mw/com/impl/plumbing/proxy_method_binding_factory_impl.cpp; 1s linux-sandbox ... (4 actions, 3 running)
[1,377 / 1,392] 3 / 6 tests; Compiling score/mw/com/impl/plumbing/proxy_method_binding_factory_impl.cpp; 3s linux-sandbox ... (4 actions running)
INFO: From Compiling score/mw/com/impl/tracing/proxy_event_tracing.cpp:
In file included from ./score/mw/com/impl/instance_identifier.h:16,
                 from ./score/mw/com/impl/tracing/proxy_event_tracing.h:23,
                 from score/mw/com/impl/tracing/proxy_event_tracing.cpp:17:
./score/mw/com/impl/com_error.h: In member function 'virtual std::string_view score::mw::com::impl::ComErrorDomain::MessageFor(const score::result::ErrorCode&) const':
./score/mw/com/impl/com_error.h:186:65: warning: 'score::mw::com::impl::ComErrc::kServiceInstanceAlreadyOffered' is deprecated: Value has never been used. Calls to OfferService shall be idempotent. [-Wdeprecated-declarations]
  186 |             case static_cast<score::result::ErrorCode>(ComErrc::kServiceInstanceAlreadyOffered):
      |                                                                 ^~~~~~~~~~~~~~~~~~~~~~~~~~~~~~
./score/mw/com/impl/com_error.h:57:5: note: declared here
   57 |     kServiceInstanceAlreadyOffered
      |     ^~~~~~~~~~~~~~~~~~~~~~~~~~~~~~
INFO: From Compiling score/mw/com/impl/plumbing/proxy_method_binding_factory_impl.cpp:
In file included from ./score/mw/com/impl/instance_identifier.h:16,
                 from ./score/mw/com/impl/handle_type.h:18,
                 from ./score/mw/com/impl/enriched_instance_identifier.h:17,
                 from ./score/mw/com/impl/i_service_discovery_client.h:16,
                 from ./score/mw/com/impl/i_binding_runtime.h:17,
                 from ./score/mw/com/impl/bindings/lola/i_runtime.h:20,
                 from ./score/mw/com/impl/bindings/lola/proxy_method.h:17,
                 from ./score/mw/com/impl/bindings/lola/proxy.h:24,
                 from ./score/mw/com/impl/plumbing/proxy_method_binding_factory_impl.h:19,
                 from score/mw/com/impl/plumbing/proxy_method_binding_factory_impl.cpp:13:
./score/mw/com/impl/com_error.h: In member function 'virtual std::string_view score::mw::com::impl::ComErrorDomain::MessageFor(const score::result::ErrorCode&) const':
./score/mw/com/impl/com_error.h:186:65: warning: 'score::mw::com::impl::ComErrc::kServiceInstanceAlreadyOffered' is deprecated: Value has never been used. Calls to OfferService shall be idempotent. [-Wdeprecated-declarations]
  186 |             case static_cast<score::result::ErrorCode>(ComErrc::kServiceInstanceAlreadyOffered):
      |                                                                 ^~~~~~~~~~~~~~~~~~~~~~~~~~~~~~
./score/mw/com/impl/com_error.h:57:5: note: declared here
   57 |     kServiceInstanceAlreadyOffered
      |     ^~~~~~~~~~~~~~~~~~~~~~~~~~~~~~
INFO: From Compiling score/mw/com/impl/proxy_event_base.cpp:
In file included from score/mw/com/impl/proxy_event_base.cpp:16:
./score/mw/com/impl/com_error.h: In member function 'virtual std::string_view score::mw::com::impl::ComErrorDomain::MessageFor(const score::result::ErrorCode&) const':
./score/mw/com/impl/com_error.h:186:65: warning: 'score::mw::com::impl::ComErrc::kServiceInstanceAlreadyOffered' is deprecated: Value has never been used. Calls to OfferService shall be idempotent. [-Wdeprecated-declarations]
  186 |             case static_cast<score::result::ErrorCode>(ComErrc::kServiceInstanceAlreadyOffered):
      |                                                                 ^~~~~~~~~~~~~~~~~~~~~~~~~~~~~~
./score/mw/com/impl/com_error.h:57:5: note: declared here
   57 |     kServiceInstanceAlreadyOffered
      |     ^~~~~~~~~~~~~~~~~~~~~~~~~~~~~~
[1,385 / 1,392] 3 / 6 tests; Compiling score/mw/com/impl/proxy_base.cpp; 0s linux-sandbox ... (2 actions running)
INFO: From Compiling score/mw/com/impl/plumbing/i_proxy_method_binding_factory.cpp:
In file included from ./score/mw/com/impl/instance_identifier.h:16,
                 from ./score/mw/com/impl/handle_type.h:18,
                 from ./score/mw/com/impl/plumbing/i_proxy_method_binding_factory.h:16,
                 from score/mw/com/impl/plumbing/i_proxy_method_binding_factory.cpp:13:
./score/mw/com/impl/com_error.h: In member function 'virtual std::string_view score::mw::com::impl::ComErrorDomain::MessageFor(const score::result::ErrorCode&) const':
./score/mw/com/impl/com_error.h:186:65: warning: 'score::mw::com::impl::ComErrc::kServiceInstanceAlreadyOffered' is deprecated: Value has never been used. Calls to OfferService shall be idempotent. [-Wdeprecated-declarations]
  186 |             case static_cast<score::result::ErrorCode>(ComErrc::kServiceInstanceAlreadyOffered):
      |                                                                 ^~~~~~~~~~~~~~~~~~~~~~~~~~~~~~
./score/mw/com/impl/com_error.h:57:5: note: declared here
   57 |     kServiceInstanceAlreadyOffered
      |     ^~~~~~~~~~~~~~~~~~~~~~~~~~~~~~
[1,386 / 1,392] 3 / 6 tests; Compiling score/mw/com/impl/proxy_base.cpp; 1s linux-sandbox ... (2 actions, 1 running)
INFO: From Compiling score/mw/com/impl/proxy_base.cpp:
In file included from ./score/mw/com/impl/instance_identifier.h:16,
                 from ./score/mw/com/impl/handle_type.h:18,
                 from ./score/mw/com/impl/proxy_base.h:18,
                 from score/mw/com/impl/proxy_base.cpp:13:
./score/mw/com/impl/com_error.h: In member function 'virtual std::string_view score::mw::com::impl::ComErrorDomain::MessageFor(const score::result::ErrorCode&) const':
./score/mw/com/impl/com_error.h:186:65: warning: 'score::mw::com::impl::ComErrc::kServiceInstanceAlreadyOffered' is deprecated: Value has never been used. Calls to OfferService shall be idempotent. [-Wdeprecated-declarations]
  186 |             case static_cast<score::result::ErrorCode>(ComErrc::kServiceInstanceAlreadyOffered):
      |                                                                 ^~~~~~~~~~~~~~~~~~~~~~~~~~~~~~
./score/mw/com/impl/com_error.h:57:5: note: declared here
   57 |     kServiceInstanceAlreadyOffered
      |     ^~~~~~~~~~~~~~~~~~~~~~~~~~~~~~
[1,389 / 1,392] 3 / 6 tests; Compiling Rust bin score_com_concept-macros-unit-tests_linux (1 file); 0s linux-sandbox ... (3 actions running)
ERROR: /media/jefferson/11c42dee-73a3-4c2b-ab42-a0440011d9e0/.s-core-build/runs/communication-781-490-hctgrn42/workspaces/490/score/mw/com/impl/rust/com-api/com-api-runtime-mock/BUILD:41:10: Compiling Rust bin generated-interface-test (1 file) failed: (Exit 1): process_wrapper failed: error executing Rustc command (from target //score/mw/com/impl/rust/com-api/com-api-runtime-mock:generated-interface-test) bazel-out/k8-opt-exec-ST-d57f47055a04/bin/external/rules_rust+/util/process_wrapper/process_wrapper --arg-file ... (remaining 8 arguments skipped)

Use --sandbox_debug to see verbose messages from the sandbox and retain the sandbox build root for debugging
error[E0599]: no method named `offer_service` found for associated type `<R as Runtime>::ProviderInfo` in the current scope
  --> score/mw/com/impl/rust/com-api/com-api-runtime-mock/generated_interface_test.rs:25:1
   |
25 | score_com::interface!(interface Generated { Id = "mock_test::Generated", event: Event<TestData> });
   | ^^^^^^^^^^^^^^^^^^^^^^^^^^^^^^^^^^^^^^^^^^^^^^^^^^^^^^^^^^^^^^^^^^^^^^^^^^^^^^^^^^^^^^^^^^^^^^^^^^
   |
  --> ./score/mw/com/rust/score_com_concept/concept.rs:149:7
   |
   = note: the method is available for `<R as Runtime>::ProviderInfo` here
   |
   = help: items from traits can only be used if the trait is in scope
   = note: this error originates in the macro `$crate::interface_producer` which comes from the expansion of the macro `score_com::interface` (in Nightly builds, run with -Z macro-backtrace for more info)
help: trait `ProviderInfo` which provides `offer_service` is implemented but not in scope; perhaps you want to import it
   |
14 + use score_com::ProviderInfo;
   |

error[E0599]: no method named `stop_offer_service` found for associated type `<R as Runtime>::ProviderInfo` in the current scope
  --> score/mw/com/impl/rust/com-api/com-api-runtime-mock/generated_interface_test.rs:25:1
   |
25 | score_com::interface!(interface Generated { Id = "mock_test::Generated", event: Event<TestData> });
   | ^^^^^^^^^^^^^^^^^^^^^^^^^^^^^^^^^^^^^^^^^^^^^^^^^^^^^^^^^^^^^^^^^^^^^^^^^^^^^^^^^^^^^^^^^^^^^^^^^^
   |
  --> ./score/mw/com/rust/score_com_concept/concept.rs:159:7
   |
   = note: the method is available for `<R as Runtime>::ProviderInfo` here
   |
   = help: items from traits can only be used if the trait is in scope
   = note: this error originates in the macro `$crate::interface_producer` which comes from the expansion of the macro `score_com::interface` (in Nightly builds, run with -Z macro-backtrace for more info)
help: trait `ProviderInfo` which provides `stop_offer_service` is implemented but not in scope; perhaps you want to import it
   |
14 + use score_com::ProviderInfo;
   |

error: aborting due to 2 previous errors

For more information about this error, try `rustc --explain E0599`.
[1,392 / 1,392] 4 / 6 tests, 1 failed; no actions running
Use --verbose_failures to see the command lines of failed build steps.
INFO: Elapsed time: 232.363s, Critical Path: 17.34s
INFO: 313 processes: 1095 action cache hit, 77 internal, 236 linux-sandbox.
ERROR: Build did NOT complete successfully
FAILED: 
//score/mw/com/rust/score_com_concept:score_com_concept-macros-unit-tests NO STATUS
//score/mw/com/rust/score_com_concept:score_com_concept-test          NO STATUS
//score/mw/com/impl/rust/com-api/com-api-runtime-mock:generated-interface-test FAILED TO BUILD
//score/mw/com/impl/rust/com-api/com-api-runtime-mock:com-api-runtime-mock-doc-tests PASSED in 1.2s
//score/mw/com/impl/rust/com-api/com-api-runtime-mock:com-api-runtime-mock-tests PASSED in 0.1s
//score/mw/com/rust/score_com_concept:score_com_concept-macros-tests     PASSED in 1.6s

Executed 3 out of 6 tests: 3 tests pass, 1 fails to build, and 2 were skipped.
There were tests whose specified size is too big. Use the --test_verbose_timeout_warnings command line option to see which ones these are.
INFO: Build Event Protocol files produced successfully.
