$TEST_TMPDIR defined, some defaults will be overridden
OpenJDK 64-Bit Server VM warning: Options -Xverify:none and -noverify were deprecated in JDK 13 and will likely be removed in a future release.
WARNING: The following configs were expanded more than once: [linux_x64_gcc_15]. For repeatable flags, repeats are counted twice and may lead to unexpected behavior.
Computing main repo mapping: 
Computing main repo mapping: 
Computing main repo mapping: 
WARNING: The following configs were expanded more than once: [linux_x64_gcc_15]. For repeatable flags, repeats are counted twice and may lead to unexpected behavior.
Computing main repo mapping: 
Computing main repo mapping: 
Computing main repo mapping: 
Computing main repo mapping: 
Computing main repo mapping: 
Computing main repo mapping: 
Computing main repo mapping: 
Computing main repo mapping: 
Computing main repo mapping: 
Computing main repo mapping: 
Computing main repo mapping: 
Computing main repo mapping: 
Computing main repo mapping: 
Loading: 
Loading: 5 packages loaded
Loading: 5 packages loaded
    currently loading: score/mw/com/rust/score_com_concept ... (2 packages)
Analyzing: 3 targets (7 packages loaded)
Analyzing: 3 targets (7 packages loaded, 0 targets configured)
Analyzing: 3 targets (7 packages loaded, 0 targets configured)

Analyzing: 3 targets (49 packages loaded, 9 targets configured)

Analyzing: 3 targets (98 packages loaded, 9 targets configured)

Analyzing: 3 targets (177 packages loaded, 6763 targets configured)

Analyzing: 3 targets (221 packages loaded, 10322 targets configured)

Analyzing: 3 targets (259 packages loaded, 10644 targets configured)

Analyzing: 3 targets (324 packages loaded, 12972 targets configured)

Analyzing: 3 targets (349 packages loaded, 14283 targets configured)

Analyzing: 3 targets (358 packages loaded, 14758 targets configured)

INFO: Analyzed 3 targets (367 packages loaded, 14946 targets configured).
[1 / 3] checking cached actions
[33 / 226] checking cached actions
[153 / 1,251] [Scann] Compiling score/mw/com/impl/rust/com-api/com-api-ffi-lola/registry_bridge_macro.cpp
[223 / 1,251] Compiling score/mw/com/impl/rust/com-api/com-api-ffi-lola/registry_bridge_macro.cpp; 1s linux-sandbox ... (2 actions running)
[250 / 1,251] Compiling score/mw/com/impl/rust/com-api/com-api-ffi-lola/registry_bridge_macro.cpp; 2s linux-sandbox ... (3 actions running)
[269 / 1,251] Compiling score/mw/com/impl/rust/com-api/com-api-ffi-lola/registry_bridge_macro.cpp; 3s linux-sandbox ... (4 actions, 3 running)
[282 / 1,251] Compiling score/mw/com/impl/rust/com-api/com-api-ffi-lola/registry_bridge_macro.cpp; 5s linux-sandbox ... (4 actions running)
[283 / 1,251] Compiling score/mw/com/impl/rust/com-api/com-api-ffi-lola/registry_bridge_macro.cpp; 7s linux-sandbox ... (4 actions, 3 running)
INFO: From Compiling score/mw/com/impl/rust/com-api/com-api-ffi-lola/registry_bridge_macro.cpp:
In file included from ./score/mw/com/impl/instance_identifier.h:16,
                 from ./score/mw/com/impl/handle_type.h:18,
                 from ./score/mw/com/impl/proxy_base.h:18,
                 from ./score/mw/com/impl/rust/com-api/com-api-ffi-lola/registry_bridge_macro.h:68,
                 from score/mw/com/impl/rust/com-api/com-api-ffi-lola/registry_bridge_macro.cpp:24:
./score/mw/com/impl/com_error.h: In member function 'virtual std::string_view score::mw::com::impl::ComErrorDomain::MessageFor(const score::result::ErrorCode&) const':
./score/mw/com/impl/com_error.h:186:65: warning: 'score::mw::com::impl::ComErrc::kServiceInstanceAlreadyOffered' is deprecated: Value has never been used. Calls to OfferService shall be idempotent. [-Wdeprecated-declarations]
  186 |             case static_cast<score::result::ErrorCode>(ComErrc::kServiceInstanceAlreadyOffered):
      |                                                                 ^~~~~~~~~~~~~~~~~~~~~~~~~~~~~~
./score/mw/com/impl/com_error.h:57:5: note: declared here
   57 |     kServiceInstanceAlreadyOffered
      |     ^~~~~~~~~~~~~~~~~~~~~~~~~~~~~~
[288 / 1,251] Compiling Rust rlib libc v0.2.186 (346 files); 5s linux-sandbox ... (4 actions, 3 running)
[290 / 1,251] Compiling Rust rlib libc v0.2.186 (346 files); 7s linux-sandbox ... (4 actions running)
[293 / 1,251] Compiling Rust rlib libc v0.2.186 (346 files); 8s linux-sandbox ... (4 actions running)
[299 / 1,251] Compiling Rust rlib libc v0.2.186 (346 files); 9s linux-sandbox ... (4 actions, 3 running)
[303 / 1,251] Compiling Rust rlib libc v0.2.186 (346 files); 10s linux-sandbox ... (4 actions, 3 running)
[306 / 1,251] Compiling Rust rlib libc v0.2.186 (346 files); 12s linux-sandbox ... (4 actions running)
INFO: From Compiling score/mw/com/runtime.cpp:
In file included from ./score/mw/com/impl/instance_identifier.h:16,
                 from ./score/mw/com/impl/handle_type.h:18,
                 from ./score/mw/com/impl/proxy_base.h:18,
                 from ./score/mw/com/impl/generic_proxy_event.h:18,
                 from ./score/mw/com/impl/generic_proxy.h:18,
                 from ./score/mw/com/types.h:24,
                 from ./score/mw/com/mocking/i_runtime.h:17,
                 from ./score/mw/com/runtime.h:24,
                 from score/mw/com/runtime.cpp:13:
./score/mw/com/impl/com_error.h: In member function 'virtual std::string_view score::mw::com::impl::ComErrorDomain::MessageFor(const score::result::ErrorCode&) const':
./score/mw/com/impl/com_error.h:186:65: warning: 'score::mw::com::impl::ComErrc::kServiceInstanceAlreadyOffered' is deprecated: Value has never been used. Calls to OfferService shall be idempotent. [-Wdeprecated-declarations]
  186 |             case static_cast<score::result::ErrorCode>(ComErrc::kServiceInstanceAlreadyOffered):
      |                                                                 ^~~~~~~~~~~~~~~~~~~~~~~~~~~~~~
./score/mw/com/impl/com_error.h:57:5: note: declared here
   57 |     kServiceInstanceAlreadyOffered
      |     ^~~~~~~~~~~~~~~~~~~~~~~~~~~~~~
score/mw/com/runtime.cpp: In function 'void score::mw::com::runtime::InitializeRuntime(int32_t, const char**)':
score/mw/com/runtime.cpp:58:47: warning: 'virtual void score::mw::com::runtime::IRuntime::InitializeRuntime(int32_t, score::cpp::span<const char*>)' is deprecated: Please use InitializeRuntime(cpp::span<safecpp::zstring_view> command_line_arguments) for guaranteed NULL terminated arguments [-Wdeprecated-declarations]
   58 |         runtime_mock_holder->InitializeRuntime(argc, argv_span);
      |         ~~~~~~~~~~~~~~~~~~~~~~~~~~~~~~~~~~~~~~^~~~~~~~~~~~~~~~~
./score/mw/com/mocking/i_runtime.h:38:18: note: declared here
   38 |     virtual void InitializeRuntime(const std::int32_t argc, score::cpp::span<const char*> argv) = 0;
      |                  ^~~~~~~~~~~~~~~~~
score/mw/com/runtime.cpp:62:64: warning: 'score::mw::com::runtime::RuntimeConfiguration::RuntimeConfiguration(int32_t, const char**)' is deprecated: Please use RuntimeConfiguration(cpp::span<safecpp::zstring_view> command_line_arguments) for guaranteed NULL terminated arguments [-Wdeprecated-declarations]
   62 |     const RuntimeConfiguration runtime_configuration{argc, argv};
      |                                                                ^
In file included from ./score/mw/com/mocking/i_runtime.h:16:
./score/mw/com/runtime_configuration.h:56:5: note: declared here
   56 |     RuntimeConfiguration(const std::int32_t argc, const char* argv[]);
      |     ^~~~~~~~~~~~~~~~~~~~
[314 / 1,251] Compiling Rust rlib libc v0.2.186 (346 files); 13s linux-sandbox ... (4 actions running)
[320 / 1,251] Compiling score/mw/com/mocking/i_runtime.cpp; 1s linux-sandbox ... (4 actions, 3 running)
[334 / 1,251] Compiling score/mw/com/mocking/i_runtime.cpp; 2s linux-sandbox ... (4 actions, 3 running)
INFO: From Compiling score/mw/com/mocking/i_runtime.cpp:
In file included from ./score/mw/com/impl/instance_identifier.h:16,
                 from ./score/mw/com/impl/handle_type.h:18,
                 from ./score/mw/com/impl/proxy_base.h:18,
                 from ./score/mw/com/impl/generic_proxy_event.h:18,
                 from ./score/mw/com/impl/generic_proxy.h:18,
                 from ./score/mw/com/types.h:24,
                 from ./score/mw/com/mocking/i_runtime.h:17,
                 from score/mw/com/mocking/i_runtime.cpp:13:
./score/mw/com/impl/com_error.h: In member function 'virtual std::string_view score::mw::com::impl::ComErrorDomain::MessageFor(const score::result::ErrorCode&) const':
./score/mw/com/impl/com_error.h:186:65: warning: 'score::mw::com::impl::ComErrc::kServiceInstanceAlreadyOffered' is deprecated: Value has never been used. Calls to OfferService shall be idempotent. [-Wdeprecated-declarations]
  186 |             case static_cast<score::result::ErrorCode>(ComErrc::kServiceInstanceAlreadyOffered):
      |                                                                 ^~~~~~~~~~~~~~~~~~~~~~~~~~~~~~
./score/mw/com/impl/com_error.h:57:5: note: declared here
   57 |     kServiceInstanceAlreadyOffered
      |     ^~~~~~~~~~~~~~~~~~~~~~~~~~~~~~
[341 / 1,251] Compiling Rust rlib bridge_ffi_rs (2 files); 0s linux-sandbox ... (4 actions, 3 running)
[376 / 1,251] Compiling score/mw/com/types.cpp; 1s linux-sandbox ... (3 actions, 2 running)
[381 / 1,251] Compiling score/mw/com/types.cpp; 2s linux-sandbox ... (3 actions running)
INFO: From Compiling score/mw/com/types.cpp:
In file included from ./score/mw/com/impl/instance_identifier.h:16,
                 from ./score/mw/com/impl/handle_type.h:18,
                 from ./score/mw/com/impl/proxy_base.h:18,
                 from ./score/mw/com/impl/generic_proxy_event.h:18,
                 from ./score/mw/com/impl/generic_proxy.h:18,
                 from ./score/mw/com/types.h:24,
                 from score/mw/com/types.cpp:13:
./score/mw/com/impl/com_error.h: In member function 'virtual std::string_view score::mw::com::impl::ComErrorDomain::MessageFor(const score::result::ErrorCode&) const':
./score/mw/com/impl/com_error.h:186:65: warning: 'score::mw::com::impl::ComErrc::kServiceInstanceAlreadyOffered' is deprecated: Value has never been used. Calls to OfferService shall be idempotent. [-Wdeprecated-declarations]
  186 |             case static_cast<score::result::ErrorCode>(ComErrc::kServiceInstanceAlreadyOffered):
      |                                                                 ^~~~~~~~~~~~~~~~~~~~~~~~~~~~~~
./score/mw/com/impl/com_error.h:57:5: note: declared here
   57 |     kServiceInstanceAlreadyOffered
      |     ^~~~~~~~~~~~~~~~~~~~~~~~~~~~~~
[392 / 1,251] Compiling score/mw/log/detail/text_recorder/console_recorder_factory.cpp; 1s linux-sandbox ... (3 actions running)
[402 / 1,251] Compiling score/mw/com/impl/generic_proxy.cpp; 2s linux-sandbox ... (4 actions running)
INFO: From Compiling score/mw/com/impl/generic_proxy.cpp:
In file included from ./score/mw/com/impl/instance_identifier.h:16,
                 from ./score/mw/com/impl/handle_type.h:18,
                 from ./score/mw/com/impl/proxy_base.h:18,
                 from ./score/mw/com/impl/generic_proxy_event.h:18,
                 from ./score/mw/com/impl/generic_proxy.h:18,
                 from score/mw/com/impl/generic_proxy.cpp:14:
./score/mw/com/impl/com_error.h: In member function 'virtual std::string_view score::mw::com::impl::ComErrorDomain::MessageFor(const score::result::ErrorCode&) const':
./score/mw/com/impl/com_error.h:186:65: warning: 'score::mw::com::impl::ComErrc::kServiceInstanceAlreadyOffered' is deprecated: Value has never been used. Calls to OfferService shall be idempotent. [-Wdeprecated-declarations]
  186 |             case static_cast<score::result::ErrorCode>(ComErrc::kServiceInstanceAlreadyOffered):
      |                                                                 ^~~~~~~~~~~~~~~~~~~~~~~~~~~~~~
./score/mw/com/impl/com_error.h:57:5: note: declared here
   57 |     kServiceInstanceAlreadyOffered
      |     ^~~~~~~~~~~~~~~~~~~~~~~~~~~~~~
[408 / 1,251] Compiling Rust rlib bridge_ffi_lola (1 file); 1s linux-sandbox ... (4 actions running)
[410 / 1,251] Compiling score/os/libgen.cpp; 1s linux-sandbox ... (3 actions running)
[414 / 1,251] Compiling score/mw/com/impl/generic_skeleton.cpp; 3s linux-sandbox ... (3 actions running)
[416 / 1,251] Compiling score/mw/com/impl/generic_skeleton.cpp; 4s linux-sandbox ... (3 actions running)
[425 / 1,251] Compiling score/mw/com/impl/generic_skeleton.cpp; 5s linux-sandbox ... (4 actions running)
[426 / 1,251] Compiling score/mw/com/impl/generic_skeleton.cpp; 6s linux-sandbox ... (4 actions, 3 running)
INFO: From Compiling score/mw/com/impl/generic_skeleton.cpp:
In file included from ./score/mw/com/impl/instance_identifier.h:16,
                 from ./score/mw/com/impl/generic_skeleton.h:18,
                 from score/mw/com/impl/generic_skeleton.cpp:13:
./score/mw/com/impl/com_error.h: In member function 'virtual std::string_view score::mw::com::impl::ComErrorDomain::MessageFor(const score::result::ErrorCode&) const':
./score/mw/com/impl/com_error.h:186:65: warning: 'score::mw::com::impl::ComErrc::kServiceInstanceAlreadyOffered' is deprecated: Value has never been used. Calls to OfferService shall be idempotent. [-Wdeprecated-declarations]
  186 |             case static_cast<score::result::ErrorCode>(ComErrc::kServiceInstanceAlreadyOffered):
      |                                                                 ^~~~~~~~~~~~~~~~~~~~~~~~~~~~~~
./score/mw/com/impl/com_error.h:57:5: note: declared here
   57 |     kServiceInstanceAlreadyOffered
      |     ^~~~~~~~~~~~~~~~~~~~~~~~~~~~~~
[431 / 1,251] Compiling Rust rlib com-api-runtime-mock (1 file); 2s linux-sandbox ... (4 actions, 3 running)
[434 / 1,251] Compiling score/json/internal/model/number.cpp; 2s linux-sandbox ... (4 actions running)
[435 / 1,251] Compiling score/mw/com/impl/generic_skeleton_event.cpp; 4s linux-sandbox ... (4 actions, 3 running)
[436 / 1,251] Compiling score/mw/com/impl/generic_skeleton_event.cpp; 5s linux-sandbox ... (4 actions, 3 running)
[436 / 1,251] Compiling score/mw/com/impl/generic_skeleton_event.cpp; 6s linux-sandbox ... (4 actions running)
INFO: From Compiling score/mw/com/impl/generic_skeleton_event.cpp:
In file included from score/mw/com/impl/generic_skeleton_event.cpp:14:
./score/mw/com/impl/com_error.h: In member function 'virtual std::string_view score::mw::com::impl::ComErrorDomain::MessageFor(const score::result::ErrorCode&) const':
./score/mw/com/impl/com_error.h:186:65: warning: 'score::mw::com::impl::ComErrc::kServiceInstanceAlreadyOffered' is deprecated: Value has never been used. Calls to OfferService shall be idempotent. [-Wdeprecated-declarations]
  186 |             case static_cast<score::result::ErrorCode>(ComErrc::kServiceInstanceAlreadyOffered):
      |                                                                 ^~~~~~~~~~~~~~~~~~~~~~~~~~~~~~
./score/mw/com/impl/com_error.h:57:5: note: declared here
   57 |     kServiceInstanceAlreadyOffered
      |     ^~~~~~~~~~~~~~~~~~~~~~~~~~~~~~
[441 / 1,251] Compiling Rust bin com-api-runtime-mock-tests (1 file); 6s linux-sandbox ... (3 actions, 2 running)
[446 / 1,251] Compiling Rust bin com-api-runtime-mock-tests (1 file); 7s linux-sandbox ... (4 actions, 3 running)
[450 / 1,251] Compiling Rust bin com-api-runtime-mock-tests (1 file); 8s linux-sandbox ... (4 actions running)
[454 / 1,251] Compiling Rust bin com-api-runtime-mock-tests (1 file); 10s linux-sandbox ... (4 actions running)
[458 / 1,251] Compiling Rust bin com-api-runtime-mock-tests (1 file); 11s linux-sandbox ... (4 actions running)
[459 / 1,252] Compiling score/mw/com/impl/traits.cpp; 7s linux-sandbox ... (4 actions, 3 running)
[464 / 1,253] Compiling score/mw/com/impl/traits.cpp; 8s linux-sandbox ... (4 actions, 3 running)
[465 / 1,253] Compiling score/mw/com/impl/traits.cpp; 10s linux-sandbox ... (4 actions, 3 running)
[469 / 1,253] Compiling score/mw/com/impl/traits.cpp; 11s linux-sandbox ... (3 actions running)
[471 / 1,253] Compiling score/mw/com/impl/traits.cpp; 13s linux-sandbox ... (4 actions, 3 running)
[477 / 1,253] Compiling score/mw/com/impl/traits.cpp; 14s linux-sandbox ... (4 actions running)
INFO: From Compiling score/mw/com/impl/traits.cpp:
In file included from ./score/mw/com/impl/traits.h:16,
                 from score/mw/com/impl/traits.cpp:13:
./score/mw/com/impl/com_error.h: In member function 'virtual std::string_view score::mw::com::impl::ComErrorDomain::MessageFor(const score::result::ErrorCode&) const':
./score/mw/com/impl/com_error.h:186:65: warning: 'score::mw::com::impl::ComErrc::kServiceInstanceAlreadyOffered' is deprecated: Value has never been used. Calls to OfferService shall be idempotent. [-Wdeprecated-declarations]
  186 |             case static_cast<score::result::ErrorCode>(ComErrc::kServiceInstanceAlreadyOffered):
      |                                                                 ^~~~~~~~~~~~~~~~~~~~~~~~~~~~~~
./score/mw/com/impl/com_error.h:57:5: note: declared here
   57 |     kServiceInstanceAlreadyOffered
      |     ^~~~~~~~~~~~~~~~~~~~~~~~~~~~~~
[479 / 1,253] Compiling score/json/internal/writer/json_serialize/json_serialize.cpp; 3s linux-sandbox ... (4 actions running)
[484 / 1,253] Compiling score/mw/com/impl/proxy_field.cpp; 2s linux-sandbox ... (4 actions, 3 running)
[488 / 1,253] Compiling score/mw/com/impl/proxy_field.cpp; 3s linux-sandbox ... (4 actions running)
[491 / 1,253] Compiling score/mw/com/impl/proxy_field.cpp; 4s linux-sandbox ... (4 actions running)
[493 / 1,253] Compiling score/mw/com/impl/proxy_field.cpp; 5s linux-sandbox ... (4 actions running)
[496 / 1,253] Compiling score/mw/com/impl/proxy_field.cpp; 6s linux-sandbox ... (4 actions running)
[497 / 1,253] Compiling score/mw/com/impl/proxy_field.cpp; 7s linux-sandbox ... (4 actions, 3 running)
INFO: From Compiling score/mw/com/impl/proxy_field.cpp:
In file included from ./score/mw/com/impl/instance_identifier.h:16,
                 from ./score/mw/com/impl/handle_type.h:18,
                 from ./score/mw/com/impl/enriched_instance_identifier.h:17,
                 from ./score/mw/com/impl/i_service_discovery_client.h:16,
                 from ./score/mw/com/impl/i_binding_runtime.h:17,
                 from ./score/mw/com/impl/bindings/lola/i_runtime.h:20,
                 from ./score/mw/com/impl/bindings/lola/proxy_method.h:17,
                 from ./score/mw/com/impl/bindings/lola/proxy.h:24,
                 from ./score/mw/com/impl/methods/proxy_method.h:16,
                 from ./score/mw/com/impl/methods/proxy_method_with_in_args_and_return.h:18,
                 from ./score/mw/com/impl/proxy_field.h:19,
                 from score/mw/com/impl/proxy_field.cpp:13:
./score/mw/com/impl/com_error.h: In member function 'virtual std::string_view score::mw::com::impl::ComErrorDomain::MessageFor(const score::result::ErrorCode&) const':
./score/mw/com/impl/com_error.h:186:65: warning: 'score::mw::com::impl::ComErrc::kServiceInstanceAlreadyOffered' is deprecated: Value has never been used. Calls to OfferService shall be idempotent. [-Wdeprecated-declarations]
  186 |             case static_cast<score::result::ErrorCode>(ComErrc::kServiceInstanceAlreadyOffered):
      |                                                                 ^~~~~~~~~~~~~~~~~~~~~~~~~~~~~~
./score/mw/com/impl/com_error.h:57:5: note: declared here
   57 |     kServiceInstanceAlreadyOffered
      |     ^~~~~~~~~~~~~~~~~~~~~~~~~~~~~~
[502 / 1,253] Compiling score/filesystem/filestream/file_buf.cpp; 1s linux-sandbox ... (4 actions, 3 running)
[506 / 1,253] Compiling score/mw/com/impl/proxy_event.cpp; 2s linux-sandbox ... (4 actions, 3 running)
[509 / 1,253] Compiling score/mw/com/impl/proxy_event.cpp; 3s linux-sandbox ... (4 actions running)
INFO: From Compiling score/mw/com/impl/proxy_event.cpp:
In file included from ./score/mw/com/impl/instance_identifier.h:16,
                 from ./score/mw/com/impl/proxy_event.h:16,
                 from score/mw/com/impl/proxy_event.cpp:13:
./score/mw/com/impl/com_error.h: In member function 'virtual std::string_view score::mw::com::impl::ComErrorDomain::MessageFor(const score::result::ErrorCode&) const':
./score/mw/com/impl/com_error.h:186:65: warning: 'score::mw::com::impl::ComErrc::kServiceInstanceAlreadyOffered' is deprecated: Value has never been used. Calls to OfferService shall be idempotent. [-Wdeprecated-declarations]
  186 |             case static_cast<score::result::ErrorCode>(ComErrc::kServiceInstanceAlreadyOffered):
      |                                                                 ^~~~~~~~~~~~~~~~~~~~~~~~~~~~~~
./score/mw/com/impl/com_error.h:57:5: note: declared here
   57 |     kServiceInstanceAlreadyOffered
      |     ^~~~~~~~~~~~~~~~~~~~~~~~~~~~~~
[511 / 1,253] Compiling score/json/internal/parser/nlohmann/json_builder.cpp; 3s linux-sandbox ... (3 actions, 2 running)
[514 / 1,253] Compiling score/json/internal/parser/nlohmann/json_builder.cpp; 5s linux-sandbox ... (4 actions, 3 running)
[520 / 1,253] Compiling score/mw/com/impl/generic_proxy_event.cpp; 2s linux-sandbox ... (4 actions running)
[523 / 1,253] Compiling score/mw/com/impl/generic_proxy_event.cpp; 4s linux-sandbox ... (4 actions, 3 running)
INFO: From Compiling score/mw/com/impl/generic_proxy_event.cpp:
In file included from ./score/mw/com/impl/instance_identifier.h:16,
                 from ./score/mw/com/impl/handle_type.h:18,
                 from ./score/mw/com/impl/proxy_base.h:18,
                 from ./score/mw/com/impl/generic_proxy_event.h:18,
                 from score/mw/com/impl/generic_proxy_event.cpp:13:
./score/mw/com/impl/com_error.h: In member function 'virtual std::string_view score::mw::com::impl::ComErrorDomain::MessageFor(const score::result::ErrorCode&) const':
./score/mw/com/impl/com_error.h:186:65: warning: 'score::mw::com::impl::ComErrc::kServiceInstanceAlreadyOffered' is deprecated: Value has never been used. Calls to OfferService shall be idempotent. [-Wdeprecated-declarations]
  186 |             case static_cast<score::result::ErrorCode>(ComErrc::kServiceInstanceAlreadyOffered):
      |                                                                 ^~~~~~~~~~~~~~~~~~~~~~~~~~~~~~
./score/mw/com/impl/com_error.h:57:5: note: declared here
   57 |     kServiceInstanceAlreadyOffered
      |     ^~~~~~~~~~~~~~~~~~~~~~~~~~~~~~
[528 / 1,253] Compiling score/mw/log/detail/registry_aware_recorder_factory.cpp; 1s linux-sandbox ... (4 actions, 3 running)
[535 / 1,253] Compiling score/mw/log/detail/registry_aware_recorder_factory.cpp; 2s linux-sandbox ... (4 actions running)
[537 / 1,253] Compiling score/mw/com/impl/skeleton_field.cpp; 3s linux-sandbox ... (4 actions running)
[541 / 1,253] Compiling score/mw/com/impl/skeleton_field.cpp; 4s linux-sandbox ... (4 actions, 3 running)
INFO: From Compiling score/mw/com/impl/skeleton_field.cpp:
In file included from ./score/mw/com/impl/instance_identifier.h:16,
                 from ./score/mw/com/impl/plumbing/skeleton_method_binding_factory.h:16,
                 from ./score/mw/com/impl/methods/skeleton_method.h:21,
                 from ./score/mw/com/impl/skeleton_field.h:19,
                 from score/mw/com/impl/skeleton_field.cpp:13:
./score/mw/com/impl/com_error.h: In member function 'virtual std::string_view score::mw::com::impl::ComErrorDomain::MessageFor(const score::result::ErrorCode&) const':
./score/mw/com/impl/com_error.h:186:65: warning: 'score::mw::com::impl::ComErrc::kServiceInstanceAlreadyOffered' is deprecated: Value has never been used. Calls to OfferService shall be idempotent. [-Wdeprecated-declarations]
  186 |             case static_cast<score::result::ErrorCode>(ComErrc::kServiceInstanceAlreadyOffered):
      |                                                                 ^~~~~~~~~~~~~~~~~~~~~~~~~~~~~~
./score/mw/com/impl/com_error.h:57:5: note: declared here
   57 |     kServiceInstanceAlreadyOffered
      |     ^~~~~~~~~~~~~~~~~~~~~~~~~~~~~~
[546 / 1,253] Compiling score/mw/com/impl/skeleton_event.cpp; 0s linux-sandbox ... (4 actions, 3 running)
INFO: From Compiling score/mw/com/impl/com_error.cpp:
In file included from score/mw/com/impl/com_error.cpp:13:
./score/mw/com/impl/com_error.h: In member function 'virtual std::string_view score::mw::com::impl::ComErrorDomain::MessageFor(const score::result::ErrorCode&) const':
./score/mw/com/impl/com_error.h:186:65: warning: 'score::mw::com::impl::ComErrc::kServiceInstanceAlreadyOffered' is deprecated: Value has never been used. Calls to OfferService shall be idempotent. [-Wdeprecated-declarations]
  186 |             case static_cast<score::result::ErrorCode>(ComErrc::kServiceInstanceAlreadyOffered):
      |                                                                 ^~~~~~~~~~~~~~~~~~~~~~~~~~~~~~
./score/mw/com/impl/com_error.h:57:5: note: declared here
   57 |     kServiceInstanceAlreadyOffered
      |     ^~~~~~~~~~~~~~~~~~~~~~~~~~~~~~
[556 / 1,253] Compiling score/mw/com/impl/skeleton_event.cpp; 2s linux-sandbox ... (4 actions, 3 running)
[564 / 1,253] Compiling score/mw/com/impl/skeleton_event.cpp; 3s linux-sandbox ... (4 actions, 3 running)
[567 / 1,253] Compiling score/mw/com/impl/skeleton_event.cpp; 4s linux-sandbox ... (4 actions running)
[572 / 1,253] Compiling score/mw/com/impl/skeleton_event.cpp; 6s linux-sandbox ... (4 actions, 3 running)
[577 / 1,253] Compiling score/mw/com/impl/skeleton_event.cpp; 7s linux-sandbox ... (4 actions running)
INFO: From Compiling score/mw/com/impl/skeleton_event.cpp:
In file included from ./score/mw/com/impl/instance_identifier.h:16,
                 from ./score/mw/com/impl/skeleton_event.h:16,
                 from score/mw/com/impl/skeleton_event.cpp:13:
./score/mw/com/impl/com_error.h: In member function 'virtual std::string_view score::mw::com::impl::ComErrorDomain::MessageFor(const score::result::ErrorCode&) const':
./score/mw/com/impl/com_error.h:186:65: warning: 'score::mw::com::impl::ComErrc::kServiceInstanceAlreadyOffered' is deprecated: Value has never been used. Calls to OfferService shall be idempotent. [-Wdeprecated-declarations]
  186 |             case static_cast<score::result::ErrorCode>(ComErrc::kServiceInstanceAlreadyOffered):
      |                                                                 ^~~~~~~~~~~~~~~~~~~~~~~~~~~~~~
./score/mw/com/impl/com_error.h:57:5: note: declared here
   57 |     kServiceInstanceAlreadyOffered
      |     ^~~~~~~~~~~~~~~~~~~~~~~~~~~~~~
[581 / 1,253] Compiling score/mw/com/impl/bindings/lola/transaction_log.cpp; 2s linux-sandbox ... (4 actions running)
INFO: From Compiling score/mw/com/impl/bindings/lola/transaction_log_local_view.cpp:
In file included from score/mw/com/impl/bindings/lola/transaction_log_local_view.cpp:19:
./score/mw/com/impl/com_error.h: In member function 'virtual std::string_view score::mw::com::impl::ComErrorDomain::MessageFor(const score::result::ErrorCode&) const':
./score/mw/com/impl/com_error.h:186:65: warning: 'score::mw::com::impl::ComErrc::kServiceInstanceAlreadyOffered' is deprecated: Value has never been used. Calls to OfferService shall be idempotent. [-Wdeprecated-declarations]
  186 |             case static_cast<score::result::ErrorCode>(ComErrc::kServiceInstanceAlreadyOffered):
      |                                                                 ^~~~~~~~~~~~~~~~~~~~~~~~~~~~~~
./score/mw/com/impl/com_error.h:57:5: note: declared here
   57 |     kServiceInstanceAlreadyOffered
      |     ^~~~~~~~~~~~~~~~~~~~~~~~~~~~~~
[589 / 1,253] Compiling score/mw/com/impl/bindings/lola/consumer_event_data_control_local_view.cpp; 1s linux-sandbox ... (4 actions running)
[590 / 1,253] Compiling score/mw/com/impl/bindings/lola/consumer_event_data_control_local_view.cpp; 2s linux-sandbox ... (4 actions, 3 running)
[598 / 1,253] Compiling score/mw/com/impl/plumbing/proxy_field_binding_factory.cpp; 1s linux-sandbox ... (4 actions running)
[601 / 1,253] Compiling score/mw/com/impl/plumbing/proxy_field_binding_factory.cpp; 2s linux-sandbox ... (4 actions, 3 running)
INFO: From Compiling score/mw/com/impl/plumbing/proxy_field_binding_factory.cpp:
In file included from ./score/mw/com/impl/instance_identifier.h:16,
                 from ./score/mw/com/impl/handle_type.h:18,
                 from ./score/mw/com/impl/plumbing/i_proxy_field_binding_factory.h:16,
                 from ./score/mw/com/impl/plumbing/proxy_field_binding_factory.h:16,
                 from score/mw/com/impl/plumbing/proxy_field_binding_factory.cpp:13:
./score/mw/com/impl/com_error.h: In member function 'virtual std::string_view score::mw::com::impl::ComErrorDomain::MessageFor(const score::result::ErrorCode&) const':
./score/mw/com/impl/com_error.h:186:65: warning: 'score::mw::com::impl::ComErrc::kServiceInstanceAlreadyOffered' is deprecated: Value has never been used. Calls to OfferService shall be idempotent. [-Wdeprecated-declarations]
  186 |             case static_cast<score::result::ErrorCode>(ComErrc::kServiceInstanceAlreadyOffered):
      |                                                                 ^~~~~~~~~~~~~~~~~~~~~~~~~~~~~~
./score/mw/com/impl/com_error.h:57:5: note: declared here
   57 |     kServiceInstanceAlreadyOffered
      |     ^~~~~~~~~~~~~~~~~~~~~~~~~~~~~~
[620 / 1,253] Compiling score/mw/com/impl/configuration/configuration_common_resources.cpp; 1s linux-sandbox ... (4 actions, 3 running)
[625 / 1,253] Compiling score/mw/com/impl/plumbing/proxy_field_binding_factory_impl.cpp; 2s linux-sandbox ... (4 actions running)
[626 / 1,253] Compiling score/mw/com/impl/plumbing/proxy_field_binding_factory_impl.cpp; 3s linux-sandbox ... (4 actions, 3 running)
INFO: From Compiling score/mw/com/impl/plumbing/proxy_field_binding_factory_impl.cpp:
In file included from ./score/mw/com/impl/instance_identifier.h:16,
                 from ./score/mw/com/impl/handle_type.h:18,
                 from ./score/mw/com/impl/enriched_instance_identifier.h:17,
                 from ./score/mw/com/impl/i_service_discovery_client.h:16,
                 from ./score/mw/com/impl/i_binding_runtime.h:17,
                 from ./score/mw/com/impl/bindings/lola/i_runtime.h:20,
                 from ./score/mw/com/impl/bindings/lola/proxy_method.h:17,
                 from ./score/mw/com/impl/bindings/lola/proxy.h:24,
                 from ./score/mw/com/impl/bindings/lola/proxy_event.h:18,
                 from ./score/mw/com/impl/plumbing/proxy_field_binding_factory_impl.h:17,
                 from score/mw/com/impl/plumbing/proxy_field_binding_factory_impl.cpp:13:
./score/mw/com/impl/com_error.h: In member function 'virtual std::string_view score::mw::com::impl::ComErrorDomain::MessageFor(const score::result::ErrorCode&) const':
./score/mw/com/impl/com_error.h:186:65: warning: 'score::mw::com::impl::ComErrc::kServiceInstanceAlreadyOffered' is deprecated: Value has never been used. Calls to OfferService shall be idempotent. [-Wdeprecated-declarations]
  186 |             case static_cast<score::result::ErrorCode>(ComErrc::kServiceInstanceAlreadyOffered):
      |                                                                 ^~~~~~~~~~~~~~~~~~~~~~~~~~~~~~
./score/mw/com/impl/com_error.h:57:5: note: declared here
   57 |     kServiceInstanceAlreadyOffered
      |     ^~~~~~~~~~~~~~~~~~~~~~~~~~~~~~
[630 / 1,253] Compiling score/mw/com/impl/configuration/service_type_deployment.cpp; 3s linux-sandbox ... (4 actions, 3 running)
[632 / 1,253] Compiling score/mw/com/impl/configuration/lola_service_instance_id.cpp; 1s linux-sandbox ... (4 actions, 3 running)
[635 / 1,253] Compiling score/mw/com/impl/configuration/lola_service_instance_id.cpp; 2s linux-sandbox ... (4 actions, 3 running)
INFO: From Compiling score/mw/com/impl/instance_specifier.cpp:
In file included from score/mw/com/impl/instance_specifier.cpp:15:
./score/mw/com/impl/com_error.h: In member function 'virtual std::string_view score::mw::com::impl::ComErrorDomain::MessageFor(const score::result::ErrorCode&) const':
./score/mw/com/impl/com_error.h:186:65: warning: 'score::mw::com::impl::ComErrc::kServiceInstanceAlreadyOffered' is deprecated: Value has never been used. Calls to OfferService shall be idempotent. [-Wdeprecated-declarations]
  186 |             case static_cast<score::result::ErrorCode>(ComErrc::kServiceInstanceAlreadyOffered):
      |                                                                 ^~~~~~~~~~~~~~~~~~~~~~~~~~~~~~
./score/mw/com/impl/com_error.h:57:5: note: declared here
   57 |     kServiceInstanceAlreadyOffered
      |     ^~~~~~~~~~~~~~~~~~~~~~~~~~~~~~
[638 / 1,253] Compiling score/mw/com/impl/configuration/lola_service_instance_id.cpp; 4s linux-sandbox ... (3 actions running)
[639 / 1,253] Compiling score/mw/com/impl/configuration/lola_service_instance_id.cpp; 5s linux-sandbox ... (4 actions running)
INFO: From Compiling score/mw/com/impl/plumbing/i_proxy_field_binding_factory.cpp:
In file included from ./score/mw/com/impl/instance_identifier.h:16,
                 from ./score/mw/com/impl/handle_type.h:18,
                 from ./score/mw/com/impl/plumbing/i_proxy_field_binding_factory.h:16,
                 from score/mw/com/impl/plumbing/i_proxy_field_binding_factory.cpp:13:
./score/mw/com/impl/com_error.h: In member function 'virtual std::string_view score::mw::com::impl::ComErrorDomain::MessageFor(const score::result::ErrorCode&) const':
./score/mw/com/impl/com_error.h:186:65: warning: 'score::mw::com::impl::ComErrc::kServiceInstanceAlreadyOffered' is deprecated: Value has never been used. Calls to OfferService shall be idempotent. [-Wdeprecated-declarations]
  186 |             case static_cast<score::result::ErrorCode>(ComErrc::kServiceInstanceAlreadyOffered):
      |                                                                 ^~~~~~~~~~~~~~~~~~~~~~~~~~~~~~
./score/mw/com/impl/com_error.h:57:5: note: declared here
   57 |     kServiceInstanceAlreadyOffered
      |     ^~~~~~~~~~~~~~~~~~~~~~~~~~~~~~
[649 / 1,253] Compiling score/mw/com/impl/plumbing/skeleton_field_binding_factory.cpp; 1s linux-sandbox ... (4 actions running)
[650 / 1,253] Compiling score/mw/com/impl/plumbing/skeleton_field_binding_factory.cpp; 6s linux-sandbox ... (4 actions, 3 running)
INFO: From Compiling score/mw/com/impl/plumbing/skeleton_field_binding_factory.cpp:
In file included from ./score/mw/com/impl/instance_identifier.h:16,
                 from ./score/mw/com/impl/handle_type.h:18,
                 from ./score/mw/com/impl/enriched_instance_identifier.h:17,
                 from ./score/mw/com/impl/i_service_discovery_client.h:16,
                 from ./score/mw/com/impl/i_binding_runtime.h:17,
                 from ./score/mw/com/impl/bindings/lola/i_runtime.h:20,
                 from ./score/mw/com/impl/bindings/lola/service_data_storage.h:20,
                 from ./score/mw/com/impl/bindings/lola/skeleton_memory_manager.h:20,
                 from ./score/mw/com/impl/bindings/lola/skeleton.h:32,
                 from ./score/mw/com/impl/bindings/lola/skeleton_event.h:21,
                 from ./score/mw/com/impl/plumbing/skeleton_field_binding_factory.h:17,
                 from score/mw/com/impl/plumbing/skeleton_field_binding_factory.cpp:13:
./score/mw/com/impl/com_error.h: In member function 'virtual std::string_view score::mw::com::impl::ComErrorDomain::MessageFor(const score::result::ErrorCode&) const':
./score/mw/com/impl/com_error.h:186:65: warning: 'score::mw::com::impl::ComErrc::kServiceInstanceAlreadyOffered' is deprecated: Value has never been used. Calls to OfferService shall be idempotent. [-Wdeprecated-declarations]
  186 |             case static_cast<score::result::ErrorCode>(ComErrc::kServiceInstanceAlreadyOffered):
      |                                                                 ^~~~~~~~~~~~~~~~~~~~~~~~~~~~~~
./score/mw/com/impl/com_error.h:57:5: note: declared here
   57 |     kServiceInstanceAlreadyOffered
      |     ^~~~~~~~~~~~~~~~~~~~~~~~~~~~~~
[662 / 1,253] Compiling score/mw/com/impl/configuration/lola_service_instance_deployment.cpp; 1s linux-sandbox ... (4 actions, 3 running)
[664 / 1,253] Compiling score/mw/com/impl/configuration/lola_service_instance_deployment.cpp; 2s linux-sandbox ... (4 actions running)
[665 / 1,253] Compiling score/mw/com/impl/configuration/lola_service_instance_deployment.cpp; 4s linux-sandbox ... (4 actions, 3 running)
INFO: From Compiling score/mw/com/impl/configuration/service_instance_deployment.cpp:
In file included from ./score/mw/com/impl/configuration/service_instance_deployment.h:17,
                 from score/mw/com/impl/configuration/service_instance_deployment.cpp:13:
./score/mw/com/impl/com_error.h: In member function 'virtual std::string_view score::mw::com::impl::ComErrorDomain::MessageFor(const score::result::ErrorCode&) const':
./score/mw/com/impl/com_error.h:186:65: warning: 'score::mw::com::impl::ComErrc::kServiceInstanceAlreadyOffered' is deprecated: Value has never been used. Calls to OfferService shall be idempotent. [-Wdeprecated-declarations]
  186 |             case static_cast<score::result::ErrorCode>(ComErrc::kServiceInstanceAlreadyOffered):
      |                                                                 ^~~~~~~~~~~~~~~~~~~~~~~~~~~~~~
./score/mw/com/impl/com_error.h:57:5: note: declared here
   57 |     kServiceInstanceAlreadyOffered
      |     ^~~~~~~~~~~~~~~~~~~~~~~~~~~~~~
[670 / 1,253] Compiling score/mw/com/impl/plumbing/skeleton_field_binding_factory_impl.cpp; 4s linux-sandbox ... (4 actions, 3 running)
[672 / 1,253] Compiling score/mw/com/impl/plumbing/skeleton_field_binding_factory_impl.cpp; 5s linux-sandbox ... (4 actions, 3 running)
INFO: From Compiling score/mw/com/impl/plumbing/skeleton_field_binding_factory_impl.cpp:
In file included from ./score/mw/com/impl/instance_identifier.h:16,
                 from ./score/mw/com/impl/handle_type.h:18,
                 from ./score/mw/com/impl/enriched_instance_identifier.h:17,
                 from ./score/mw/com/impl/i_service_discovery_client.h:16,
                 from ./score/mw/com/impl/i_binding_runtime.h:17,
                 from ./score/mw/com/impl/bindings/lola/i_runtime.h:20,
                 from ./score/mw/com/impl/bindings/lola/service_data_storage.h:20,
                 from ./score/mw/com/impl/bindings/lola/skeleton_memory_manager.h:20,
                 from ./score/mw/com/impl/bindings/lola/skeleton.h:32,
                 from ./score/mw/com/impl/bindings/lola/skeleton_event.h:21,
                 from ./score/mw/com/impl/plumbing/skeleton_field_binding_factory_impl.h:16,
                 from score/mw/com/impl/plumbing/skeleton_field_binding_factory_impl.cpp:13:
./score/mw/com/impl/com_error.h: In member function 'virtual std::string_view score::mw::com::impl::ComErrorDomain::MessageFor(const score::result::ErrorCode&) const':
./score/mw/com/impl/com_error.h:186:65: warning: 'score::mw::com::impl::ComErrc::kServiceInstanceAlreadyOffered' is deprecated: Value has never been used. Calls to OfferService shall be idempotent. [-Wdeprecated-declarations]
  186 |             case static_cast<score::result::ErrorCode>(ComErrc::kServiceInstanceAlreadyOffered):
      |                                                                 ^~~~~~~~~~~~~~~~~~~~~~~~~~~~~~
./score/mw/com/impl/com_error.h:57:5: note: declared here
   57 |     kServiceInstanceAlreadyOffered
      |     ^~~~~~~~~~~~~~~~~~~~~~~~~~~~~~
[679 / 1,253] Compiling score/mw/com/impl/configuration/configuration.cpp; 1s linux-sandbox ... (4 actions running)
INFO: From Compiling score/mw/com/impl/configuration/i_configuration_parsing_strategy.cpp:
In file included from ./score/mw/com/impl/configuration/service_instance_deployment.h:17,
                 from ./score/mw/com/impl/configuration/configuration.h:18,
                 from ./score/mw/com/impl/configuration/i_configuration_parsing_strategy.h:16,
                 from score/mw/com/impl/configuration/i_configuration_parsing_strategy.cpp:13:
./score/mw/com/impl/com_error.h: In member function 'virtual std::string_view score::mw::com::impl::ComErrorDomain::MessageFor(const score::result::ErrorCode&) const':
./score/mw/com/impl/com_error.h:186:65: warning: 'score::mw::com::impl::ComErrc::kServiceInstanceAlreadyOffered' is deprecated: Value has never been used. Calls to OfferService shall be idempotent. [-Wdeprecated-declarations]
  186 |             case static_cast<score::result::ErrorCode>(ComErrc::kServiceInstanceAlreadyOffered):
      |                                                                 ^~~~~~~~~~~~~~~~~~~~~~~~~~~~~~
./score/mw/com/impl/com_error.h:57:5: note: declared here
   57 |     kServiceInstanceAlreadyOffered
      |     ^~~~~~~~~~~~~~~~~~~~~~~~~~~~~~
[680 / 1,253] Compiling score/mw/com/impl/configuration/configuration.cpp; 4s linux-sandbox ... (4 actions, 3 running)
INFO: From Compiling score/mw/com/impl/configuration/config_validate.cpp:
In file included from ./score/mw/com/impl/configuration/service_instance_deployment.h:17,
                 from ./score/mw/com/impl/configuration/configuration.h:18,
                 from ./score/mw/com/impl/configuration/config_validate.h:17,
                 from score/mw/com/impl/configuration/config_validate.cpp:13:
./score/mw/com/impl/com_error.h: In member function 'virtual std::string_view score::mw::com::impl::ComErrorDomain::MessageFor(const score::result::ErrorCode&) const':
./score/mw/com/impl/com_error.h:186:65: warning: 'score::mw::com::impl::ComErrc::kServiceInstanceAlreadyOffered' is deprecated: Value has never been used. Calls to OfferService shall be idempotent. [-Wdeprecated-declarations]
  186 |             case static_cast<score::result::ErrorCode>(ComErrc::kServiceInstanceAlreadyOffered):
      |                                                                 ^~~~~~~~~~~~~~~~~~~~~~~~~~~~~~
./score/mw/com/impl/com_error.h:57:5: note: declared here
   57 |     kServiceInstanceAlreadyOffered
      |     ^~~~~~~~~~~~~~~~~~~~~~~~~~~~~~
INFO: From Compiling score/mw/com/impl/plumbing/i_skeleton_field_binding_factory.cpp:
In file included from ./score/mw/com/impl/instance_identifier.h:16,
                 from ./score/mw/com/impl/plumbing/i_skeleton_field_binding_factory.h:17,
                 from score/mw/com/impl/plumbing/i_skeleton_field_binding_factory.cpp:13:
./score/mw/com/impl/com_error.h: In member function 'virtual std::string_view score::mw::com::impl::ComErrorDomain::MessageFor(const score::result::ErrorCode&) const':
./score/mw/com/impl/com_error.h:186:65: warning: 'score::mw::com::impl::ComErrc::kServiceInstanceAlreadyOffered' is deprecated: Value has never been used. Calls to OfferService shall be idempotent. [-Wdeprecated-declarations]
  186 |             case static_cast<score::result::ErrorCode>(ComErrc::kServiceInstanceAlreadyOffered):
      |                                                                 ^~~~~~~~~~~~~~~~~~~~~~~~~~~~~~
./score/mw/com/impl/com_error.h:57:5: note: declared here
   57 |     kServiceInstanceAlreadyOffered
      |     ^~~~~~~~~~~~~~~~~~~~~~~~~~~~~~
[685 / 1,253] Compiling score/mw/com/impl/configuration/configuration.cpp; 5s linux-sandbox ... (4 actions running)
INFO: From Compiling score/mw/com/impl/configuration/configuration.cpp:
In file included from ./score/mw/com/impl/configuration/service_instance_deployment.h:17,
                 from ./score/mw/com/impl/configuration/configuration.h:18,
                 from score/mw/com/impl/configuration/configuration.cpp:13:
./score/mw/com/impl/com_error.h: In member function 'virtual std::string_view score::mw::com::impl::ComErrorDomain::MessageFor(const score::result::ErrorCode&) const':
./score/mw/com/impl/com_error.h:186:65: warning: 'score::mw::com::impl::ComErrc::kServiceInstanceAlreadyOffered' is deprecated: Value has never been used. Calls to OfferService shall be idempotent. [-Wdeprecated-declarations]
  186 |             case static_cast<score::result::ErrorCode>(ComErrc::kServiceInstanceAlreadyOffered):
      |                                                                 ^~~~~~~~~~~~~~~~~~~~~~~~~~~~~~
./score/mw/com/impl/com_error.h:57:5: note: declared here
   57 |     kServiceInstanceAlreadyOffered
      |     ^~~~~~~~~~~~~~~~~~~~~~~~~~~~~~
[686 / 1,253] Compiling score/mw/com/impl/configuration/configuration_json_parsing_strategy.cpp; 2s linux-sandbox ... (4 actions, 3 running)
INFO: From Compiling score/mw/com/impl/configuration/config_parser.cpp:
In file included from ./score/mw/com/impl/configuration/service_instance_deployment.h:17,
                 from ./score/mw/com/impl/configuration/configuration.h:18,
                 from ./score/mw/com/impl/configuration/config_parser.h:17,
                 from score/mw/com/impl/configuration/config_parser.cpp:13:
./score/mw/com/impl/com_error.h: In member function 'virtual std::string_view score::mw::com::impl::ComErrorDomain::MessageFor(const score::result::ErrorCode&) const':
./score/mw/com/impl/com_error.h:186:65: warning: 'score::mw::com::impl::ComErrc::kServiceInstanceAlreadyOffered' is deprecated: Value has never been used. Calls to OfferService shall be idempotent. [-Wdeprecated-declarations]
  186 |             case static_cast<score::result::ErrorCode>(ComErrc::kServiceInstanceAlreadyOffered):
      |                                                                 ^~~~~~~~~~~~~~~~~~~~~~~~~~~~~~
./score/mw/com/impl/com_error.h:57:5: note: declared here
   57 |     kServiceInstanceAlreadyOffered
      |     ^~~~~~~~~~~~~~~~~~~~~~~~~~~~~~
[688 / 1,253] Compiling score/mw/com/impl/configuration/configuration_json_parsing_strategy.cpp; 4s linux-sandbox ... (4 actions, 3 running)
[689 / 1,253] Compiling score/mw/com/impl/configuration/configuration_json_parsing_strategy.cpp; 5s linux-sandbox ... (4 actions running)
[695 / 1,253] Compiling score/mw/com/impl/configuration/configuration_json_parsing_strategy.cpp; 6s linux-sandbox ... (4 actions running)
INFO: From Compiling score/mw/com/impl/plumbing/proxy_event_binding_factory.cpp:
In file included from ./score/mw/com/impl/instance_identifier.h:16,
                 from ./score/mw/com/impl/handle_type.h:18,
                 from ./score/mw/com/impl/plumbing/proxy_event_binding_factory.h:17,
                 from score/mw/com/impl/plumbing/proxy_event_binding_factory.cpp:13:
./score/mw/com/impl/com_error.h: In member function 'virtual std::string_view score::mw::com::impl::ComErrorDomain::MessageFor(const score::result::ErrorCode&) const':
./score/mw/com/impl/com_error.h:186:65: warning: 'score::mw::com::impl::ComErrc::kServiceInstanceAlreadyOffered' is deprecated: Value has never been used. Calls to OfferService shall be idempotent. [-Wdeprecated-declarations]
  186 |             case static_cast<score::result::ErrorCode>(ComErrc::kServiceInstanceAlreadyOffered):
      |                                                                 ^~~~~~~~~~~~~~~~~~~~~~~~~~~~~~
./score/mw/com/impl/com_error.h:57:5: note: declared here
   57 |     kServiceInstanceAlreadyOffered
      |     ^~~~~~~~~~~~~~~~~~~~~~~~~~~~~~
[697 / 1,253] Compiling score/mw/com/impl/configuration/configuration_json_parsing_strategy.cpp; 7s linux-sandbox ... (4 actions, 3 running)
INFO: From Compiling score/mw/com/impl/configuration/configuration_json_parsing_strategy.cpp:
In file included from ./score/mw/com/impl/configuration/service_instance_deployment.h:17,
                 from ./score/mw/com/impl/configuration/configuration.h:18,
                 from ./score/mw/com/impl/configuration/i_configuration_parsing_strategy.h:16,
                 from ./score/mw/com/impl/configuration/configuration_json_parsing_strategy.h:16,
                 from score/mw/com/impl/configuration/configuration_json_parsing_strategy.cpp:13:
./score/mw/com/impl/com_error.h: In member function 'virtual std::string_view score::mw::com::impl::ComErrorDomain::MessageFor(const score::result::ErrorCode&) const':
./score/mw/com/impl/com_error.h:186:65: warning: 'score::mw::com::impl::ComErrc::kServiceInstanceAlreadyOffered' is deprecated: Value has never been used. Calls to OfferService shall be idempotent. [-Wdeprecated-declarations]
  186 |             case static_cast<score::result::ErrorCode>(ComErrc::kServiceInstanceAlreadyOffered):
      |                                                                 ^~~~~~~~~~~~~~~~~~~~~~~~~~~~~~
./score/mw/com/impl/com_error.h:57:5: note: declared here
   57 |     kServiceInstanceAlreadyOffered
      |     ^~~~~~~~~~~~~~~~~~~~~~~~~~~~~~
[704 / 1,253] Compiling score/mw/com/impl/plumbing/proxy_event_binding_factory_impl.cpp; 1s linux-sandbox ... (4 actions, 3 running)
[706 / 1,253] Compiling score/mw/com/impl/plumbing/proxy_event_binding_factory_impl.cpp; 2s linux-sandbox ... (4 actions, 3 running)
INFO: From Compiling score/mw/com/impl/bindings/lola/transaction_log_set.cpp:
In file included from score/mw/com/impl/bindings/lola/transaction_log_set.cpp:17:
./score/mw/com/impl/com_error.h: In member function 'virtual std::string_view score::mw::com::impl::ComErrorDomain::MessageFor(const score::result::ErrorCode&) const':
./score/mw/com/impl/com_error.h:186:65: warning: 'score::mw::com::impl::ComErrc::kServiceInstanceAlreadyOffered' is deprecated: Value has never been used. Calls to OfferService shall be idempotent. [-Wdeprecated-declarations]
  186 |             case static_cast<score::result::ErrorCode>(ComErrc::kServiceInstanceAlreadyOffered):
      |                                                                 ^~~~~~~~~~~~~~~~~~~~~~~~~~~~~~
./score/mw/com/impl/com_error.h:57:5: note: declared here
   57 |     kServiceInstanceAlreadyOffered
      |     ^~~~~~~~~~~~~~~~~~~~~~~~~~~~~~
[712 / 1,253] Compiling score/mw/com/impl/plumbing/proxy_event_binding_factory_impl.cpp; 3s linux-sandbox ... (4 actions, 3 running)
[717 / 1,253] Compiling score/mw/com/impl/plumbing/proxy_event_binding_factory_impl.cpp; 4s linux-sandbox ... (4 actions, 3 running)
INFO: From Compiling score/mw/com/impl/plumbing/proxy_event_binding_factory_impl.cpp:
In file included from ./score/mw/com/impl/instance_identifier.h:16,
                 from ./score/mw/com/impl/handle_type.h:18,
                 from ./score/mw/com/impl/enriched_instance_identifier.h:17,
                 from ./score/mw/com/impl/i_service_discovery_client.h:16,
                 from ./score/mw/com/impl/i_binding_runtime.h:17,
                 from ./score/mw/com/impl/bindings/lola/i_runtime.h:20,
                 from ./score/mw/com/impl/bindings/lola/proxy_method.h:17,
                 from ./score/mw/com/impl/bindings/lola/proxy.h:24,
                 from ./score/mw/com/impl/plumbing/proxy_event_binding_factory_impl.h:16,
                 from score/mw/com/impl/plumbing/proxy_event_binding_factory_impl.cpp:13:
./score/mw/com/impl/com_error.h: In member function 'virtual std::string_view score::mw::com::impl::ComErrorDomain::MessageFor(const score::result::ErrorCode&) const':
./score/mw/com/impl/com_error.h:186:65: warning: 'score::mw::com::impl::ComErrc::kServiceInstanceAlreadyOffered' is deprecated: Value has never been used. Calls to OfferService shall be idempotent. [-Wdeprecated-declarations]
  186 |             case static_cast<score::result::ErrorCode>(ComErrc::kServiceInstanceAlreadyOffered):
      |                                                                 ^~~~~~~~~~~~~~~~~~~~~~~~~~~~~~
./score/mw/com/impl/com_error.h:57:5: note: declared here
   57 |     kServiceInstanceAlreadyOffered
      |     ^~~~~~~~~~~~~~~~~~~~~~~~~~~~~~
[722 / 1,253] Compiling score/mw/com/impl/plumbing/sample_ptr.cpp; 1s linux-sandbox ... (4 actions running)
[729 / 1,253] Compiling score/mw/com/impl/plumbing/i_proxy_event_binding_factory.cpp; 1s linux-sandbox ... (4 actions running)
INFO: From Compiling score/mw/com/impl/plumbing/i_proxy_event_binding_factory.cpp:
In file included from ./score/mw/com/impl/instance_identifier.h:16,
                 from ./score/mw/com/impl/handle_type.h:18,
                 from ./score/mw/com/impl/plumbing/i_proxy_event_binding_factory.h:17,
                 from score/mw/com/impl/plumbing/i_proxy_event_binding_factory.cpp:13:
./score/mw/com/impl/com_error.h: In member function 'virtual std::string_view score::mw::com::impl::ComErrorDomain::MessageFor(const score::result::ErrorCode&) const':
./score/mw/com/impl/com_error.h:186:65: warning: 'score::mw::com::impl::ComErrc::kServiceInstanceAlreadyOffered' is deprecated: Value has never been used. Calls to OfferService shall be idempotent. [-Wdeprecated-declarations]
  186 |             case static_cast<score::result::ErrorCode>(ComErrc::kServiceInstanceAlreadyOffered):
      |                                                                 ^~~~~~~~~~~~~~~~~~~~~~~~~~~~~~
./score/mw/com/impl/com_error.h:57:5: note: declared here
   57 |     kServiceInstanceAlreadyOffered
      |     ^~~~~~~~~~~~~~~~~~~~~~~~~~~~~~
[739 / 1,253] Compiling score/mw/com/impl/tracing/service_element_tracing_data.cpp; 0s linux-sandbox ... (3 actions, 2 running)
[748 / 1,253] Compiling score/mw/com/impl/plumbing/skeleton_event_binding_factory.cpp; 1s linux-sandbox ... (4 actions, 3 running)
[760 / 1,253] Compiling score/mw/com/impl/plumbing/skeleton_event_binding_factory.cpp; 2s linux-sandbox ... (4 actions, 3 running)
INFO: From Compiling score/mw/com/impl/tracing/configuration/i_tracing_filter_config.cpp:
In file included from ./score/mw/com/impl/configuration/service_instance_deployment.h:17,
                 from ./score/mw/com/impl/configuration/configuration.h:18,
                 from ./score/mw/com/impl/tracing/configuration/i_tracing_filter_config.h:16,
                 from score/mw/com/impl/tracing/configuration/i_tracing_filter_config.cpp:13:
./score/mw/com/impl/com_error.h: In member function 'virtual std::string_view score::mw::com::impl::ComErrorDomain::MessageFor(const score::result::ErrorCode&) const':
./score/mw/com/impl/com_error.h:186:65: warning: 'score::mw::com::impl::ComErrc::kServiceInstanceAlreadyOffered' is deprecated: Value has never been used. Calls to OfferService shall be idempotent. [-Wdeprecated-declarations]
  186 |             case static_cast<score::result::ErrorCode>(ComErrc::kServiceInstanceAlreadyOffered):
      |                                                                 ^~~~~~~~~~~~~~~~~~~~~~~~~~~~~~
./score/mw/com/impl/com_error.h:57:5: note: declared here
   57 |     kServiceInstanceAlreadyOffered
      |     ^~~~~~~~~~~~~~~~~~~~~~~~~~~~~~
INFO: From Compiling score/mw/com/impl/plumbing/skeleton_event_binding_factory.cpp:
In file included from ./score/mw/com/impl/instance_identifier.h:16,
                 from ./score/mw/com/impl/handle_type.h:18,
                 from ./score/mw/com/impl/enriched_instance_identifier.h:17,
                 from ./score/mw/com/impl/i_service_discovery_client.h:16,
                 from ./score/mw/com/impl/i_binding_runtime.h:17,
                 from ./score/mw/com/impl/bindings/lola/i_runtime.h:20,
                 from ./score/mw/com/impl/bindings/lola/service_data_storage.h:20,
                 from ./score/mw/com/impl/bindings/lola/skeleton_memory_manager.h:20,
                 from ./score/mw/com/impl/bindings/lola/skeleton.h:32,
                 from ./score/mw/com/impl/bindings/lola/skeleton_event.h:21,
                 from ./score/mw/com/impl/plumbing/skeleton_event_binding_factory.h:16,
                 from score/mw/com/impl/plumbing/skeleton_event_binding_factory.cpp:13:
./score/mw/com/impl/com_error.h: In member function 'virtual std::string_view score::mw::com::impl::ComErrorDomain::MessageFor(const score::result::ErrorCode&) const':
./score/mw/com/impl/com_error.h:186:65: warning: 'score::mw::com::impl::ComErrc::kServiceInstanceAlreadyOffered' is deprecated: Value has never been used. Calls to OfferService shall be idempotent. [-Wdeprecated-declarations]
  186 |             case static_cast<score::result::ErrorCode>(ComErrc::kServiceInstanceAlreadyOffered):
      |                                                                 ^~~~~~~~~~~~~~~~~~~~~~~~~~~~~~
./score/mw/com/impl/com_error.h:57:5: note: declared here
   57 |     kServiceInstanceAlreadyOffered
      |     ^~~~~~~~~~~~~~~~~~~~~~~~~~~~~~
[767 / 1,253] Compiling score/mw/com/impl/tracing/configuration/tracing_filter_config.cpp; 1s linux-sandbox ... (4 actions running)
INFO: From Compiling score/mw/com/impl/tracing/configuration/tracing_filter_config.cpp:
In file included from ./score/mw/com/impl/configuration/service_instance_deployment.h:17,
                 from ./score/mw/com/impl/configuration/configuration.h:18,
                 from ./score/mw/com/impl/tracing/configuration/tracing_filter_config.h:16,
                 from score/mw/com/impl/tracing/configuration/tracing_filter_config.cpp:13:
./score/mw/com/impl/com_error.h: In member function 'virtual std::string_view score::mw::com::impl::ComErrorDomain::MessageFor(const score::result::ErrorCode&) const':
./score/mw/com/impl/com_error.h:186:65: warning: 'score::mw::com::impl::ComErrc::kServiceInstanceAlreadyOffered' is deprecated: Value has never been used. Calls to OfferService shall be idempotent. [-Wdeprecated-declarations]
  186 |             case static_cast<score::result::ErrorCode>(ComErrc::kServiceInstanceAlreadyOffered):
      |                                                                 ^~~~~~~~~~~~~~~~~~~~~~~~~~~~~~
./score/mw/com/impl/com_error.h:57:5: note: declared here
   57 |     kServiceInstanceAlreadyOffered
      |     ^~~~~~~~~~~~~~~~~~~~~~~~~~~~~~
[776 / 1,253] Compiling score/mw/com/impl/tracing/configuration/tracing_filter_config_parser.cpp; 2s linux-sandbox ... (4 actions, 3 running)
INFO: From Compiling score/mw/com/impl/tracing/configuration/tracing_filter_config_parser.cpp:
In file included from ./score/mw/com/impl/configuration/service_instance_deployment.h:17,
                 from ./score/mw/com/impl/configuration/configuration.h:18,
                 from ./score/mw/com/impl/tracing/configuration/tracing_filter_config_parser.h:17,
                 from score/mw/com/impl/tracing/configuration/tracing_filter_config_parser.cpp:13:
./score/mw/com/impl/com_error.h: In member function 'virtual std::string_view score::mw::com::impl::ComErrorDomain::MessageFor(const score::result::ErrorCode&) const':
./score/mw/com/impl/com_error.h:186:65: warning: 'score::mw::com::impl::ComErrc::kServiceInstanceAlreadyOffered' is deprecated: Value has never been used. Calls to OfferService shall be idempotent. [-Wdeprecated-declarations]
  186 |             case static_cast<score::result::ErrorCode>(ComErrc::kServiceInstanceAlreadyOffered):
      |                                                                 ^~~~~~~~~~~~~~~~~~~~~~~~~~~~~~
./score/mw/com/impl/com_error.h:57:5: note: declared here
   57 |     kServiceInstanceAlreadyOffered
      |     ^~~~~~~~~~~~~~~~~~~~~~~~~~~~~~
[794 / 1,253] Compiling score/mw/com/impl/plumbing/skeleton_event_binding_factory_impl.cpp; 3s linux-sandbox ... (4 actions, 3 running)
[799 / 1,253] Compiling score/mw/com/impl/plumbing/skeleton_event_binding_factory_impl.cpp; 4s linux-sandbox ... (4 actions running)
INFO: From Compiling score/mw/com/impl/plumbing/skeleton_event_binding_factory_impl.cpp:
In file included from ./score/mw/com/impl/instance_identifier.h:16,
                 from ./score/mw/com/impl/plumbing/skeleton_event_binding_factory_impl.h:16,
                 from score/mw/com/impl/plumbing/skeleton_event_binding_factory_impl.cpp:13:
./score/mw/com/impl/com_error.h: In member function 'virtual std::string_view score::mw::com::impl::ComErrorDomain::MessageFor(const score::result::ErrorCode&) const':
./score/mw/com/impl/com_error.h:186:65: warning: 'score::mw::com::impl::ComErrc::kServiceInstanceAlreadyOffered' is deprecated: Value has never been used. Calls to OfferService shall be idempotent. [-Wdeprecated-declarations]
  186 |             case static_cast<score::result::ErrorCode>(ComErrc::kServiceInstanceAlreadyOffered):
      |                                                                 ^~~~~~~~~~~~~~~~~~~~~~~~~~~~~~
./score/mw/com/impl/com_error.h:57:5: note: declared here
   57 |     kServiceInstanceAlreadyOffered
      |     ^~~~~~~~~~~~~~~~~~~~~~~~~~~~~~
[805 / 1,253] Compiling score/mw/com/impl/plumbing/i_skeleton_event_binding_factory.cpp; 0s linux-sandbox ... (4 actions running)
[806 / 1,253] Compiling score/mw/com/impl/plumbing/i_skeleton_event_binding_factory.cpp; 2s linux-sandbox ... (4 actions running)
INFO: From Compiling score/mw/com/impl/plumbing/i_skeleton_event_binding_factory.cpp:
In file included from ./score/mw/com/impl/instance_identifier.h:16,
                 from ./score/mw/com/impl/plumbing/i_skeleton_event_binding_factory.h:16,
                 from score/mw/com/impl/plumbing/i_skeleton_event_binding_factory.cpp:13:
./score/mw/com/impl/com_error.h: In member function 'virtual std::string_view score::mw::com::impl::ComErrorDomain::MessageFor(const score::result::ErrorCode&) const':
./score/mw/com/impl/com_error.h:186:65: warning: 'score::mw::com::impl::ComErrc::kServiceInstanceAlreadyOffered' is deprecated: Value has never been used. Calls to OfferService shall be idempotent. [-Wdeprecated-declarations]
  186 |             case static_cast<score::result::ErrorCode>(ComErrc::kServiceInstanceAlreadyOffered):
      |                                                                 ^~~~~~~~~~~~~~~~~~~~~~~~~~~~~~
./score/mw/com/impl/com_error.h:57:5: note: declared here
   57 |     kServiceInstanceAlreadyOffered
      |     ^~~~~~~~~~~~~~~~~~~~~~~~~~~~~~
[817 / 1,253] Compiling score/analysis/tracing/generic_trace_library/interface_types/chunk_list/shm_data_chunk_list.cpp; 2s linux-sandbox ... (4 actions, 3 running)
[823 / 1,253] Compiling score/mw/com/impl/methods/proxy_method.cpp; 2s linux-sandbox ... (4 actions, 3 running)
INFO: From Compiling score/mw/com/impl/methods/proxy_method.cpp:
In file included from ./score/mw/com/impl/instance_identifier.h:16,
                 from ./score/mw/com/impl/handle_type.h:18,
                 from ./score/mw/com/impl/enriched_instance_identifier.h:17,
                 from ./score/mw/com/impl/i_service_discovery_client.h:16,
                 from ./score/mw/com/impl/i_binding_runtime.h:17,
                 from ./score/mw/com/impl/bindings/lola/i_runtime.h:20,
                 from ./score/mw/com/impl/bindings/lola/proxy_method.h:17,
                 from ./score/mw/com/impl/bindings/lola/proxy.h:24,
                 from ./score/mw/com/impl/methods/proxy_method.h:16,
                 from score/mw/com/impl/methods/proxy_method.cpp:13:
./score/mw/com/impl/com_error.h: In member function 'virtual std::string_view score::mw::com::impl::ComErrorDomain::MessageFor(const score::result::ErrorCode&) const':
./score/mw/com/impl/com_error.h:186:65: warning: 'score::mw::com::impl::ComErrc::kServiceInstanceAlreadyOffered' is deprecated: Value has never been used. Calls to OfferService shall be idempotent. [-Wdeprecated-declarations]
  186 |             case static_cast<score::result::ErrorCode>(ComErrc::kServiceInstanceAlreadyOffered):
      |                                                                 ^~~~~~~~~~~~~~~~~~~~~~~~~~~~~~
./score/mw/com/impl/com_error.h:57:5: note: declared here
   57 |     kServiceInstanceAlreadyOffered
      |     ^~~~~~~~~~~~~~~~~~~~~~~~~~~~~~
[832 / 1,253] Compiling score/memory/shared/i_shared_memory_resource.cpp; 1s linux-sandbox ... (4 actions, 3 running)
[835 / 1,253] Compiling score/os/errno_logging.cpp; 1s linux-sandbox ... (4 actions running)
[844 / 1,253] Compiling score/mw/com/impl/methods/proxy_method_with_in_args.cpp; 3s linux-sandbox ... (4 actions running)
[848 / 1,253] Compiling score/mw/com/impl/methods/proxy_method_with_in_args.cpp; 4s linux-sandbox ... (4 actions running)
[851 / 1,253] Compiling score/mw/com/impl/methods/proxy_method_with_in_args.cpp; 5s linux-sandbox ... (4 actions, 3 running)
INFO: From Compiling score/mw/com/impl/methods/proxy_method_with_in_args.cpp:
In file included from ./score/mw/com/impl/instance_identifier.h:16,
                 from ./score/mw/com/impl/handle_type.h:18,
                 from ./score/mw/com/impl/enriched_instance_identifier.h:17,
                 from ./score/mw/com/impl/i_service_discovery_client.h:16,
                 from ./score/mw/com/impl/i_binding_runtime.h:17,
                 from ./score/mw/com/impl/bindings/lola/i_runtime.h:20,
                 from ./score/mw/com/impl/bindings/lola/proxy_method.h:17,
                 from ./score/mw/com/impl/bindings/lola/proxy.h:24,
                 from ./score/mw/com/impl/methods/proxy_method.h:16,
                 from ./score/mw/com/impl/methods/proxy_method_with_in_args.h:18,
                 from score/mw/com/impl/methods/proxy_method_with_in_args.cpp:13:
./score/mw/com/impl/com_error.h: In member function 'virtual std::string_view score::mw::com::impl::ComErrorDomain::MessageFor(const score::result::ErrorCode&) const':
./score/mw/com/impl/com_error.h:186:65: warning: 'score::mw::com::impl::ComErrc::kServiceInstanceAlreadyOffered' is deprecated: Value has never been used. Calls to OfferService shall be idempotent. [-Wdeprecated-declarations]
  186 |             case static_cast<score::result::ErrorCode>(ComErrc::kServiceInstanceAlreadyOffered):
      |                                                                 ^~~~~~~~~~~~~~~~~~~~~~~~~~~~~~
./score/mw/com/impl/com_error.h:57:5: note: declared here
   57 |     kServiceInstanceAlreadyOffered
      |     ^~~~~~~~~~~~~~~~~~~~~~~~~~~~~~
[856 / 1,253] Compiling score/mw/com/impl/tracing/i_tracing_runtime.cpp; 1s linux-sandbox ... (4 actions, 3 running)
[861 / 1,253] Compiling score/mw/com/impl/methods/proxy_method_with_in_args_and_return.cpp; 2s linux-sandbox ... (3 actions, 2 running)
[864 / 1,253] Compiling score/mw/com/impl/methods/proxy_method_with_in_args_and_return.cpp; 3s linux-sandbox ... (2 actions running)
INFO: From Compiling score/mw/com/impl/methods/proxy_method_with_in_args_and_return.cpp:
In file included from ./score/mw/com/impl/instance_identifier.h:16,
                 from ./score/mw/com/impl/handle_type.h:18,
                 from ./score/mw/com/impl/enriched_instance_identifier.h:17,
                 from ./score/mw/com/impl/i_service_discovery_client.h:16,
                 from ./score/mw/com/impl/i_binding_runtime.h:17,
                 from ./score/mw/com/impl/bindings/lola/i_runtime.h:20,
                 from ./score/mw/com/impl/bindings/lola/proxy_method.h:17,
                 from ./score/mw/com/impl/bindings/lola/proxy.h:24,
                 from ./score/mw/com/impl/methods/proxy_method.h:16,
                 from ./score/mw/com/impl/methods/proxy_method_with_in_args_and_return.h:18,
                 from score/mw/com/impl/methods/proxy_method_with_in_args_and_return.cpp:13:
./score/mw/com/impl/com_error.h: In member function 'virtual std::string_view score::mw::com::impl::ComErrorDomain::MessageFor(const score::result::ErrorCode&) const':
./score/mw/com/impl/com_error.h:186:65: warning: 'score::mw::com::impl::ComErrc::kServiceInstanceAlreadyOffered' is deprecated: Value has never been used. Calls to OfferService shall be idempotent. [-Wdeprecated-declarations]
  186 |             case static_cast<score::result::ErrorCode>(ComErrc::kServiceInstanceAlreadyOffered):
      |                                                                 ^~~~~~~~~~~~~~~~~~~~~~~~~~~~~~
./score/mw/com/impl/com_error.h:57:5: note: declared here
   57 |     kServiceInstanceAlreadyOffered
      |     ^~~~~~~~~~~~~~~~~~~~~~~~~~~~~~
[872 / 1,253] Compiling score/mw/com/impl/methods/proxy_method_with_return_type.cpp; 1s linux-sandbox ... (4 actions running)
INFO: From Compiling score/mw/com/impl/methods/proxy_method_with_return_type.cpp:
In file included from ./score/mw/com/impl/instance_identifier.h:16,
                 from ./score/mw/com/impl/handle_type.h:18,
                 from ./score/mw/com/impl/enriched_instance_identifier.h:17,
                 from ./score/mw/com/impl/i_service_discovery_client.h:16,
                 from ./score/mw/com/impl/i_binding_runtime.h:17,
                 from ./score/mw/com/impl/bindings/lola/i_runtime.h:20,
                 from ./score/mw/com/impl/bindings/lola/proxy_method.h:17,
                 from ./score/mw/com/impl/bindings/lola/proxy.h:24,
                 from ./score/mw/com/impl/methods/proxy_method.h:16,
                 from ./score/mw/com/impl/methods/proxy_method_with_return_type.h:18,
                 from score/mw/com/impl/methods/proxy_method_with_return_type.cpp:13:
./score/mw/com/impl/com_error.h: In member function 'virtual std::string_view score::mw::com::impl::ComErrorDomain::MessageFor(const score::result::ErrorCode&) const':
./score/mw/com/impl/com_error.h:186:65: warning: 'score::mw::com::impl::ComErrc::kServiceInstanceAlreadyOffered' is deprecated: Value has never been used. Calls to OfferService shall be idempotent. [-Wdeprecated-declarations]
  186 |             case static_cast<score::result::ErrorCode>(ComErrc::kServiceInstanceAlreadyOffered):
      |                                                                 ^~~~~~~~~~~~~~~~~~~~~~~~~~~~~~
./score/mw/com/impl/com_error.h:57:5: note: declared here
   57 |     kServiceInstanceAlreadyOffered
      |     ^~~~~~~~~~~~~~~~~~~~~~~~~~~~~~
[876 / 1,253] [Scann] Compiling score/concurrency/future/interruptible_future.cpp
[879 / 1,253] Compiling score/mw/com/impl/methods/proxy_method_without_in_args_or_return.cpp; 1s linux-sandbox ... (4 actions, 3 running)
[883 / 1,253] Compiling score/mw/com/impl/methods/proxy_method_without_in_args_or_return.cpp; 2s linux-sandbox ... (4 actions, 3 running)
INFO: From Compiling score/mw/com/impl/methods/proxy_method_without_in_args_or_return.cpp:
In file included from ./score/mw/com/impl/instance_identifier.h:16,
                 from ./score/mw/com/impl/handle_type.h:18,
                 from ./score/mw/com/impl/enriched_instance_identifier.h:17,
                 from ./score/mw/com/impl/i_service_discovery_client.h:16,
                 from ./score/mw/com/impl/i_binding_runtime.h:17,
                 from ./score/mw/com/impl/bindings/lola/i_runtime.h:20,
                 from ./score/mw/com/impl/bindings/lola/proxy_method.h:17,
                 from ./score/mw/com/impl/bindings/lola/proxy.h:24,
                 from ./score/mw/com/impl/methods/proxy_method.h:16,
                 from ./score/mw/com/impl/methods/proxy_method_without_in_args_or_return.h:17,
                 from score/mw/com/impl/methods/proxy_method_without_in_args_or_return.cpp:13:
./score/mw/com/impl/com_error.h: In member function 'virtual std::string_view score::mw::com::impl::ComErrorDomain::MessageFor(const score::result::ErrorCode&) const':
./score/mw/com/impl/com_error.h:186:65: warning: 'score::mw::com::impl::ComErrc::kServiceInstanceAlreadyOffered' is deprecated: Value has never been used. Calls to OfferService shall be idempotent. [-Wdeprecated-declarations]
  186 |             case static_cast<score::result::ErrorCode>(ComErrc::kServiceInstanceAlreadyOffered):
      |                                                                 ^~~~~~~~~~~~~~~~~~~~~~~~~~~~~~
./score/mw/com/impl/com_error.h:57:5: note: declared here
   57 |     kServiceInstanceAlreadyOffered
      |     ^~~~~~~~~~~~~~~~~~~~~~~~~~~~~~
[892 / 1,253] Compiling score/concurrency/task.cpp; 0s linux-sandbox ... (4 actions running)
[895 / 1,253] Compiling score/mw/com/impl/plumbing/proxy_method_binding_factory.cpp; 1s linux-sandbox ... (4 actions, 3 running)
INFO: From Compiling score/mw/com/impl/plumbing/proxy_method_binding_factory.cpp:
In file included from ./score/mw/com/impl/instance_identifier.h:16,
                 from ./score/mw/com/impl/handle_type.h:18,
                 from ./score/mw/com/impl/plumbing/i_proxy_method_binding_factory.h:16,
                 from ./score/mw/com/impl/plumbing/proxy_method_binding_factory.h:17,
                 from score/mw/com/impl/plumbing/proxy_method_binding_factory.cpp:13:
./score/mw/com/impl/com_error.h: In member function 'virtual std::string_view score::mw::com::impl::ComErrorDomain::MessageFor(const score::result::ErrorCode&) const':
./score/mw/com/impl/com_error.h:186:65: warning: 'score::mw::com::impl::ComErrc::kServiceInstanceAlreadyOffered' is deprecated: Value has never been used. Calls to OfferService shall be idempotent. [-Wdeprecated-declarations]
  186 |             case static_cast<score::result::ErrorCode>(ComErrc::kServiceInstanceAlreadyOffered):
      |                                                                 ^~~~~~~~~~~~~~~~~~~~~~~~~~~~~~
./score/mw/com/impl/com_error.h:57:5: note: declared here
   57 |     kServiceInstanceAlreadyOffered
      |     ^~~~~~~~~~~~~~~~~~~~~~~~~~~~~~
[900 / 1,253] Compiling score/mw/com/impl/bindings/lola/tracing/tracing_runtime.cpp; 1s linux-sandbox ... (4 actions, 3 running)
[901 / 1,253] Compiling score/mw/com/impl/bindings/lola/tracing/tracing_runtime.cpp; 2s linux-sandbox ... (4 actions, 3 running)
INFO: From Compiling score/mw/com/impl/bindings/lola/tracing/tracing_runtime.cpp:
In file included from ./score/mw/com/impl/configuration/service_instance_deployment.h:17,
                 from ./score/mw/com/impl/configuration/configuration.h:18,
                 from ./score/mw/com/impl/bindings/lola/tracing/tracing_runtime.h:16,
                 from score/mw/com/impl/bindings/lola/tracing/tracing_runtime.cpp:13:
./score/mw/com/impl/com_error.h: In member function 'virtual std::string_view score::mw::com::impl::ComErrorDomain::MessageFor(const score::result::ErrorCode&) const':
./score/mw/com/impl/com_error.h:186:65: warning: 'score::mw::com::impl::ComErrc::kServiceInstanceAlreadyOffered' is deprecated: Value has never been used. Calls to OfferService shall be idempotent. [-Wdeprecated-declarations]
  186 |             case static_cast<score::result::ErrorCode>(ComErrc::kServiceInstanceAlreadyOffered):
      |                                                                 ^~~~~~~~~~~~~~~~~~~~~~~~~~~~~~
./score/mw/com/impl/com_error.h:57:5: note: declared here
   57 |     kServiceInstanceAlreadyOffered
      |     ^~~~~~~~~~~~~~~~~~~~~~~~~~~~~~
INFO: From Compiling score/mw/com/impl/plumbing/proxy_method_binding_factory_impl.cpp:
In file included from ./score/mw/com/impl/instance_identifier.h:16,
                 from ./score/mw/com/impl/handle_type.h:18,
                 from ./score/mw/com/impl/enriched_instance_identifier.h:17,
                 from ./score/mw/com/impl/i_service_discovery_client.h:16,
                 from ./score/mw/com/impl/i_binding_runtime.h:17,
                 from ./score/mw/com/impl/bindings/lola/i_runtime.h:20,
                 from ./score/mw/com/impl/bindings/lola/proxy_method.h:17,
                 from ./score/mw/com/impl/bindings/lola/proxy.h:24,
                 from ./score/mw/com/impl/plumbing/proxy_method_binding_factory_impl.h:19,
                 from score/mw/com/impl/plumbing/proxy_method_binding_factory_impl.cpp:13:
./score/mw/com/impl/com_error.h: In member function 'virtual std::string_view score::mw::com::impl::ComErrorDomain::MessageFor(const score::result::ErrorCode&) const':
./score/mw/com/impl/com_error.h:186:65: warning: 'score::mw::com::impl::ComErrc::kServiceInstanceAlreadyOffered' is deprecated: Value has never been used. Calls to OfferService shall be idempotent. [-Wdeprecated-declarations]
  186 |             case static_cast<score::result::ErrorCode>(ComErrc::kServiceInstanceAlreadyOffered):
      |                                                                 ^~~~~~~~~~~~~~~~~~~~~~~~~~~~~~
./score/mw/com/impl/com_error.h:57:5: note: declared here
   57 |     kServiceInstanceAlreadyOffered
      |     ^~~~~~~~~~~~~~~~~~~~~~~~~~~~~~
[908 / 1,253] Compiling score/os/utils/abortable_blocking_reader.cpp; 1s linux-sandbox ... (3 actions, 2 running)
[915 / 1,253] Compiling score/mw/com/impl/plumbing/i_proxy_method_binding_factory.cpp; 1s linux-sandbox ... (4 actions running)
INFO: From Compiling score/mw/com/impl/plumbing/i_proxy_method_binding_factory.cpp:
In file included from ./score/mw/com/impl/instance_identifier.h:16,
                 from ./score/mw/com/impl/handle_type.h:18,
                 from ./score/mw/com/impl/plumbing/i_proxy_method_binding_factory.h:16,
                 from score/mw/com/impl/plumbing/i_proxy_method_binding_factory.cpp:13:
./score/mw/com/impl/com_error.h: In member function 'virtual std::string_view score::mw::com::impl::ComErrorDomain::MessageFor(const score::result::ErrorCode&) const':
./score/mw/com/impl/com_error.h:186:65: warning: 'score::mw::com::impl::ComErrc::kServiceInstanceAlreadyOffered' is deprecated: Value has never been used. Calls to OfferService shall be idempotent. [-Wdeprecated-declarations]
  186 |             case static_cast<score::result::ErrorCode>(ComErrc::kServiceInstanceAlreadyOffered):
      |                                                                 ^~~~~~~~~~~~~~~~~~~~~~~~~~~~~~
./score/mw/com/impl/com_error.h:57:5: note: declared here
   57 |     kServiceInstanceAlreadyOffered
      |     ^~~~~~~~~~~~~~~~~~~~~~~~~~~~~~
[919 / 1,253] [Prepa] Linking external/score_baselibs+/score/os/utils/inotify/libinotify_event.a ... (2 actions, 0 running)
[928 / 1,253] Compiling score/mw/com/impl/proxy_base.cpp; 1s linux-sandbox ... (4 actions, 3 running)
[932 / 1,253] Compiling score/mw/com/impl/proxy_base.cpp; 2s linux-sandbox ... (4 actions, 3 running)
INFO: From Compiling score/mw/com/impl/proxy_base.cpp:
In file included from ./score/mw/com/impl/instance_identifier.h:16,
                 from ./score/mw/com/impl/handle_type.h:18,
                 from ./score/mw/com/impl/proxy_base.h:18,
                 from score/mw/com/impl/proxy_base.cpp:13:
./score/mw/com/impl/com_error.h: In member function 'virtual std::string_view score::mw::com::impl::ComErrorDomain::MessageFor(const score::result::ErrorCode&) const':
./score/mw/com/impl/com_error.h:186:65: warning: 'score::mw::com::impl::ComErrc::kServiceInstanceAlreadyOffered' is deprecated: Value has never been used. Calls to OfferService shall be idempotent. [-Wdeprecated-declarations]
  186 |             case static_cast<score::result::ErrorCode>(ComErrc::kServiceInstanceAlreadyOffered):
      |                                                                 ^~~~~~~~~~~~~~~~~~~~~~~~~~~~~~
./score/mw/com/impl/com_error.h:57:5: note: declared here
   57 |     kServiceInstanceAlreadyOffered
      |     ^~~~~~~~~~~~~~~~~~~~~~~~~~~~~~
[934 / 1,253] Compiling score/filesystem/details/standard_filesystem.cpp; 1s linux-sandbox ... (4 actions, 3 running)
[940 / 1,253] Compiling score/mw/com/impl/proxy_field_base.cpp; 0s linux-sandbox ... (4 actions, 3 running)
[946 / 1,253] Compiling score/filesystem/factory/filesystem_factory.cpp; 1s linux-sandbox ... (3 actions, 2 running)
[949 / 1,253] Compiling score/mw/com/impl/instance_identifier.cpp; 1s linux-sandbox ... (4 actions running)
INFO: From Compiling score/mw/com/impl/instance_identifier.cpp:
In file included from ./score/mw/com/impl/instance_identifier.h:16,
                 from score/mw/com/impl/instance_identifier.cpp:13:
./score/mw/com/impl/com_error.h: In member function 'virtual std::string_view score::mw::com::impl::ComErrorDomain::MessageFor(const score::result::ErrorCode&) const':
./score/mw/com/impl/com_error.h:186:65: warning: 'score::mw::com::impl::ComErrc::kServiceInstanceAlreadyOffered' is deprecated: Value has never been used. Calls to OfferService shall be idempotent. [-Wdeprecated-declarations]
  186 |             case static_cast<score::result::ErrorCode>(ComErrc::kServiceInstanceAlreadyOffered):
      |                                                                 ^~~~~~~~~~~~~~~~~~~~~~~~~~~~~~
./score/mw/com/impl/com_error.h:57:5: note: declared here
   57 |     kServiceInstanceAlreadyOffered
      |     ^~~~~~~~~~~~~~~~~~~~~~~~~~~~~~
INFO: From Compiling score/mw/com/impl/enriched_instance_identifier.cpp:
In file included from ./score/mw/com/impl/instance_identifier.h:16,
                 from ./score/mw/com/impl/handle_type.h:18,
                 from ./score/mw/com/impl/enriched_instance_identifier.h:17,
                 from score/mw/com/impl/enriched_instance_identifier.cpp:13:
./score/mw/com/impl/com_error.h: In member function 'virtual std::string_view score::mw::com::impl::ComErrorDomain::MessageFor(const score::result::ErrorCode&) const':
./score/mw/com/impl/com_error.h:186:65: warning: 'score::mw::com::impl::ComErrc::kServiceInstanceAlreadyOffered' is deprecated: Value has never been used. Calls to OfferService shall be idempotent. [-Wdeprecated-declarations]
  186 |             case static_cast<score::result::ErrorCode>(ComErrc::kServiceInstanceAlreadyOffered):
      |                                                                 ^~~~~~~~~~~~~~~~~~~~~~~~~~~~~~
./score/mw/com/impl/com_error.h:57:5: note: declared here
   57 |     kServiceInstanceAlreadyOffered
      |     ^~~~~~~~~~~~~~~~~~~~~~~~~~~~~~
INFO: From Compiling score/mw/com/impl/handle_type.cpp:
In file included from ./score/mw/com/impl/instance_identifier.h:16,
                 from ./score/mw/com/impl/handle_type.h:18,
                 from score/mw/com/impl/handle_type.cpp:13:
./score/mw/com/impl/com_error.h: In member function 'virtual std::string_view score::mw::com::impl::ComErrorDomain::MessageFor(const score::result::ErrorCode&) const':
./score/mw/com/impl/com_error.h:186:65: warning: 'score::mw::com::impl::ComErrc::kServiceInstanceAlreadyOffered' is deprecated: Value has never been used. Calls to OfferService shall be idempotent. [-Wdeprecated-declarations]
  186 |             case static_cast<score::result::ErrorCode>(ComErrc::kServiceInstanceAlreadyOffered):
      |                                                                 ^~~~~~~~~~~~~~~~~~~~~~~~~~~~~~
./score/mw/com/impl/com_error.h:57:5: note: declared here
   57 |     kServiceInstanceAlreadyOffered
      |     ^~~~~~~~~~~~~~~~~~~~~~~~~~~~~~
[955 / 1,253] Compiling score/mw/com/impl/proxy_event_base.cpp; 2s linux-sandbox ... (4 actions, 3 running)
INFO: From Compiling score/mw/com/impl/proxy_event_base.cpp:
In file included from score/mw/com/impl/proxy_event_base.cpp:16:
./score/mw/com/impl/com_error.h: In member function 'virtual std::string_view score::mw::com::impl::ComErrorDomain::MessageFor(const score::result::ErrorCode&) const':
./score/mw/com/impl/com_error.h:186:65: warning: 'score::mw::com::impl::ComErrc::kServiceInstanceAlreadyOffered' is deprecated: Value has never been used. Calls to OfferService shall be idempotent. [-Wdeprecated-declarations]
  186 |             case static_cast<score::result::ErrorCode>(ComErrc::kServiceInstanceAlreadyOffered):
      |                                                                 ^~~~~~~~~~~~~~~~~~~~~~~~~~~~~~
./score/mw/com/impl/com_error.h:57:5: note: declared here
   57 |     kServiceInstanceAlreadyOffered
      |     ^~~~~~~~~~~~~~~~~~~~~~~~~~~~~~
[957 / 1,253] Compiling score/mw/com/impl/bindings/lola/service_discovery/lola_service_instance_identifier.cpp; 2s linux-sandbox ... (4 actions running)
INFO: From Compiling score/mw/com/impl/bindings/lola/service_discovery/lola_service_instance_identifier.cpp:
In file included from ./score/mw/com/impl/instance_identifier.h:16,
                 from ./score/mw/com/impl/handle_type.h:18,
                 from ./score/mw/com/impl/enriched_instance_identifier.h:17,
                 from ./score/mw/com/impl/bindings/lola/service_discovery/lola_service_instance_identifier.h:18,
                 from score/mw/com/impl/bindings/lola/service_discovery/lola_service_instance_identifier.cpp:13:
./score/mw/com/impl/com_error.h: In member function 'virtual std::string_view score::mw::com::impl::ComErrorDomain::MessageFor(const score::result::ErrorCode&) const':
./score/mw/com/impl/com_error.h:186:65: warning: 'score::mw::com::impl::ComErrc::kServiceInstanceAlreadyOffered' is deprecated: Value has never been used. Calls to OfferService shall be idempotent. [-Wdeprecated-declarations]
  186 |             case static_cast<score::result::ErrorCode>(ComErrc::kServiceInstanceAlreadyOffered):
      |                                                                 ^~~~~~~~~~~~~~~~~~~~~~~~~~~~~~
./score/mw/com/impl/com_error.h:57:5: note: declared here
   57 |     kServiceInstanceAlreadyOffered
      |     ^~~~~~~~~~~~~~~~~~~~~~~~~~~~~~
INFO: From Compiling score/mw/com/impl/bindings/lola/service_discovery/known_instances_container.cpp:
In file included from ./score/mw/com/impl/instance_identifier.h:16,
                 from ./score/mw/com/impl/handle_type.h:18,
                 from ./score/mw/com/impl/enriched_instance_identifier.h:17,
                 from ./score/mw/com/impl/bindings/lola/service_discovery/known_instances_container.h:16,
                 from score/mw/com/impl/bindings/lola/service_discovery/known_instances_container.cpp:13:
./score/mw/com/impl/com_error.h: In member function 'virtual std::string_view score::mw::com::impl::ComErrorDomain::MessageFor(const score::result::ErrorCode&) const':
./score/mw/com/impl/com_error.h:186:65: warning: 'score::mw::com::impl::ComErrc::kServiceInstanceAlreadyOffered' is deprecated: Value has never been used. Calls to OfferService shall be idempotent. [-Wdeprecated-declarations]
  186 |             case static_cast<score::result::ErrorCode>(ComErrc::kServiceInstanceAlreadyOffered):
      |                                                                 ^~~~~~~~~~~~~~~~~~~~~~~~~~~~~~
./score/mw/com/impl/com_error.h:57:5: note: declared here
   57 |     kServiceInstanceAlreadyOffered
      |     ^~~~~~~~~~~~~~~~~~~~~~~~~~~~~~
INFO: From Compiling score/mw/com/impl/bindings/lola/service_discovery/flag_file.cpp:
In file included from ./score/mw/com/impl/instance_identifier.h:16,
                 from ./score/mw/com/impl/handle_type.h:18,
                 from ./score/mw/com/impl/enriched_instance_identifier.h:17,
                 from ./score/mw/com/impl/bindings/lola/service_discovery/flag_file.h:16,
                 from score/mw/com/impl/bindings/lola/service_discovery/flag_file.cpp:13:
./score/mw/com/impl/com_error.h: In member function 'virtual std::string_view score::mw::com::impl::ComErrorDomain::MessageFor(const score::result::ErrorCode&) const':
./score/mw/com/impl/com_error.h:186:65: warning: 'score::mw::com::impl::ComErrc::kServiceInstanceAlreadyOffered' is deprecated: Value has never been used. Calls to OfferService shall be idempotent. [-Wdeprecated-declarations]
  186 |             case static_cast<score::result::ErrorCode>(ComErrc::kServiceInstanceAlreadyOffered):
      |                                                                 ^~~~~~~~~~~~~~~~~~~~~~~~~~~~~~
./score/mw/com/impl/com_error.h:57:5: note: declared here
   57 |     kServiceInstanceAlreadyOffered
      |     ^~~~~~~~~~~~~~~~~~~~~~~~~~~~~~
[960 / 1,253] Compiling score/mw/com/impl/bindings/lola/service_discovery/known_instances_container.cpp; 3s linux-sandbox ... (3 actions running)
[967 / 1,253] Compiling score/mw/com/impl/bindings/lola/service_discovery/flag_file_crawler.cpp; 2s linux-sandbox ... (4 actions, 3 running)
INFO: From Compiling score/mw/com/impl/bindings/lola/service_discovery/flag_file_crawler.cpp:
In file included from ./score/mw/com/impl/instance_identifier.h:16,
                 from ./score/mw/com/impl/handle_type.h:18,
                 from ./score/mw/com/impl/enriched_instance_identifier.h:17,
                 from ./score/mw/com/impl/bindings/lola/service_discovery/known_instances_container.h:16,
                 from ./score/mw/com/impl/bindings/lola/service_discovery/flag_file_crawler.h:16,
                 from score/mw/com/impl/bindings/lola/service_discovery/flag_file_crawler.cpp:13:
./score/mw/com/impl/com_error.h: In member function 'virtual std::string_view score::mw::com::impl::ComErrorDomain::MessageFor(const score::result::ErrorCode&) const':
./score/mw/com/impl/com_error.h:186:65: warning: 'score::mw::com::impl::ComErrc::kServiceInstanceAlreadyOffered' is deprecated: Value has never been used. Calls to OfferService shall be idempotent. [-Wdeprecated-declarations]
  186 |             case static_cast<score::result::ErrorCode>(ComErrc::kServiceInstanceAlreadyOffered):
      |                                                                 ^~~~~~~~~~~~~~~~~~~~~~~~~~~~~~
./score/mw/com/impl/com_error.h:57:5: note: declared here
   57 |     kServiceInstanceAlreadyOffered
      |     ^~~~~~~~~~~~~~~~~~~~~~~~~~~~~~
[970 / 1,253] Compiling score/mw/com/impl/tracing/proxy_event_tracing.cpp; 2s linux-sandbox ... (4 actions, 3 running)
INFO: From Compiling score/mw/com/impl/i_service_discovery.cpp:
In file included from ./score/mw/com/impl/instance_identifier.h:16,
                 from ./score/mw/com/impl/handle_type.h:18,
                 from ./score/mw/com/impl/enriched_instance_identifier.h:17,
                 from ./score/mw/com/impl/i_service_discovery.h:16,
                 from score/mw/com/impl/i_service_discovery.cpp:13:
./score/mw/com/impl/com_error.h: In member function 'virtual std::string_view score::mw::com::impl::ComErrorDomain::MessageFor(const score::result::ErrorCode&) const':
./score/mw/com/impl/com_error.h:186:65: warning: 'score::mw::com::impl::ComErrc::kServiceInstanceAlreadyOffered' is deprecated: Value has never been used. Calls to OfferService shall be idempotent. [-Wdeprecated-declarations]
  186 |             case static_cast<score::result::ErrorCode>(ComErrc::kServiceInstanceAlreadyOffered):
      |                                                                 ^~~~~~~~~~~~~~~~~~~~~~~~~~~~~~
./score/mw/com/impl/com_error.h:57:5: note: declared here
   57 |     kServiceInstanceAlreadyOffered
      |     ^~~~~~~~~~~~~~~~~~~~~~~~~~~~~~
INFO: From Compiling score/mw/com/impl/tracing/proxy_event_tracing.cpp:
In file included from ./score/mw/com/impl/instance_identifier.h:16,
                 from ./score/mw/com/impl/tracing/proxy_event_tracing.h:23,
                 from score/mw/com/impl/tracing/proxy_event_tracing.cpp:17:
./score/mw/com/impl/com_error.h: In member function 'virtual std::string_view score::mw::com::impl::ComErrorDomain::MessageFor(const score::result::ErrorCode&) const':
./score/mw/com/impl/com_error.h:186:65: warning: 'score::mw::com::impl::ComErrc::kServiceInstanceAlreadyOffered' is deprecated: Value has never been used. Calls to OfferService shall be idempotent. [-Wdeprecated-declarations]
  186 |             case static_cast<score::result::ErrorCode>(ComErrc::kServiceInstanceAlreadyOffered):
      |                                                                 ^~~~~~~~~~~~~~~~~~~~~~~~~~~~~~
./score/mw/com/impl/com_error.h:57:5: note: declared here
   57 |     kServiceInstanceAlreadyOffered
      |     ^~~~~~~~~~~~~~~~~~~~~~~~~~~~~~
INFO: From Compiling score/mw/com/impl/i_service_discovery_client.cpp:
In file included from ./score/mw/com/impl/instance_identifier.h:16,
                 from ./score/mw/com/impl/handle_type.h:18,
                 from ./score/mw/com/impl/enriched_instance_identifier.h:17,
                 from ./score/mw/com/impl/i_service_discovery_client.h:16,
                 from score/mw/com/impl/i_service_discovery_client.cpp:13:
./score/mw/com/impl/com_error.h: In member function 'virtual std::string_view score::mw::com::impl::ComErrorDomain::MessageFor(const score::result::ErrorCode&) const':
./score/mw/com/impl/com_error.h:186:65: warning: 'score::mw::com::impl::ComErrc::kServiceInstanceAlreadyOffered' is deprecated: Value has never been used. Calls to OfferService shall be idempotent. [-Wdeprecated-declarations]
  186 |             case static_cast<score::result::ErrorCode>(ComErrc::kServiceInstanceAlreadyOffered):
      |                                                                 ^~~~~~~~~~~~~~~~~~~~~~~~~~~~~~
./score/mw/com/impl/com_error.h:57:5: note: declared here
   57 |     kServiceInstanceAlreadyOffered
      |     ^~~~~~~~~~~~~~~~~~~~~~~~~~~~~~
[977 / 1,253] Compiling score/mw/com/impl/bindings/lola/service_discovery/client/service_discovery_client.cpp; 0s linux-sandbox ... (4 actions running)
[991 / 1,253] Compiling score/mw/com/impl/bindings/lola/service_discovery/client/service_discovery_client.cpp; 2s linux-sandbox ... (4 actions, 3 running)
[998 / 1,253] Compiling score/mw/com/impl/bindings/lola/service_discovery/client/service_discovery_client.cpp; 3s linux-sandbox ... (4 actions, 3 running)
[998 / 1,253] Compiling score/mw/com/impl/bindings/lola/service_discovery/client/service_discovery_client.cpp; 4s linux-sandbox ... (4 actions running)
INFO: From Compiling score/mw/com/impl/plumbing/lola_proxy_element_building_blocks.cpp:
In file included from ./score/mw/com/impl/instance_identifier.h:16,
                 from ./score/mw/com/impl/handle_type.h:18,
                 from ./score/mw/com/impl/plumbing/lola_proxy_element_building_blocks.h:18,
                 from score/mw/com/impl/plumbing/lola_proxy_element_building_blocks.cpp:13:
./score/mw/com/impl/com_error.h: In member function 'virtual std::string_view score::mw::com::impl::ComErrorDomain::MessageFor(const score::result::ErrorCode&) const':
./score/mw/com/impl/com_error.h:186:65: warning: 'score::mw::com::impl::ComErrc::kServiceInstanceAlreadyOffered' is deprecated: Value has never been used. Calls to OfferService shall be idempotent. [-Wdeprecated-declarations]
  186 |             case static_cast<score::result::ErrorCode>(ComErrc::kServiceInstanceAlreadyOffered):
      |                                                                 ^~~~~~~~~~~~~~~~~~~~~~~~~~~~~~
./score/mw/com/impl/com_error.h:57:5: note: declared here
   57 |     kServiceInstanceAlreadyOffered
      |     ^~~~~~~~~~~~~~~~~~~~~~~~~~~~~~
[1,000 / 1,253] Compiling score/mw/com/impl/bindings/lola/service_discovery/client/service_discovery_client.cpp; 5s linux-sandbox ... (4 actions, 3 running)
[1,004 / 1,253] Compiling score/mw/com/impl/bindings/lola/service_discovery/client/service_discovery_client.cpp; 7s linux-sandbox ... (4 actions, 3 running)
[1,005 / 1,253] Compiling score/mw/com/impl/bindings/lola/service_discovery/client/service_discovery_client.cpp; 8s linux-sandbox ... (4 actions, 3 running)
INFO: From Compiling score/mw/com/impl/bindings/lola/service_discovery/client/service_discovery_client.cpp:
In file included from ./score/mw/com/impl/instance_identifier.h:16,
                 from ./score/mw/com/impl/handle_type.h:18,
                 from ./score/mw/com/impl/enriched_instance_identifier.h:17,
                 from ./score/mw/com/impl/i_service_discovery_client.h:16,
                 from ./score/mw/com/impl/bindings/lola/service_discovery/client/service_discovery_client.h:16,
                 from score/mw/com/impl/bindings/lola/service_discovery/client/service_discovery_client.cpp:13:
./score/mw/com/impl/com_error.h: In member function 'virtual std::string_view score::mw::com::impl::ComErrorDomain::MessageFor(const score::result::ErrorCode&) const':
./score/mw/com/impl/com_error.h:186:65: warning: 'score::mw::com::impl::ComErrc::kServiceInstanceAlreadyOffered' is deprecated: Value has never been used. Calls to OfferService shall be idempotent. [-Wdeprecated-declarations]
  186 |             case static_cast<score::result::ErrorCode>(ComErrc::kServiceInstanceAlreadyOffered):
      |                                                                 ^~~~~~~~~~~~~~~~~~~~~~~~~~~~~~
./score/mw/com/impl/com_error.h:57:5: note: declared here
   57 |     kServiceInstanceAlreadyOffered
      |     ^~~~~~~~~~~~~~~~~~~~~~~~~~~~~~
[1,007 / 1,253] Compiling score/mw/com/impl/methods/skeleton_method.cpp; 3s linux-sandbox ... (4 actions, 3 running)
INFO: From Compiling score/mw/com/impl/methods/skeleton_method.cpp:
In file included from ./score/mw/com/impl/instance_identifier.h:16,
                 from ./score/mw/com/impl/plumbing/skeleton_method_binding_factory.h:16,
                 from ./score/mw/com/impl/methods/skeleton_method.h:21,
                 from score/mw/com/impl/methods/skeleton_method.cpp:13:
./score/mw/com/impl/com_error.h: In member function 'virtual std::string_view score::mw::com::impl::ComErrorDomain::MessageFor(const score::result::ErrorCode&) const':
./score/mw/com/impl/com_error.h:186:65: warning: 'score::mw::com::impl::ComErrc::kServiceInstanceAlreadyOffered' is deprecated: Value has never been used. Calls to OfferService shall be idempotent. [-Wdeprecated-declarations]
  186 |             case static_cast<score::result::ErrorCode>(ComErrc::kServiceInstanceAlreadyOffered):
      |                                                                 ^~~~~~~~~~~~~~~~~~~~~~~~~~~~~~
./score/mw/com/impl/com_error.h:57:5: note: declared here
   57 |     kServiceInstanceAlreadyOffered
      |     ^~~~~~~~~~~~~~~~~~~~~~~~~~~~~~
[1,018 / 1,253] Compiling score/concurrency/thread_pool.cpp; 1s linux-sandbox ... (4 actions, 3 running)
INFO: From Compiling score/mw/com/impl/error_serializer.cpp:
In file included from score/mw/com/impl/error_serializer.cpp:16:
./score/mw/com/impl/com_error.h: In member function 'virtual std::string_view score::mw::com::impl::ComErrorDomain::MessageFor(const score::result::ErrorCode&) const':
./score/mw/com/impl/com_error.h:186:65: warning: 'score::mw::com::impl::ComErrc::kServiceInstanceAlreadyOffered' is deprecated: Value has never been used. Calls to OfferService shall be idempotent. [-Wdeprecated-declarations]
  186 |             case static_cast<score::result::ErrorCode>(ComErrc::kServiceInstanceAlreadyOffered):
      |                                                                 ^~~~~~~~~~~~~~~~~~~~~~~~~~~~~~
./score/mw/com/impl/com_error.h:57:5: note: declared here
   57 |     kServiceInstanceAlreadyOffered
      |     ^~~~~~~~~~~~~~~~~~~~~~~~~~~~~~
[1,027 / 1,253] Compiling score/concurrency/thread_pool.cpp; 2s linux-sandbox ... (4 actions running)
INFO: From Compiling score/mw/com/impl/plumbing/skeleton_method_binding_factory.cpp:
In file included from ./score/mw/com/impl/instance_identifier.h:16,
                 from ./score/mw/com/impl/plumbing/skeleton_method_binding_factory.h:16,
                 from score/mw/com/impl/plumbing/skeleton_method_binding_factory.cpp:13:
./score/mw/com/impl/com_error.h: In member function 'virtual std::string_view score::mw::com::impl::ComErrorDomain::MessageFor(const score::result::ErrorCode&) const':
./score/mw/com/impl/com_error.h:186:65: warning: 'score::mw::com::impl::ComErrc::kServiceInstanceAlreadyOffered' is deprecated: Value has never been used. Calls to OfferService shall be idempotent. [-Wdeprecated-declarations]
  186 |             case static_cast<score::result::ErrorCode>(ComErrc::kServiceInstanceAlreadyOffered):
      |                                                                 ^~~~~~~~~~~~~~~~~~~~~~~~~~~~~~
./score/mw/com/impl/com_error.h:57:5: note: declared here
   57 |     kServiceInstanceAlreadyOffered
      |     ^~~~~~~~~~~~~~~~~~~~~~~~~~~~~~
[1,032 / 1,253] Compiling score/concurrency/thread_pool.cpp; 3s linux-sandbox ... (4 actions, 3 running)
[1,036 / 1,253] Compiling score/mw/com/impl/plumbing/skeleton_method_binding_factory_impl.cpp; 1s linux-sandbox ... (4 actions, 3 running)
[1,040 / 1,253] Compiling score/mw/com/impl/plumbing/skeleton_method_binding_factory_impl.cpp; 2s linux-sandbox ... (4 actions, 3 running)
[1,045 / 1,253] Compiling score/mw/com/impl/plumbing/skeleton_method_binding_factory_impl.cpp; 4s linux-sandbox ... (4 actions running)
[1,046 / 1,253] Compiling score/mw/com/impl/plumbing/skeleton_method_binding_factory_impl.cpp; 5s linux-sandbox ... (4 actions, 3 running)
INFO: From Compiling score/mw/com/impl/plumbing/skeleton_method_binding_factory_impl.cpp:
In file included from ./score/mw/com/impl/instance_identifier.h:16,
                 from ./score/mw/com/impl/handle_type.h:18,
                 from ./score/mw/com/impl/plumbing/skeleton_method_binding_factory_impl.h:16,
                 from score/mw/com/impl/plumbing/skeleton_method_binding_factory_impl.cpp:13:
./score/mw/com/impl/com_error.h: In member function 'virtual std::string_view score::mw::com::impl::ComErrorDomain::MessageFor(const score::result::ErrorCode&) const':
./score/mw/com/impl/com_error.h:186:65: warning: 'score::mw::com::impl::ComErrc::kServiceInstanceAlreadyOffered' is deprecated: Value has never been used. Calls to OfferService shall be idempotent. [-Wdeprecated-declarations]
  186 |             case static_cast<score::result::ErrorCode>(ComErrc::kServiceInstanceAlreadyOffered):
      |                                                                 ^~~~~~~~~~~~~~~~~~~~~~~~~~~~~~
./score/mw/com/impl/com_error.h:57:5: note: declared here
   57 |     kServiceInstanceAlreadyOffered
      |     ^~~~~~~~~~~~~~~~~~~~~~~~~~~~~~
[1,051 / 1,253] Compiling score/mw/com/impl/bindings/lola/messaging/i_message_passing_service_instance.cpp; 1s linux-sandbox ... (4 actions, 3 running)
[1,054 / 1,253] Compiling score/mw/com/impl/plumbing/skeleton_service_element_binding_factory_impl.cpp; 2s linux-sandbox ... (4 actions running)
[1,055 / 1,253] Compiling score/mw/com/impl/plumbing/skeleton_service_element_binding_factory_impl.cpp; 3s linux-sandbox ... (4 actions, 3 running)
INFO: From Compiling score/mw/com/impl/plumbing/skeleton_service_element_binding_factory_impl.cpp:
In file included from ./score/mw/com/impl/instance_identifier.h:16,
                 from ./score/mw/com/impl/handle_type.h:18,
                 from ./score/mw/com/impl/enriched_instance_identifier.h:17,
                 from ./score/mw/com/impl/i_service_discovery_client.h:16,
                 from ./score/mw/com/impl/i_binding_runtime.h:17,
                 from ./score/mw/com/impl/bindings/lola/i_runtime.h:20,
                 from ./score/mw/com/impl/bindings/lola/service_data_storage.h:20,
                 from ./score/mw/com/impl/bindings/lola/skeleton_memory_manager.h:20,
                 from ./score/mw/com/impl/bindings/lola/skeleton.h:32,
                 from ./score/mw/com/impl/plumbing/skeleton_service_element_binding_factory_impl.h:17,
                 from score/mw/com/impl/plumbing/skeleton_service_element_binding_factory_impl.cpp:13:
./score/mw/com/impl/com_error.h: In member function 'virtual std::string_view score::mw::com::impl::ComErrorDomain::MessageFor(const score::result::ErrorCode&) const':
./score/mw/com/impl/com_error.h:186:65: warning: 'score::mw::com::impl::ComErrc::kServiceInstanceAlreadyOffered' is deprecated: Value has never been used. Calls to OfferService shall be idempotent. [-Wdeprecated-declarations]
  186 |             case static_cast<score::result::ErrorCode>(ComErrc::kServiceInstanceAlreadyOffered):
      |                                                                 ^~~~~~~~~~~~~~~~~~~~~~~~~~~~~~
./score/mw/com/impl/com_error.h:57:5: note: declared here
   57 |     kServiceInstanceAlreadyOffered
      |     ^~~~~~~~~~~~~~~~~~~~~~~~~~~~~~
[1,057 / 1,253] Compiling score/mw/com/impl/bindings/lola/messaging/message_passing_service_instance.cpp; 4s linux-sandbox ... (4 actions, 3 running)
[1,068 / 1,253] Compiling score/mw/com/impl/bindings/lola/messaging/message_passing_service_instance.cpp; 5s linux-sandbox ... (4 actions running)
INFO: From Compiling score/mw/com/impl/plumbing/i_skeleton_method_binding_factory.cpp:
In file included from ./score/mw/com/impl/instance_identifier.h:16,
                 from ./score/mw/com/impl/handle_type.h:18,
                 from ./score/mw/com/impl/plumbing/i_skeleton_method_binding_factory.h:16,
                 from score/mw/com/impl/plumbing/i_skeleton_method_binding_factory.cpp:13:
./score/mw/com/impl/com_error.h: In member function 'virtual std::string_view score::mw::com::impl::ComErrorDomain::MessageFor(const score::result::ErrorCode&) const':
./score/mw/com/impl/com_error.h:186:65: warning: 'score::mw::com::impl::ComErrc::kServiceInstanceAlreadyOffered' is deprecated: Value has never been used. Calls to OfferService shall be idempotent. [-Wdeprecated-declarations]
  186 |             case static_cast<score::result::ErrorCode>(ComErrc::kServiceInstanceAlreadyOffered):
      |                                                                 ^~~~~~~~~~~~~~~~~~~~~~~~~~~~~~
./score/mw/com/impl/com_error.h:57:5: note: declared here
   57 |     kServiceInstanceAlreadyOffered
      |     ^~~~~~~~~~~~~~~~~~~~~~~~~~~~~~
[1,069 / 1,253] Compiling score/mw/com/impl/bindings/lola/messaging/message_passing_service_instance.cpp; 8s linux-sandbox ... (4 actions, 3 running)
INFO: From Compiling score/mw/com/impl/bindings/lola/messaging/message_passing_service_instance.cpp:
In file included from score/mw/com/impl/bindings/lola/messaging/message_passing_service_instance.cpp:21:
./score/mw/com/impl/com_error.h: In member function 'virtual std::string_view score::mw::com::impl::ComErrorDomain::MessageFor(const score::result::ErrorCode&) const':
./score/mw/com/impl/com_error.h:186:65: warning: 'score::mw::com::impl::ComErrc::kServiceInstanceAlreadyOffered' is deprecated: Value has never been used. Calls to OfferService shall be idempotent. [-Wdeprecated-declarations]
  186 |             case static_cast<score::result::ErrorCode>(ComErrc::kServiceInstanceAlreadyOffered):
      |                                                                 ^~~~~~~~~~~~~~~~~~~~~~~~~~~~~~
./score/mw/com/impl/com_error.h:57:5: note: declared here
   57 |     kServiceInstanceAlreadyOffered
      |     ^~~~~~~~~~~~~~~~~~~~~~~~~~~~~~
INFO: From Compiling score/mw/com/impl/i_runtime.cpp:
In file included from ./score/mw/com/impl/instance_identifier.h:16,
                 from ./score/mw/com/impl/handle_type.h:18,
                 from ./score/mw/com/impl/enriched_instance_identifier.h:17,
                 from ./score/mw/com/impl/i_service_discovery_client.h:16,
                 from ./score/mw/com/impl/i_binding_runtime.h:17,
                 from ./score/mw/com/impl/i_runtime.h:16,
                 from score/mw/com/impl/i_runtime.cpp:13:
./score/mw/com/impl/com_error.h: In member function 'virtual std::string_view score::mw::com::impl::ComErrorDomain::MessageFor(const score::result::ErrorCode&) const':
./score/mw/com/impl/com_error.h:186:65: warning: 'score::mw::com::impl::ComErrc::kServiceInstanceAlreadyOffered' is deprecated: Value has never been used. Calls to OfferService shall be idempotent. [-Wdeprecated-declarations]
  186 |             case static_cast<score::result::ErrorCode>(ComErrc::kServiceInstanceAlreadyOffered):
      |                                                                 ^~~~~~~~~~~~~~~~~~~~~~~~~~~~~~
./score/mw/com/impl/com_error.h:57:5: note: declared here
   57 |     kServiceInstanceAlreadyOffered
      |     ^~~~~~~~~~~~~~~~~~~~~~~~~~~~~~
[1,075 / 1,253] Compiling score/mw/com/impl/skeleton_base.cpp; 0s linux-sandbox ... (4 actions, 3 running)
[1,075 / 1,253] Compiling score/mw/com/impl/skeleton_base.cpp; 2s linux-sandbox ... (4 actions running)
[1,077 / 1,253] Compiling score/mw/com/impl/skeleton_base.cpp; 3s linux-sandbox ... (4 actions running)
INFO: From Compiling score/mw/com/impl/i_binding_runtime.cpp:
In file included from ./score/mw/com/impl/instance_identifier.h:16,
                 from ./score/mw/com/impl/handle_type.h:18,
                 from ./score/mw/com/impl/enriched_instance_identifier.h:17,
                 from ./score/mw/com/impl/i_service_discovery_client.h:16,
                 from ./score/mw/com/impl/i_binding_runtime.h:17,
                 from score/mw/com/impl/i_binding_runtime.cpp:13:
./score/mw/com/impl/com_error.h: In member function 'virtual std::string_view score::mw::com::impl::ComErrorDomain::MessageFor(const score::result::ErrorCode&) const':
./score/mw/com/impl/com_error.h:186:65: warning: 'score::mw::com::impl::ComErrc::kServiceInstanceAlreadyOffered' is deprecated: Value has never been used. Calls to OfferService shall be idempotent. [-Wdeprecated-declarations]
  186 |             case static_cast<score::result::ErrorCode>(ComErrc::kServiceInstanceAlreadyOffered):
      |                                                                 ^~~~~~~~~~~~~~~~~~~~~~~~~~~~~~
./score/mw/com/impl/com_error.h:57:5: note: declared here
   57 |     kServiceInstanceAlreadyOffered
      |     ^~~~~~~~~~~~~~~~~~~~~~~~~~~~~~
INFO: From Compiling score/mw/com/impl/bindings/lola/i_runtime.cpp:
In file included from ./score/mw/com/impl/instance_identifier.h:16,
                 from ./score/mw/com/impl/handle_type.h:18,
                 from ./score/mw/com/impl/enriched_instance_identifier.h:17,
                 from ./score/mw/com/impl/i_service_discovery_client.h:16,
                 from ./score/mw/com/impl/i_binding_runtime.h:17,
                 from ./score/mw/com/impl/bindings/lola/i_runtime.h:20,
                 from score/mw/com/impl/bindings/lola/i_runtime.cpp:13:
./score/mw/com/impl/com_error.h: In member function 'virtual std::string_view score::mw::com::impl::ComErrorDomain::MessageFor(const score::result::ErrorCode&) const':
./score/mw/com/impl/com_error.h:186:65: warning: 'score::mw::com::impl::ComErrc::kServiceInstanceAlreadyOffered' is deprecated: Value has never been used. Calls to OfferService shall be idempotent. [-Wdeprecated-declarations]
  186 |             case static_cast<score::result::ErrorCode>(ComErrc::kServiceInstanceAlreadyOffered):
      |                                                                 ^~~~~~~~~~~~~~~~~~~~~~~~~~~~~~
./score/mw/com/impl/com_error.h:57:5: note: declared here
   57 |     kServiceInstanceAlreadyOffered
      |     ^~~~~~~~~~~~~~~~~~~~~~~~~~~~~~
[1,080 / 1,253] Compiling score/mw/com/impl/skeleton_base.cpp; 5s linux-sandbox ... (4 actions, 3 running)
[1,083 / 1,253] Compiling score/mw/com/impl/skeleton_base.cpp; 6s linux-sandbox ... (4 actions, 3 running)
INFO: From Compiling score/mw/com/impl/skeleton_base.cpp:
In file included from ./score/mw/com/impl/instance_identifier.h:16,
                 from ./score/mw/com/impl/skeleton_base.h:17,
                 from score/mw/com/impl/skeleton_base.cpp:13:
./score/mw/com/impl/com_error.h: In member function 'virtual std::string_view score::mw::com::impl::ComErrorDomain::MessageFor(const score::result::ErrorCode&) const':
./score/mw/com/impl/com_error.h:186:65: warning: 'score::mw::com::impl::ComErrc::kServiceInstanceAlreadyOffered' is deprecated: Value has never been used. Calls to OfferService shall be idempotent. [-Wdeprecated-declarations]
  186 |             case static_cast<score::result::ErrorCode>(ComErrc::kServiceInstanceAlreadyOffered):
      |                                                                 ^~~~~~~~~~~~~~~~~~~~~~~~~~~~~~
./score/mw/com/impl/com_error.h:57:5: note: declared here
   57 |     kServiceInstanceAlreadyOffered
      |     ^~~~~~~~~~~~~~~~~~~~~~~~~~~~~~
[1,086 / 1,253] Compiling score/mw/com/impl/bindings/lola/runtime.cpp; 4s linux-sandbox ... (4 actions running)
INFO: From Compiling score/mw/com/impl/bindings/lola/runtime.cpp:
In file included from ./score/mw/com/impl/instance_identifier.h:16,
                 from ./score/mw/com/impl/handle_type.h:18,
                 from ./score/mw/com/impl/enriched_instance_identifier.h:17,
                 from ./score/mw/com/impl/i_service_discovery_client.h:16,
                 from ./score/mw/com/impl/i_binding_runtime.h:17,
                 from ./score/mw/com/impl/bindings/lola/i_runtime.h:20,
                 from ./score/mw/com/impl/bindings/lola/runtime.h:16,
                 from score/mw/com/impl/bindings/lola/runtime.cpp:13:
./score/mw/com/impl/com_error.h: In member function 'virtual std::string_view score::mw::com::impl::ComErrorDomain::MessageFor(const score::result::ErrorCode&) const':
./score/mw/com/impl/com_error.h:186:65: warning: 'score::mw::com::impl::ComErrc::kServiceInstanceAlreadyOffered' is deprecated: Value has never been used. Calls to OfferService shall be idempotent. [-Wdeprecated-declarations]
  186 |             case static_cast<score::result::ErrorCode>(ComErrc::kServiceInstanceAlreadyOffered):
      |                                                                 ^~~~~~~~~~~~~~~~~~~~~~~~~~~~~~
./score/mw/com/impl/com_error.h:57:5: note: declared here
   57 |     kServiceInstanceAlreadyOffered
      |     ^~~~~~~~~~~~~~~~~~~~~~~~~~~~~~
INFO: From Compiling score/mw/com/impl/plumbing/binding_runtime_factory.cpp:
In file included from ./score/mw/com/impl/configuration/service_instance_deployment.h:17,
                 from ./score/mw/com/impl/configuration/configuration.h:18,
                 from ./score/mw/com/impl/plumbing/binding_runtime_factory.h:16,
                 from score/mw/com/impl/plumbing/binding_runtime_factory.cpp:13:
./score/mw/com/impl/com_error.h: In member function 'virtual std::string_view score::mw::com::impl::ComErrorDomain::MessageFor(const score::result::ErrorCode&) const':
./score/mw/com/impl/com_error.h:186:65: warning: 'score::mw::com::impl::ComErrc::kServiceInstanceAlreadyOffered' is deprecated: Value has never been used. Calls to OfferService shall be idempotent. [-Wdeprecated-declarations]
  186 |             case static_cast<score::result::ErrorCode>(ComErrc::kServiceInstanceAlreadyOffered):
      |                                                                 ^~~~~~~~~~~~~~~~~~~~~~~~~~~~~~
./score/mw/com/impl/com_error.h:57:5: note: declared here
   57 |     kServiceInstanceAlreadyOffered
      |     ^~~~~~~~~~~~~~~~~~~~~~~~~~~~~~
[1,093 / 1,253] Compiling score/mw/com/impl/service_discovery.cpp; 2s linux-sandbox ... (4 actions, 3 running)
INFO: From Compiling score/mw/com/impl/service_discovery.cpp:
In file included from ./score/mw/com/impl/instance_identifier.h:16,
                 from ./score/mw/com/impl/handle_type.h:18,
                 from ./score/mw/com/impl/enriched_instance_identifier.h:17,
                 from ./score/mw/com/impl/service_discovery.h:16,
                 from score/mw/com/impl/service_discovery.cpp:13:
./score/mw/com/impl/com_error.h: In member function 'virtual std::string_view score::mw::com::impl::ComErrorDomain::MessageFor(const score::result::ErrorCode&) const':
./score/mw/com/impl/com_error.h:186:65: warning: 'score::mw::com::impl::ComErrc::kServiceInstanceAlreadyOffered' is deprecated: Value has never been used. Calls to OfferService shall be idempotent. [-Wdeprecated-declarations]
  186 |             case static_cast<score::result::ErrorCode>(ComErrc::kServiceInstanceAlreadyOffered):
      |                                                                 ^~~~~~~~~~~~~~~~~~~~~~~~~~~~~~
./score/mw/com/impl/com_error.h:57:5: note: declared here
   57 |     kServiceInstanceAlreadyOffered
      |     ^~~~~~~~~~~~~~~~~~~~~~~~~~~~~~
[1,095 / 1,253] Compiling score/mw/com/impl/runtime.cpp; 1s linux-sandbox ... (4 actions, 3 running)
[1,096 / 1,253] Compiling score/mw/com/impl/runtime.cpp; 3s linux-sandbox ... (4 actions running)
INFO: From Compiling score/mw/com/impl/tracing/common_event_tracing.cpp:
In file included from ./score/mw/com/impl/instance_identifier.h:16,
                 from ./score/mw/com/impl/tracing/common_event_tracing.h:16,
                 from score/mw/com/impl/tracing/common_event_tracing.cpp:13:
./score/mw/com/impl/com_error.h: In member function 'virtual std::string_view score::mw::com::impl::ComErrorDomain::MessageFor(const score::result::ErrorCode&) const':
./score/mw/com/impl/com_error.h:186:65: warning: 'score::mw::com::impl::ComErrc::kServiceInstanceAlreadyOffered' is deprecated: Value has never been used. Calls to OfferService shall be idempotent. [-Wdeprecated-declarations]
  186 |             case static_cast<score::result::ErrorCode>(ComErrc::kServiceInstanceAlreadyOffered):
      |                                                                 ^~~~~~~~~~~~~~~~~~~~~~~~~~~~~~
./score/mw/com/impl/com_error.h:57:5: note: declared here
   57 |     kServiceInstanceAlreadyOffered
      |     ^~~~~~~~~~~~~~~~~~~~~~~~~~~~~~
[1,101 / 1,253] Compiling score/mw/com/impl/runtime.cpp; 4s linux-sandbox ... (4 actions running)
INFO: From Compiling score/mw/com/impl/runtime.cpp:
In file included from ./score/mw/com/impl/configuration/service_instance_deployment.h:17,
                 from ./score/mw/com/impl/configuration/configuration.h:18,
                 from ./score/mw/com/impl/runtime.h:18,
                 from score/mw/com/impl/runtime.cpp:13:
./score/mw/com/impl/com_error.h: In member function 'virtual std::string_view score::mw::com::impl::ComErrorDomain::MessageFor(const score::result::ErrorCode&) const':
./score/mw/com/impl/com_error.h:186:65: warning: 'score::mw::com::impl::ComErrc::kServiceInstanceAlreadyOffered' is deprecated: Value has never been used. Calls to OfferService shall be idempotent. [-Wdeprecated-declarations]
  186 |             case static_cast<score::result::ErrorCode>(ComErrc::kServiceInstanceAlreadyOffered):
      |                                                                 ^~~~~~~~~~~~~~~~~~~~~~~~~~~~~~
./score/mw/com/impl/com_error.h:57:5: note: declared here
   57 |     kServiceInstanceAlreadyOffered
      |     ^~~~~~~~~~~~~~~~~~~~~~~~~~~~~~
[1,104 / 1,253] Compiling score/mw/com/impl/plumbing/binding_runtime_factory.cpp; 5s linux-sandbox ... (4 actions running)
[1,105 / 1,253] Compiling score/mw/com/impl/plumbing/binding_runtime_factory.cpp; 7s linux-sandbox ... (4 actions, 3 running)
INFO: From Compiling score/mw/com/impl/plumbing/binding_runtime_factory.cpp:
In file included from ./score/mw/com/impl/configuration/service_instance_deployment.h:17,
                 from ./score/mw/com/impl/configuration/configuration.h:18,
                 from ./score/mw/com/impl/plumbing/binding_runtime_factory.h:16,
                 from score/mw/com/impl/plumbing/binding_runtime_factory.cpp:13:
./score/mw/com/impl/com_error.h: In member function 'virtual std::string_view score::mw::com::impl::ComErrorDomain::MessageFor(const score::result::ErrorCode&) const':
./score/mw/com/impl/com_error.h:186:65: warning: 'score::mw::com::impl::ComErrc::kServiceInstanceAlreadyOffered' is deprecated: Value has never been used. Calls to OfferService shall be idempotent. [-Wdeprecated-declarations]
  186 |             case static_cast<score::result::ErrorCode>(ComErrc::kServiceInstanceAlreadyOffered):
      |                                                                 ^~~~~~~~~~~~~~~~~~~~~~~~~~~~~~
./score/mw/com/impl/com_error.h:57:5: note: declared here
   57 |     kServiceInstanceAlreadyOffered
      |     ^~~~~~~~~~~~~~~~~~~~~~~~~~~~~~
INFO: From Compiling score/mw/com/impl/tracing/skeleton_event_tracing.cpp:
In file included from ./score/mw/com/impl/instance_identifier.h:16,
                 from ./score/mw/com/impl/tracing/skeleton_event_tracing.h:22,
                 from score/mw/com/impl/tracing/skeleton_event_tracing.cpp:13:
./score/mw/com/impl/com_error.h: In member function 'virtual std::string_view score::mw::com::impl::ComErrorDomain::MessageFor(const score::result::ErrorCode&) const':
./score/mw/com/impl/com_error.h:186:65: warning: 'score::mw::com::impl::ComErrc::kServiceInstanceAlreadyOffered' is deprecated: Value has never been used. Calls to OfferService shall be idempotent. [-Wdeprecated-declarations]
  186 |             case static_cast<score::result::ErrorCode>(ComErrc::kServiceInstanceAlreadyOffered):
      |                                                                 ^~~~~~~~~~~~~~~~~~~~~~~~~~~~~~
./score/mw/com/impl/com_error.h:57:5: note: declared here
   57 |     kServiceInstanceAlreadyOffered
      |     ^~~~~~~~~~~~~~~~~~~~~~~~~~~~~~
[1,109 / 1,253] Compiling score/mw/com/impl/skeleton_field_base.cpp; 3s linux-sandbox ... (4 actions, 3 running)
INFO: From Compiling score/mw/com/impl/data_type_meta_info.cpp:
In file included from score/mw/com/impl/data_type_meta_info.cpp:15:
./score/mw/com/impl/com_error.h: In member function 'virtual std::string_view score::mw::com::impl::ComErrorDomain::MessageFor(const score::result::ErrorCode&) const':
./score/mw/com/impl/com_error.h:186:65: warning: 'score::mw::com::impl::ComErrc::kServiceInstanceAlreadyOffered' is deprecated: Value has never been used. Calls to OfferService shall be idempotent. [-Wdeprecated-declarations]
  186 |             case static_cast<score::result::ErrorCode>(ComErrc::kServiceInstanceAlreadyOffered):
      |                                                                 ^~~~~~~~~~~~~~~~~~~~~~~~~~~~~~
./score/mw/com/impl/com_error.h:57:5: note: declared here
   57 |     kServiceInstanceAlreadyOffered
      |     ^~~~~~~~~~~~~~~~~~~~~~~~~~~~~~
INFO: From Compiling score/mw/com/impl/skeleton_field_base.cpp:
In file included from ./score/mw/com/impl/skeleton_field_base.h:16,
                 from score/mw/com/impl/skeleton_field_base.cpp:13:
./score/mw/com/impl/com_error.h: In member function 'virtual std::string_view score::mw::com::impl::ComErrorDomain::MessageFor(const score::result::ErrorCode&) const':
./score/mw/com/impl/com_error.h:186:65: warning: 'score::mw::com::impl::ComErrc::kServiceInstanceAlreadyOffered' is deprecated: Value has never been used. Calls to OfferService shall be idempotent. [-Wdeprecated-declarations]
  186 |             case static_cast<score::result::ErrorCode>(ComErrc::kServiceInstanceAlreadyOffered):
      |                                                                 ^~~~~~~~~~~~~~~~~~~~~~~~~~~~~~
./score/mw/com/impl/com_error.h:57:5: note: declared here
   57 |     kServiceInstanceAlreadyOffered
      |     ^~~~~~~~~~~~~~~~~~~~~~~~~~~~~~
[1,114 / 1,253] Compiling score/mw/com/impl/plumbing/proxy_binding_factory.cpp; 2s linux-sandbox ... (4 actions running)
INFO: From Compiling score/mw/com/impl/plumbing/proxy_binding_factory.cpp:
In file included from ./score/mw/com/impl/instance_identifier.h:16,
                 from ./score/mw/com/impl/handle_type.h:18,
                 from ./score/mw/com/impl/plumbing/proxy_binding_factory.h:16,
                 from score/mw/com/impl/plumbing/proxy_binding_factory.cpp:13:
./score/mw/com/impl/com_error.h: In member function 'virtual std::string_view score::mw::com::impl::ComErrorDomain::MessageFor(const score::result::ErrorCode&) const':
./score/mw/com/impl/com_error.h:186:65: warning: 'score::mw::com::impl::ComErrc::kServiceInstanceAlreadyOffered' is deprecated: Value has never been used. Calls to OfferService shall be idempotent. [-Wdeprecated-declarations]
  186 |             case static_cast<score::result::ErrorCode>(ComErrc::kServiceInstanceAlreadyOffered):
      |                                                                 ^~~~~~~~~~~~~~~~~~~~~~~~~~~~~~
./score/mw/com/impl/com_error.h:57:5: note: declared here
   57 |     kServiceInstanceAlreadyOffered
      |     ^~~~~~~~~~~~~~~~~~~~~~~~~~~~~~
[1,119 / 1,253] Compiling score/mw/com/impl/tracing/skeleton_tracing.cpp; 2s linux-sandbox ... (4 actions, 3 running)
[1,124 / 1,253] Compiling score/mw/com/impl/tracing/skeleton_tracing.cpp; 4s linux-sandbox ... (4 actions running)
INFO: From Compiling score/mw/com/impl/tracing/skeleton_tracing.cpp:
In file included from ./score/mw/com/impl/instance_identifier.h:16,
                 from ./score/mw/com/impl/tracing/skeleton_tracing.h:21,
                 from score/mw/com/impl/tracing/skeleton_tracing.cpp:17:
./score/mw/com/impl/com_error.h: In member function 'virtual std::string_view score::mw::com::impl::ComErrorDomain::MessageFor(const score::result::ErrorCode&) const':
./score/mw/com/impl/com_error.h:186:65: warning: 'score::mw::com::impl::ComErrc::kServiceInstanceAlreadyOffered' is deprecated: Value has never been used. Calls to OfferService shall be idempotent. [-Wdeprecated-declarations]
  186 |             case static_cast<score::result::ErrorCode>(ComErrc::kServiceInstanceAlreadyOffered):
      |                                                                 ^~~~~~~~~~~~~~~~~~~~~~~~~~~~~~
./score/mw/com/impl/com_error.h:57:5: note: declared here
   57 |     kServiceInstanceAlreadyOffered
      |     ^~~~~~~~~~~~~~~~~~~~~~~~~~~~~~
[1,131 / 1,253] Compiling score/mw/com/impl/plumbing/proxy_binding_factory_impl.cpp; 2s linux-sandbox ... (4 actions, 3 running)
INFO: From Compiling score/mw/com/impl/plumbing/proxy_binding_factory_impl.cpp:
In file included from ./score/mw/com/impl/instance_identifier.h:16,
                 from ./score/mw/com/impl/handle_type.h:18,
                 from ./score/mw/com/impl/plumbing/i_proxy_binding_factory.h:16,
                 from ./score/mw/com/impl/plumbing/proxy_binding_factory_impl.h:16,
                 from score/mw/com/impl/plumbing/proxy_binding_factory_impl.cpp:13:
./score/mw/com/impl/com_error.h: In member function 'virtual std::string_view score::mw::com::impl::ComErrorDomain::MessageFor(const score::result::ErrorCode&) const':
./score/mw/com/impl/com_error.h:186:65: warning: 'score::mw::com::impl::ComErrc::kServiceInstanceAlreadyOffered' is deprecated: Value has never been used. Calls to OfferService shall be idempotent. [-Wdeprecated-declarations]
  186 |             case static_cast<score::result::ErrorCode>(ComErrc::kServiceInstanceAlreadyOffered):
      |                                                                 ^~~~~~~~~~~~~~~~~~~~~~~~~~~~~~
./score/mw/com/impl/com_error.h:57:5: note: declared here
   57 |     kServiceInstanceAlreadyOffered
      |     ^~~~~~~~~~~~~~~~~~~~~~~~~~~~~~
[1,136 / 1,253] Compiling score/concurrency/timed_executor/periodic_task.cpp; 1s linux-sandbox ... (4 actions, 3 running)
[1,145 / 1,253] Compiling score/concurrency/timed_executor/concurrent_timed_executor.cpp; 1s linux-sandbox ... (4 actions, 3 running)
[1,158 / 1,253] Compiling score/concurrency/periodic_task.cpp; 2s linux-sandbox ... (4 actions running)
INFO: From Compiling score/mw/com/impl/plumbing/i_proxy_binding_factory.cpp:
In file included from ./score/mw/com/impl/instance_identifier.h:16,
                 from ./score/mw/com/impl/handle_type.h:18,
                 from ./score/mw/com/impl/plumbing/i_proxy_binding_factory.h:16,
                 from score/mw/com/impl/plumbing/i_proxy_binding_factory.cpp:13:
./score/mw/com/impl/com_error.h: In member function 'virtual std::string_view score::mw::com::impl::ComErrorDomain::MessageFor(const score::result::ErrorCode&) const':
./score/mw/com/impl/com_error.h:186:65: warning: 'score::mw::com::impl::ComErrc::kServiceInstanceAlreadyOffered' is deprecated: Value has never been used. Calls to OfferService shall be idempotent. [-Wdeprecated-declarations]
  186 |             case static_cast<score::result::ErrorCode>(ComErrc::kServiceInstanceAlreadyOffered):
      |                                                                 ^~~~~~~~~~~~~~~~~~~~~~~~~~~~~~
./score/mw/com/impl/com_error.h:57:5: note: declared here
   57 |     kServiceInstanceAlreadyOffered
      |     ^~~~~~~~~~~~~~~~~~~~~~~~~~~~~~
[1,165 / 1,253] Compiling score/mw/com/impl/bindings/lola/methods/type_erased_call_queue.cpp; 1s linux-sandbox ... (4 actions, 3 running)
[1,174 / 1,253] Compiling score/mw/com/impl/plumbing/skeleton_binding_factory.cpp; 1s linux-sandbox ... (4 actions running)
INFO: From Compiling score/mw/com/impl/plumbing/skeleton_binding_factory.cpp:
In file included from ./score/mw/com/impl/instance_identifier.h:16,
                 from ./score/mw/com/impl/plumbing/skeleton_binding_factory.h:16,
                 from score/mw/com/impl/plumbing/skeleton_binding_factory.cpp:13:
./score/mw/com/impl/com_error.h: In member function 'virtual std::string_view score::mw::com::impl::ComErrorDomain::MessageFor(const score::result::ErrorCode&) const':
./score/mw/com/impl/com_error.h:186:65: warning: 'score::mw::com::impl::ComErrc::kServiceInstanceAlreadyOffered' is deprecated: Value has never been used. Calls to OfferService shall be idempotent. [-Wdeprecated-declarations]
  186 |             case static_cast<score::result::ErrorCode>(ComErrc::kServiceInstanceAlreadyOffered):
      |                                                                 ^~~~~~~~~~~~~~~~~~~~~~~~~~~~~~
./score/mw/com/impl/com_error.h:57:5: note: declared here
   57 |     kServiceInstanceAlreadyOffered
      |     ^~~~~~~~~~~~~~~~~~~~~~~~~~~~~~
[1,179 / 1,253] Compiling score/mw/com/impl/generic_skeleton_event_binding.cpp; 2s linux-sandbox ... (4 actions, 3 running)
[1,183 / 1,253] Compiling score/mw/com/impl/bindings/lola/type_erased_sample_ptrs_guard.cpp; 1s linux-sandbox ... (4 actions, 3 running)
[1,189 / 1,253] Compiling score/mw/com/impl/bindings/lola/type_erased_sample_ptrs_guard.cpp; 2s linux-sandbox ... (4 actions, 3 running)
[1,191 / 1,253] Compiling score/mw/com/impl/bindings/lola/type_erased_sample_ptrs_guard.cpp; 3s linux-sandbox ... (4 actions, 3 running)
INFO: From Compiling score/mw/com/impl/bindings/lola/type_erased_sample_ptrs_guard.cpp:
In file included from ./score/mw/com/impl/configuration/service_instance_deployment.h:17,
                 from ./score/mw/com/impl/configuration/configuration.h:18,
                 from ./score/mw/com/impl/runtime.h:18,
                 from score/mw/com/impl/bindings/lola/type_erased_sample_ptrs_guard.cpp:16:
./score/mw/com/impl/com_error.h: In member function 'virtual std::string_view score::mw::com::impl::ComErrorDomain::MessageFor(const score::result::ErrorCode&) const':
./score/mw/com/impl/com_error.h:186:65: warning: 'score::mw::com::impl::ComErrc::kServiceInstanceAlreadyOffered' is deprecated: Value has never been used. Calls to OfferService shall be idempotent. [-Wdeprecated-declarations]
  186 |             case static_cast<score::result::ErrorCode>(ComErrc::kServiceInstanceAlreadyOffered):
      |                                                                 ^~~~~~~~~~~~~~~~~~~~~~~~~~~~~~
./score/mw/com/impl/com_error.h:57:5: note: declared here
   57 |     kServiceInstanceAlreadyOffered
      |     ^~~~~~~~~~~~~~~~~~~~~~~~~~~~~~
INFO: From Compiling score/mw/com/impl/plumbing/skeleton_binding_factory_impl.cpp:
In file included from ./score/mw/com/impl/instance_identifier.h:16,
                 from ./score/mw/com/impl/plumbing/skeleton_binding_factory_impl.h:16,
                 from score/mw/com/impl/plumbing/skeleton_binding_factory_impl.cpp:13:
./score/mw/com/impl/com_error.h: In member function 'virtual std::string_view score::mw::com::impl::ComErrorDomain::MessageFor(const score::result::ErrorCode&) const':
./score/mw/com/impl/com_error.h:186:65: warning: 'score::mw::com::impl::ComErrc::kServiceInstanceAlreadyOffered' is deprecated: Value has never been used. Calls to OfferService shall be idempotent. [-Wdeprecated-declarations]
  186 |             case static_cast<score::result::ErrorCode>(ComErrc::kServiceInstanceAlreadyOffered):
      |                                                                 ^~~~~~~~~~~~~~~~~~~~~~~~~~~~~~
./score/mw/com/impl/com_error.h:57:5: note: declared here
   57 |     kServiceInstanceAlreadyOffered
      |     ^~~~~~~~~~~~~~~~~~~~~~~~~~~~~~
[1,196 / 1,253] Compiling score/mw/com/impl/bindings/lola/service_data_storage.cpp; 3s linux-sandbox ... (4 actions running)
INFO: From Compiling score/mw/com/impl/bindings/lola/service_data_storage.cpp:
In file included from ./score/mw/com/impl/instance_identifier.h:16,
                 from ./score/mw/com/impl/handle_type.h:18,
                 from ./score/mw/com/impl/enriched_instance_identifier.h:17,
                 from ./score/mw/com/impl/i_service_discovery_client.h:16,
                 from ./score/mw/com/impl/i_binding_runtime.h:17,
                 from ./score/mw/com/impl/bindings/lola/i_runtime.h:20,
                 from ./score/mw/com/impl/bindings/lola/service_data_storage.h:20,
                 from score/mw/com/impl/bindings/lola/service_data_storage.cpp:13:
./score/mw/com/impl/com_error.h: In member function 'virtual std::string_view score::mw::com::impl::ComErrorDomain::MessageFor(const score::result::ErrorCode&) const':
./score/mw/com/impl/com_error.h:186:65: warning: 'score::mw::com::impl::ComErrc::kServiceInstanceAlreadyOffered' is deprecated: Value has never been used. Calls to OfferService shall be idempotent. [-Wdeprecated-declarations]
  186 |             case static_cast<score::result::ErrorCode>(ComErrc::kServiceInstanceAlreadyOffered):
      |                                                                 ^~~~~~~~~~~~~~~~~~~~~~~~~~~~~~
./score/mw/com/impl/com_error.h:57:5: note: declared here
   57 |     kServiceInstanceAlreadyOffered
      |     ^~~~~~~~~~~~~~~~~~~~~~~~~~~~~~
[1,199 / 1,253] Compiling score/mw/com/impl/bindings/lola/service_data_control.cpp; 2s linux-sandbox ... (4 actions, 3 running)
INFO: From Compiling score/mw/com/impl/plumbing/i_skeleton_binding_factory.cpp:
In file included from ./score/mw/com/impl/instance_identifier.h:16,
                 from ./score/mw/com/impl/plumbing/i_skeleton_binding_factory.h:16,
                 from score/mw/com/impl/plumbing/i_skeleton_binding_factory.cpp:13:
./score/mw/com/impl/com_error.h: In member function 'virtual std::string_view score::mw::com::impl::ComErrorDomain::MessageFor(const score::result::ErrorCode&) const':
./score/mw/com/impl/com_error.h:186:65: warning: 'score::mw::com::impl::ComErrc::kServiceInstanceAlreadyOffered' is deprecated: Value has never been used. Calls to OfferService shall be idempotent. [-Wdeprecated-declarations]
  186 |             case static_cast<score::result::ErrorCode>(ComErrc::kServiceInstanceAlreadyOffered):
      |                                                                 ^~~~~~~~~~~~~~~~~~~~~~~~~~~~~~
./score/mw/com/impl/com_error.h:57:5: note: declared here
   57 |     kServiceInstanceAlreadyOffered
      |     ^~~~~~~~~~~~~~~~~~~~~~~~~~~~~~
[1,204 / 1,253] Compiling score/mw/com/impl/bindings/lola/skeleton_method.cpp; 2s linux-sandbox ... (4 actions, 3 running)
[1,205 / 1,253] Compiling score/mw/com/impl/bindings/lola/skeleton_method.cpp; 3s linux-sandbox ... (4 actions running)
INFO: From Compiling score/mw/com/impl/bindings/lola/skeleton_method.cpp:
In file included from ./score/mw/com/impl/instance_identifier.h:16,
                 from ./score/mw/com/impl/handle_type.h:18,
                 from ./score/mw/com/impl/enriched_instance_identifier.h:17,
                 from ./score/mw/com/impl/i_service_discovery_client.h:16,
                 from ./score/mw/com/impl/i_binding_runtime.h:17,
                 from ./score/mw/com/impl/bindings/lola/i_runtime.h:20,
                 from score/mw/com/impl/bindings/lola/skeleton_method.cpp:17:
./score/mw/com/impl/com_error.h: In member function 'virtual std::string_view score::mw::com::impl::ComErrorDomain::MessageFor(const score::result::ErrorCode&) const':
./score/mw/com/impl/com_error.h:186:65: warning: 'score::mw::com::impl::ComErrc::kServiceInstanceAlreadyOffered' is deprecated: Value has never been used. Calls to OfferService shall be idempotent. [-Wdeprecated-declarations]
  186 |             case static_cast<score::result::ErrorCode>(ComErrc::kServiceInstanceAlreadyOffered):
      |                                                                 ^~~~~~~~~~~~~~~~~~~~~~~~~~~~~~
./score/mw/com/impl/com_error.h:57:5: note: declared here
   57 |     kServiceInstanceAlreadyOffered
      |     ^~~~~~~~~~~~~~~~~~~~~~~~~~~~~~
[1,206 / 1,253] Compiling score/mw/com/impl/bindings/lola/skeleton_memory_manager.cpp; 5s linux-sandbox ... (4 actions, 3 running)
INFO: From Compiling score/mw/com/impl/bindings/lola/skeleton_event.cpp:
In file included from ./score/mw/com/impl/instance_identifier.h:16,
                 from ./score/mw/com/impl/handle_type.h:18,
                 from ./score/mw/com/impl/enriched_instance_identifier.h:17,
                 from ./score/mw/com/impl/i_service_discovery_client.h:16,
                 from ./score/mw/com/impl/i_binding_runtime.h:17,
                 from ./score/mw/com/impl/bindings/lola/i_runtime.h:20,
                 from ./score/mw/com/impl/bindings/lola/service_data_storage.h:20,
                 from ./score/mw/com/impl/bindings/lola/skeleton_memory_manager.h:20,
                 from ./score/mw/com/impl/bindings/lola/skeleton.h:32,
                 from ./score/mw/com/impl/bindings/lola/skeleton_event.h:21,
                 from score/mw/com/impl/bindings/lola/skeleton_event.cpp:13:
./score/mw/com/impl/com_error.h: In member function 'virtual std::string_view score::mw::com::impl::ComErrorDomain::MessageFor(const score::result::ErrorCode&) const':
./score/mw/com/impl/com_error.h:186:65: warning: 'score::mw::com::impl::ComErrc::kServiceInstanceAlreadyOffered' is deprecated: Value has never been used. Calls to OfferService shall be idempotent. [-Wdeprecated-declarations]
  186 |             case static_cast<score::result::ErrorCode>(ComErrc::kServiceInstanceAlreadyOffered):
      |                                                                 ^~~~~~~~~~~~~~~~~~~~~~~~~~~~~~
./score/mw/com/impl/com_error.h:57:5: note: declared here
   57 |     kServiceInstanceAlreadyOffered
      |     ^~~~~~~~~~~~~~~~~~~~~~~~~~~~~~
[1,207 / 1,253] Compiling score/mw/com/impl/bindings/lola/skeleton_memory_manager.cpp; 6s linux-sandbox ... (4 actions, 3 running)
INFO: From Compiling score/mw/com/impl/bindings/lola/skeleton_memory_manager.cpp:
In file included from ./score/mw/com/impl/instance_identifier.h:16,
                 from ./score/mw/com/impl/handle_type.h:18,
                 from ./score/mw/com/impl/enriched_instance_identifier.h:17,
                 from ./score/mw/com/impl/i_service_discovery_client.h:16,
                 from ./score/mw/com/impl/i_binding_runtime.h:17,
                 from ./score/mw/com/impl/bindings/lola/i_runtime.h:20,
                 from ./score/mw/com/impl/bindings/lola/service_data_storage.h:20,
                 from ./score/mw/com/impl/bindings/lola/skeleton_memory_manager.h:20,
                 from score/mw/com/impl/bindings/lola/skeleton_memory_manager.cpp:13:
./score/mw/com/impl/com_error.h: In member function 'virtual std::string_view score::mw::com::impl::ComErrorDomain::MessageFor(const score::result::ErrorCode&) const':
./score/mw/com/impl/com_error.h:186:65: warning: 'score::mw::com::impl::ComErrc::kServiceInstanceAlreadyOffered' is deprecated: Value has never been used. Calls to OfferService shall be idempotent. [-Wdeprecated-declarations]
  186 |             case static_cast<score::result::ErrorCode>(ComErrc::kServiceInstanceAlreadyOffered):
      |                                                                 ^~~~~~~~~~~~~~~~~~~~~~~~~~~~~~
./score/mw/com/impl/com_error.h:57:5: note: declared here
   57 |     kServiceInstanceAlreadyOffered
      |     ^~~~~~~~~~~~~~~~~~~~~~~~~~~~~~
[1,211 / 1,253] Compiling score/mw/com/impl/bindings/lola/proxy.cpp; 6s linux-sandbox ... (4 actions running)
[1,213 / 1,253] Compiling score/mw/com/impl/bindings/lola/proxy.cpp; 7s linux-sandbox ... (4 actions running)
INFO: From Compiling score/mw/com/impl/bindings/lola/proxy.cpp:
In file included from ./score/mw/com/impl/instance_identifier.h:16,
                 from ./score/mw/com/impl/handle_type.h:18,
                 from ./score/mw/com/impl/enriched_instance_identifier.h:17,
                 from ./score/mw/com/impl/i_service_discovery_client.h:16,
                 from ./score/mw/com/impl/i_binding_runtime.h:17,
                 from ./score/mw/com/impl/bindings/lola/i_runtime.h:20,
                 from ./score/mw/com/impl/bindings/lola/proxy_method.h:17,
                 from ./score/mw/com/impl/bindings/lola/proxy.h:24,
                 from score/mw/com/impl/bindings/lola/proxy.cpp:13:
./score/mw/com/impl/com_error.h: In member function 'virtual std::string_view score::mw::com::impl::ComErrorDomain::MessageFor(const score::result::ErrorCode&) const':
./score/mw/com/impl/com_error.h:186:65: warning: 'score::mw::com::impl::ComErrc::kServiceInstanceAlreadyOffered' is deprecated: Value has never been used. Calls to OfferService shall be idempotent. [-Wdeprecated-declarations]
  186 |             case static_cast<score::result::ErrorCode>(ComErrc::kServiceInstanceAlreadyOffered):
      |                                                                 ^~~~~~~~~~~~~~~~~~~~~~~~~~~~~~
./score/mw/com/impl/com_error.h:57:5: note: declared here
   57 |     kServiceInstanceAlreadyOffered
      |     ^~~~~~~~~~~~~~~~~~~~~~~~~~~~~~
[1,215 / 1,253] Compiling score/mw/com/impl/bindings/lola/skeleton.cpp; 5s linux-sandbox ... (4 actions, 3 running)
[1,215 / 1,253] Compiling score/mw/com/impl/bindings/lola/skeleton.cpp; 6s linux-sandbox ... (4 actions running)
INFO: From Compiling score/mw/com/impl/bindings/lola/transaction_log_rollback_executor.cpp:
In file included from ./score/mw/com/impl/instance_identifier.h:16,
                 from ./score/mw/com/impl/handle_type.h:18,
                 from ./score/mw/com/impl/enriched_instance_identifier.h:17,
                 from ./score/mw/com/impl/i_service_discovery_client.h:16,
                 from ./score/mw/com/impl/i_binding_runtime.h:17,
                 from ./score/mw/com/impl/bindings/lola/i_runtime.h:20,
                 from ./score/mw/com/impl/bindings/lola/transaction_log_rollback_executor.h:16,
                 from score/mw/com/impl/bindings/lola/transaction_log_rollback_executor.cpp:13:
./score/mw/com/impl/com_error.h: In member function 'virtual std::string_view score::mw::com::impl::ComErrorDomain::MessageFor(const score::result::ErrorCode&) const':
./score/mw/com/impl/com_error.h:186:65: warning: 'score::mw::com::impl::ComErrc::kServiceInstanceAlreadyOffered' is deprecated: Value has never been used. Calls to OfferService shall be idempotent. [-Wdeprecated-declarations]
  186 |             case static_cast<score::result::ErrorCode>(ComErrc::kServiceInstanceAlreadyOffered):
      |                                                                 ^~~~~~~~~~~~~~~~~~~~~~~~~~~~~~
./score/mw/com/impl/com_error.h:57:5: note: declared here
   57 |     kServiceInstanceAlreadyOffered
      |     ^~~~~~~~~~~~~~~~~~~~~~~~~~~~~~
INFO: From Compiling score/mw/com/impl/bindings/lola/skeleton.cpp:
In file included from ./score/mw/com/impl/instance_identifier.h:16,
                 from ./score/mw/com/impl/handle_type.h:18,
                 from ./score/mw/com/impl/enriched_instance_identifier.h:17,
                 from ./score/mw/com/impl/i_service_discovery_client.h:16,
                 from ./score/mw/com/impl/i_binding_runtime.h:17,
                 from ./score/mw/com/impl/bindings/lola/i_runtime.h:20,
                 from ./score/mw/com/impl/bindings/lola/service_data_storage.h:20,
                 from ./score/mw/com/impl/bindings/lola/skeleton_memory_manager.h:20,
                 from ./score/mw/com/impl/bindings/lola/skeleton.h:32,
                 from score/mw/com/impl/bindings/lola/skeleton.cpp:13:
./score/mw/com/impl/com_error.h: In member function 'virtual std::string_view score::mw::com::impl::ComErrorDomain::MessageFor(const score::result::ErrorCode&) const':
./score/mw/com/impl/com_error.h:186:65: warning: 'score::mw::com::impl::ComErrc::kServiceInstanceAlreadyOffered' is deprecated: Value has never been used. Calls to OfferService shall be idempotent. [-Wdeprecated-declarations]
  186 |             case static_cast<score::result::ErrorCode>(ComErrc::kServiceInstanceAlreadyOffered):
      |                                                                 ^~~~~~~~~~~~~~~~~~~~~~~~~~~~~~
./score/mw/com/impl/com_error.h:57:5: note: declared here
   57 |     kServiceInstanceAlreadyOffered
      |     ^~~~~~~~~~~~~~~~~~~~~~~~~~~~~~
[1,226 / 1,253] Compiling score/mw/com/impl/bindings/lola/proxy_event.cpp; 3s linux-sandbox ... (4 actions, 3 running)
INFO: From Compiling score/mw/com/impl/bindings/lola/proxy_event.cpp:
In file included from ./score/mw/com/impl/instance_identifier.h:16,
                 from ./score/mw/com/impl/handle_type.h:18,
                 from ./score/mw/com/impl/enriched_instance_identifier.h:17,
                 from ./score/mw/com/impl/i_service_discovery_client.h:16,
                 from ./score/mw/com/impl/i_binding_runtime.h:17,
                 from ./score/mw/com/impl/bindings/lola/i_runtime.h:20,
                 from ./score/mw/com/impl/bindings/lola/proxy_method.h:17,
                 from ./score/mw/com/impl/bindings/lola/proxy.h:24,
                 from ./score/mw/com/impl/bindings/lola/proxy_event.h:18,
                 from score/mw/com/impl/bindings/lola/proxy_event.cpp:13:
./score/mw/com/impl/com_error.h: In member function 'virtual std::string_view score::mw::com::impl::ComErrorDomain::MessageFor(const score::result::ErrorCode&) const':
./score/mw/com/impl/com_error.h:186:65: warning: 'score::mw::com::impl::ComErrc::kServiceInstanceAlreadyOffered' is deprecated: Value has never been used. Calls to OfferService shall be idempotent. [-Wdeprecated-declarations]
  186 |             case static_cast<score::result::ErrorCode>(ComErrc::kServiceInstanceAlreadyOffered):
      |                                                                 ^~~~~~~~~~~~~~~~~~~~~~~~~~~~~~
./score/mw/com/impl/com_error.h:57:5: note: declared here
   57 |     kServiceInstanceAlreadyOffered
      |     ^~~~~~~~~~~~~~~~~~~~~~~~~~~~~~
[1,232 / 1,253] Compiling score/mw/com/impl/proxy_event_binding.cpp; 1s linux-sandbox ... (4 actions running)
[1,234 / 1,253] Compiling score/mw/com/impl/proxy_event_binding.cpp; 2s linux-sandbox ... (4 actions running)
[1,238 / 1,253] Compiling score/mw/com/impl/bindings/lola/proxy_method.cpp; 4s linux-sandbox ... (4 actions running)
[1,239 / 1,253] Compiling score/mw/com/impl/bindings/lola/proxy_method.cpp; 5s linux-sandbox ... (4 actions, 3 running)
INFO: From Compiling score/mw/com/impl/bindings/lola/proxy_method.cpp:
In file included from ./score/mw/com/impl/instance_identifier.h:16,
                 from ./score/mw/com/impl/handle_type.h:18,
                 from ./score/mw/com/impl/enriched_instance_identifier.h:17,
                 from ./score/mw/com/impl/i_service_discovery_client.h:16,
                 from ./score/mw/com/impl/i_binding_runtime.h:17,
                 from ./score/mw/com/impl/bindings/lola/i_runtime.h:20,
                 from ./score/mw/com/impl/bindings/lola/proxy_method.h:17,
                 from score/mw/com/impl/bindings/lola/proxy_method.cpp:13:
./score/mw/com/impl/com_error.h: In member function 'virtual std::string_view score::mw::com::impl::ComErrorDomain::MessageFor(const score::result::ErrorCode&) const':
./score/mw/com/impl/com_error.h:186:65: warning: 'score::mw::com::impl::ComErrc::kServiceInstanceAlreadyOffered' is deprecated: Value has never been used. Calls to OfferService shall be idempotent. [-Wdeprecated-declarations]
  186 |             case static_cast<score::result::ErrorCode>(ComErrc::kServiceInstanceAlreadyOffered):
      |                                                                 ^~~~~~~~~~~~~~~~~~~~~~~~~~~~~~
./score/mw/com/impl/com_error.h:57:5: note: declared here
   57 |     kServiceInstanceAlreadyOffered
      |     ^~~~~~~~~~~~~~~~~~~~~~~~~~~~~~
INFO: From Compiling score/mw/com/impl/bindings/lola/subscription_subscription_pending_states.cpp:
In file included from score/mw/com/impl/bindings/lola/subscription_subscription_pending_states.cpp:17:
./score/mw/com/impl/com_error.h: In member function 'virtual std::string_view score::mw::com::impl::ComErrorDomain::MessageFor(const score::result::ErrorCode&) const':
./score/mw/com/impl/com_error.h:186:65: warning: 'score::mw::com::impl::ComErrc::kServiceInstanceAlreadyOffered' is deprecated: Value has never been used. Calls to OfferService shall be idempotent. [-Wdeprecated-declarations]
  186 |             case static_cast<score::result::ErrorCode>(ComErrc::kServiceInstanceAlreadyOffered):
      |                                                                 ^~~~~~~~~~~~~~~~~~~~~~~~~~~~~~
./score/mw/com/impl/com_error.h:57:5: note: declared here
   57 |     kServiceInstanceAlreadyOffered
      |     ^~~~~~~~~~~~~~~~~~~~~~~~~~~~~~
INFO: From Compiling score/mw/com/impl/bindings/lola/subscription_subscribed_states.cpp:
In file included from score/mw/com/impl/bindings/lola/subscription_subscribed_states.cpp:18:
./score/mw/com/impl/com_error.h: In member function 'virtual std::string_view score::mw::com::impl::ComErrorDomain::MessageFor(const score::result::ErrorCode&) const':
./score/mw/com/impl/com_error.h:186:65: warning: 'score::mw::com::impl::ComErrc::kServiceInstanceAlreadyOffered' is deprecated: Value has never been used. Calls to OfferService shall be idempotent. [-Wdeprecated-declarations]
  186 |             case static_cast<score::result::ErrorCode>(ComErrc::kServiceInstanceAlreadyOffered):
      |                                                                 ^~~~~~~~~~~~~~~~~~~~~~~~~~~~~~
./score/mw/com/impl/com_error.h:57:5: note: declared here
   57 |     kServiceInstanceAlreadyOffered
      |     ^~~~~~~~~~~~~~~~~~~~~~~~~~~~~~
[1,245 / 1,253] Compiling score/mw/com/impl/bindings/lola/subscription_helpers.cpp; 1s linux-sandbox ... (4 actions, 3 running)
[1,245 / 1,253] Compiling score/mw/com/impl/bindings/lola/subscription_helpers.cpp; 2s linux-sandbox ... (4 actions running)
INFO: From Compiling score/mw/com/impl/bindings/lola/subscription_helpers.cpp:
In file included from ./score/mw/com/impl/instance_identifier.h:16,
                 from ./score/mw/com/impl/handle_type.h:18,
                 from ./score/mw/com/impl/enriched_instance_identifier.h:17,
                 from ./score/mw/com/impl/i_service_discovery_client.h:16,
                 from ./score/mw/com/impl/i_binding_runtime.h:17,
                 from ./score/mw/com/impl/bindings/lola/i_runtime.h:20,
                 from score/mw/com/impl/bindings/lola/subscription_helpers.cpp:15:
./score/mw/com/impl/com_error.h: In member function 'virtual std::string_view score::mw::com::impl::ComErrorDomain::MessageFor(const score::result::ErrorCode&) const':
./score/mw/com/impl/com_error.h:186:65: warning: 'score::mw::com::impl::ComErrc::kServiceInstanceAlreadyOffered' is deprecated: Value has never been used. Calls to OfferService shall be idempotent. [-Wdeprecated-declarations]
  186 |             case static_cast<score::result::ErrorCode>(ComErrc::kServiceInstanceAlreadyOffered):
      |                                                                 ^~~~~~~~~~~~~~~~~~~~~~~~~~~~~~
./score/mw/com/impl/com_error.h:57:5: note: declared here
   57 |     kServiceInstanceAlreadyOffered
      |     ^~~~~~~~~~~~~~~~~~~~~~~~~~~~~~
[1,248 / 1,253] Compiling score/mw/com/impl/bindings/lola/subscription_not_subscribed_states.cpp; 2s linux-sandbox ... (3 actions, 1 running)
INFO: From Compiling score/mw/com/impl/bindings/lola/subscription_not_subscribed_states.cpp:
In file included from score/mw/com/impl/bindings/lola/subscription_not_subscribed_states.cpp:20:
./score/mw/com/impl/com_error.h: In member function 'virtual std::string_view score::mw::com::impl::ComErrorDomain::MessageFor(const score::result::ErrorCode&) const':
./score/mw/com/impl/com_error.h:186:65: warning: 'score::mw::com::impl::ComErrc::kServiceInstanceAlreadyOffered' is deprecated: Value has never been used. Calls to OfferService shall be idempotent. [-Wdeprecated-declarations]
  186 |             case static_cast<score::result::ErrorCode>(ComErrc::kServiceInstanceAlreadyOffered):
      |                                                                 ^~~~~~~~~~~~~~~~~~~~~~~~~~~~~~
./score/mw/com/impl/com_error.h:57:5: note: declared here
   57 |     kServiceInstanceAlreadyOffered
      |     ^~~~~~~~~~~~~~~~~~~~~~~~~~~~~~
[1,250 / 1,253] 1 / 3 tests; Testing //score/mw/com/impl/rust/com-api/com-api-runtime-mock:com-api-runtime-mock-tests; 0s linux-sandbox ... (3 actions running)
[1,251 / 1,253] 1 / 3 tests; Testing //score/mw/com/impl/rust/com-api/com-api-runtime-mock:com-api-runtime-mock-doc-tests; 2s linux-sandbox ... (2 actions running)
[1,251 / 1,253] 1 / 3 tests; Testing //score/mw/com/impl/rust/com-api/com-api-runtime-mock:com-api-runtime-mock-doc-tests; 6s linux-sandbox ... (2 actions running)
[1,252 / 1,253] 2 / 3 tests; Compiling Rust bin score_com_concept-test (5 files); 8s linux-sandbox
[1,253 / 1,254] 2 / 3 tests; [Prepa] Testing //score/mw/com/rust/score_com_concept:score_com_concept-test
INFO: Found 3 test targets...
INFO: Elapsed time: 437.988s, Critical Path: 37.77s
INFO: 798 processes: 471 action cache hit, 24 internal, 774 linux-sandbox.
INFO: Build completed successfully, 798 total actions
INFO: 
//score/mw/com/impl/rust/com-api/com-api-runtime-mock:com-api-runtime-mock-doc-tests PASSED in 6.1s
//score/mw/com/impl/rust/com-api/com-api-runtime-mock:com-api-runtime-mock-tests PASSED in 0.2s
//score/mw/com/rust/score_com_concept:score_com_concept-test             PASSED in 0.0s

Executed 3 out of 3 tests: 3 tests pass.
There were tests whose specified size is too big. Use the --test_verbose_timeout_warnings command line option to see which ones these are.
INFO: Build Event Protocol files produced successfully.
