OpenJDK 64-Bit Server VM warning: Options -Xverify:none and -noverify were deprecated in JDK 13 and will likely be removed in a future release.
Computing main repo mapping: 
Computing main repo mapping: 
Computing main repo mapping: 
Computing main repo mapping: 
Computing main repo mapping: 
Computing main repo mapping: 
Loading: 
Loading: 5 packages loaded
Analyzing: target //quality/static_analysis:codeql_lint (6 packages loaded, 0 targets configured)
Analyzing: target //quality/static_analysis:codeql_lint (6 packages loaded, 0 targets configured)

Analyzing: target //quality/static_analysis:codeql_lint (35 packages loaded, 10 targets configured)

Analyzing: target //quality/static_analysis:codeql_lint (155 packages loaded, 628 targets configured)

Analyzing: target //quality/static_analysis:codeql_lint (172 packages loaded, 8125 targets configured)

Analyzing: target //quality/static_analysis:codeql_lint (200 packages loaded, 17916 targets configured)

INFO: Analyzed target //quality/static_analysis:codeql_lint (201 packages loaded, 50723 targets configured).
[1 / 1] no actions running
INFO: Found 1 target...
Target //quality/static_analysis:codeql_lint up-to-date:
  bazel-bin/quality/static_analysis/codeql_lint
INFO: Elapsed time: 22.718s, Critical Path: 1.06s
INFO: 1 process: 29 action cache hit, 1 internal.
INFO: Build completed successfully, 1 total action
INFO: Running command line: bazel-bin/quality/static_analysis/codeql_lint '--codeql_path=../+_repo_rules4+codeql_bundle/codeql_cli' '--config_path=quality/static_analysis/config.yaml' '--analysis_report_path=../+_repo_rules4+codeql_coding_standards/analysis_report' '--guideline_recategorize_path=../+_repo_rules4+codeql_coding_standards/guideline_recategorize' <args omitted>
Calculating baseline information in /media/jefferson/11c42dee-73a3-4c2b-ab42-a0440011d9e0/.s-core-build/runs/score-communication-followup-pivi6gt7/candidate
Running command in /media/jefferson/11c42dee-73a3-4c2b-ab42-a0440011d9e0/.s-core-build/runs/score-communication-followup-pivi6gt7/candidate: [/media/jefferson/11c42dee-73a3-4c2b-ab42-a0440011d9e0/.s-core-build/runs/score-communication-followup-pivi6gt7/bazel-output/4b9334f3199c06dc7413ff31e3d2964d/external/+_repo_rules4+codeql_bundle/codeql/javascript/tools/configure-baseline.sh]
Calculated baseline information for languages: cpp, javascript, python (135ms).
Resolving extractor cpp.
Successfully loaded extractor C/C++ (cpp) from /media/jefferson/11c42dee-73a3-4c2b-ab42-a0440011d9e0/.s-core-build/runs/score-communication-followup-pivi6gt7/bazel-output/4b9334f3199c06dc7413ff31e3d2964d/external/+_repo_rules4+codeql_bundle/codeql/cpp.
Created skeleton CodeQL database at /media/jefferson/11c42dee-73a3-4c2b-ab42-a0440011d9e0/.s-core-build/runs/score-communication-followup-pivi6gt7/license-final-production-db. This in-progress database is ready to be populated by an extractor.
WARNING: ignoring LD_PRELOAD in environment.
OpenJDK 64-Bit Server VM warning: Options -Xverify:none and -noverify were deprecated in JDK 13 and will likely be removed in a future release.
Computing main repo mapping: 
Computing main repo mapping: 
Loading: 
Loading: 5 packages loaded
Analyzing: target @@+_repo_rules4+codeql_coding_standards//:process_coding_standards_config (6 packages loaded, 0 targets configured)
Analyzing: target @@+_repo_rules4+codeql_coding_standards//:process_coding_standards_config (6 packages loaded, 0 targets configured)

Analyzing: target @@+_repo_rules4+codeql_coding_standards//:process_coding_standards_config (68 packages loaded, 10 targets configured)

Analyzing: target @@+_repo_rules4+codeql_coding_standards//:process_coding_standards_config (160 packages loaded, 3168 targets configured)

INFO: Analyzed target @@+_repo_rules4+codeql_coding_standards//:process_coding_standards_config (176 packages loaded, 11301 targets configured).
[8 / 10] checking cached actions
INFO: Found 1 target...
Target @@+_repo_rules4+codeql_coding_standards//:process_coding_standards_config up-to-date:
  bazel-bin/external/+_repo_rules4+codeql_coding_standards/process_coding_standards_config
INFO: Elapsed time: 7.699s, Critical Path: 0.09s
INFO: 1 process: 10 action cache hit, 1 internal.
INFO: Build completed successfully, 1 total action
INFO: Running command line: bazel-bin/external/+_repo_rules4+codeql_coding_standards/process_coding_standards_config <args omitted>
Scanning for files in /media/jefferson/11c42dee-73a3-4c2b-ab42-a0440011d9e0/.s-core-build/runs/score-communication-followup-pivi6gt7/candidate...
/media/jefferson/11c42dee-73a3-4c2b-ab42-a0440011d9e0/.s-core-build/runs/score-communication-followup-pivi6gt7/license-final-production-db: Indexing files in in /media/jefferson/11c42dee-73a3-4c2b-ab42-a0440011d9e0/.s-core-build/runs/score-communication-followup-pivi6gt7/candidate...
Running command in /media/jefferson/11c42dee-73a3-4c2b-ab42-a0440011d9e0/.s-core-build/runs/score-communication-followup-pivi6gt7/candidate: [/media/jefferson/11c42dee-73a3-4c2b-ab42-a0440011d9e0/.s-core-build/runs/score-communication-followup-pivi6gt7/bazel-output/4b9334f3199c06dc7413ff31e3d2964d/external/+_repo_rules4+codeql_bundle/codeql/xml/tools/index-files.sh, /media/jefferson/11c42dee-73a3-4c2b-ab42-a0440011d9e0/.s-core-build/runs/score-communication-followup-pivi6gt7/license-final-production-db/working/files-to-index12882769063711333084.list]
WARNING: ignoring LD_PRELOAD in environment.
OpenJDK 64-Bit Server VM warning: Options -Xverify:none and -noverify were deprecated in JDK 13 and will likely be removed in a future release.
Computing main repo mapping: 
Computing main repo mapping: 
Computing main repo mapping: 
Loading: 
Loading: 5 packages loaded
WARNING: /media/jefferson/11c42dee-73a3-4c2b-ab42-a0440011d9e0/.s-core-build/runs/score-communication-followup-pivi6gt7/bazel-inner/4b9334f3199c06dc7413ff31e3d2964d/external/score_baselibs+/score/os/utils/BUILD:100:11: target '@@score_baselibs+//score/os/utils:high_resolution_steady_clock' is deprecated: Deprecated, please use //platform/aas/mw/time/HighPrecisionLocalSteadyClock instead
Analyzing: 468 targets (88 packages loaded, 0 targets configured)
Analyzing: 468 targets (88 packages loaded, 0 targets configured)

Analyzing: 468 targets (123 packages loaded, 24 targets configured)

Analyzing: 468 targets (183 packages loaded, 24 targets configured)

WARNING: /media/jefferson/11c42dee-73a3-4c2b-ab42-a0440011d9e0/.s-core-build/runs/score-communication-followup-pivi6gt7/candidate/MODULE.bazel:196:20: The module extension apt defined in @rules_distroless//apt:extensions.bzl reported incorrect imports of repositories via use_repo():

Imported, but reported as indirect dependencies by the extension:
    ubuntu24_04_sysroot_resolve

Fix the use_repo calls by running 'bazel mod tidy'.
Analyzing: 468 targets (262 packages loaded, 4562 targets configured)

Analyzing: 468 targets (264 packages loaded, 13821 targets configured)
[32 / 126] checking cached actions
INFO: Analyzed 468 targets (264 packages loaded, 14167 targets configured).
[57 / 232] [Prepa] Writing script score/mw/com/impl/bindings/mock_binding/sample_ptr.cppmap
[97 / 369] [Prepa] Writing script score/mw/com/impl/methods/method_traits_checker.cppmap
[260 / 794] [Prepa] Writing script score/mw/com/impl/bindings/lola/element_fq_id.cppmap
[439 / 1,511] [Prepa] Writing script score/mw/com/impl/field_getter_setter_signatures.cppmap
[465 / 1,838] checking cached actions
[465 / 1,838] Compiling score/scope_exit/flag_owner.cpp; 1s processwrapper-sandbox ... (8 actions running)
[476 / 1,838] Compiling score/mw/com/impl/tracing/skeleton_tracing.cpp; 2s processwrapper-sandbox ... (8 actions running)
[499 / 1,838] Compiling score/mw/com/impl/tracing/skeleton_tracing.cpp; 4s processwrapper-sandbox ... (8 actions, 7 running)
[517 / 1,838] Compiling score/mw/com/impl/tracing/skeleton_tracing.cpp; 5s processwrapper-sandbox ... (8 actions, 7 running)
[529 / 1,838] Compiling score/mw/com/impl/tracing/skeleton_tracing.cpp; 6s processwrapper-sandbox ... (8 actions, 7 running)
[545 / 1,838] Compiling score/mw/com/impl/tracing/skeleton_tracing.cpp; 7s processwrapper-sandbox ... (7 actions, 6 running)
[558 / 1,838] Compiling score/mw/com/impl/tracing/skeleton_tracing.cpp; 8s processwrapper-sandbox ... (8 actions, 7 running)
[576 / 1,838] Compiling score/mw/com/impl/tracing/skeleton_tracing.cpp; 9s processwrapper-sandbox ... (8 actions, 7 running)
[590 / 1,838] Compiling score/mw/com/impl/tracing/skeleton_tracing.cpp; 10s processwrapper-sandbox ... (8 actions, 7 running)
[609 / 1,838] Compiling score/mw/com/impl/tracing/skeleton_tracing.cpp; 11s processwrapper-sandbox ... (8 actions, 7 running)
[618 / 1,838] Compiling score/mw/com/impl/tracing/skeleton_tracing.cpp; 12s processwrapper-sandbox ... (8 actions, 7 running)
[620 / 1,838] Compiling score/mw/com/impl/tracing/skeleton_tracing.cpp; 13s processwrapper-sandbox ... (8 actions, 7 running)
[623 / 1,838] Compiling score/mw/com/impl/tracing/skeleton_tracing.cpp; 14s processwrapper-sandbox ... (8 actions running)
[626 / 1,838] Compiling score/mw/com/impl/tracing/skeleton_tracing.cpp; 15s processwrapper-sandbox ... (8 actions running)
[631 / 1,838] Compiling score/mw/com/impl/tracing/skeleton_tracing.cpp; 16s processwrapper-sandbox ... (8 actions, 7 running)
[642 / 1,838] Compiling score/mw/com/impl/tracing/skeleton_tracing.cpp; 17s processwrapper-sandbox ... (8 actions, 7 running)
INFO: From Compiling score/mw/com/impl/tracing/skeleton_tracing.cpp:
In file included from score/mw/com/impl/tracing/skeleton_tracing.cpp:17:
In file included from ./score/mw/com/impl/tracing/skeleton_tracing.h:21:
In file included from ./score/mw/com/impl/instance_identifier.h:16:
./score/mw/com/impl/com_error.h:186:65: warning: 'kServiceInstanceAlreadyOffered' is deprecated: Value has never been used. Calls to OfferService shall be idempotent. [-Wdeprecated-declarations]
  186 |             case static_cast<score::result::ErrorCode>(ComErrc::kServiceInstanceAlreadyOffered):
      |                                                                 ^
./score/mw/com/impl/com_error.h:58:11: note: 'kServiceInstanceAlreadyOffered' has been explicitly marked deprecated here
   58 |         [[deprecated("Value has never been used. Calls to OfferService shall be idempotent.")]],
      |           ^
1 warning generated.
[647 / 1,838] Compiling score/language/safecpp/scoped_function/details/scope_state.cpp; 4s processwrapper-sandbox ... (8 actions, 7 running)
[660 / 1,838] Compiling score/mw/log/log_stream_error.cpp; 2s processwrapper-sandbox ... (8 actions, 7 running)
[664 / 1,838] Compiling score/containers/non_relocatable_vector.cpp; 2s processwrapper-sandbox ... (8 actions, 7 running)
[674 / 1,838] Compiling score/mw/com/impl/bindings/lola/transaction_log_rollback_executor.cpp; 3s processwrapper-sandbox ... (8 actions, 7 running)
[683 / 1,838] Compiling score/mw/com/impl/bindings/lola/transaction_log_rollback_executor.cpp; 4s processwrapper-sandbox ... (8 actions, 7 running)
[689 / 1,838] Compiling score/mw/com/impl/bindings/lola/transaction_log_rollback_executor.cpp; 5s processwrapper-sandbox ... (8 actions, 6 running)
[695 / 1,838] Compiling score/mw/com/impl/bindings/lola/transaction_log_rollback_executor.cpp; 6s processwrapper-sandbox ... (8 actions, 7 running)
[704 / 1,838] Compiling score/mw/com/impl/bindings/lola/transaction_log_rollback_executor.cpp; 7s processwrapper-sandbox ... (8 actions, 7 running)
[708 / 1,838] Compiling score/mw/com/impl/bindings/lola/transaction_log_rollback_executor.cpp; 8s processwrapper-sandbox ... (8 actions running)
[712 / 1,838] Compiling score/mw/com/impl/bindings/lola/transaction_log_rollback_executor.cpp; 9s processwrapper-sandbox ... (8 actions, 7 running)
[721 / 1,838] Compiling score/mw/com/impl/bindings/lola/transaction_log_rollback_executor.cpp; 10s processwrapper-sandbox ... (8 actions, 7 running)
[739 / 1,838] Compiling score/mw/com/impl/bindings/lola/transaction_log_rollback_executor.cpp; 12s processwrapper-sandbox ... (8 actions, 7 running)
INFO: From Compiling score/mw/com/impl/bindings/lola/transaction_log_rollback_executor.cpp:
In file included from score/mw/com/impl/bindings/lola/transaction_log_rollback_executor.cpp:13:
In file included from ./score/mw/com/impl/bindings/lola/transaction_log_rollback_executor.h:16:
In file included from ./score/mw/com/impl/bindings/lola/i_runtime.h:20:
In file included from ./score/mw/com/impl/i_binding_runtime.h:17:
In file included from ./score/mw/com/impl/i_service_discovery_client.h:16:
In file included from ./score/mw/com/impl/enriched_instance_identifier.h:17:
In file included from ./score/mw/com/impl/handle_type.h:18:
In file included from ./score/mw/com/impl/instance_identifier.h:16:
./score/mw/com/impl/com_error.h:186:65: warning: 'kServiceInstanceAlreadyOffered' is deprecated: Value has never been used. Calls to OfferService shall be idempotent. [-Wdeprecated-declarations]
  186 |             case static_cast<score::result::ErrorCode>(ComErrc::kServiceInstanceAlreadyOffered):
      |                                                                 ^
./score/mw/com/impl/com_error.h:58:11: note: 'kServiceInstanceAlreadyOffered' has been explicitly marked deprecated here
   58 |         [[deprecated("Value has never been used. Calls to OfferService shall be idempotent.")]],
      |           ^
1 warning generated.
INFO: From Compiling score/mw/com/impl/com_error.cpp:
In file included from score/mw/com/impl/com_error.cpp:13:
./score/mw/com/impl/com_error.h:186:65: warning: 'kServiceInstanceAlreadyOffered' is deprecated: Value has never been used. Calls to OfferService shall be idempotent. [-Wdeprecated-declarations]
  186 |             case static_cast<score::result::ErrorCode>(ComErrc::kServiceInstanceAlreadyOffered):
      |                                                                 ^
./score/mw/com/impl/com_error.h:58:11: note: 'kServiceInstanceAlreadyOffered' has been explicitly marked deprecated here
   58 |         [[deprecated("Value has never been used. Calls to OfferService shall be idempotent.")]],
      |           ^
1 warning generated.
[749 / 1,838] Compiling score/mw/com/impl/data_type_meta_info.cpp; 1s processwrapper-sandbox ... (8 actions, 7 running)
INFO: From Compiling score/mw/com/impl/data_type_meta_info.cpp:
In file included from score/mw/com/impl/data_type_meta_info.cpp:15:
./score/mw/com/impl/com_error.h:186:65: warning: 'kServiceInstanceAlreadyOffered' is deprecated: Value has never been used. Calls to OfferService shall be idempotent. [-Wdeprecated-declarations]
  186 |             case static_cast<score::result::ErrorCode>(ComErrc::kServiceInstanceAlreadyOffered):
      |                                                                 ^
./score/mw/com/impl/com_error.h:58:11: note: 'kServiceInstanceAlreadyOffered' has been explicitly marked deprecated here
   58 |         [[deprecated("Value has never been used. Calls to OfferService shall be idempotent.")]],
      |           ^
1 warning generated.
[766 / 1,838] Compiling score/mw/com/impl/configuration/configuration_json_parsing_strategy.cpp; 1s processwrapper-sandbox ... (8 actions, 7 running)
[775 / 1,838] Compiling score/mw/com/impl/configuration/configuration_json_parsing_strategy.cpp; 2s processwrapper-sandbox ... (8 actions running)
[776 / 1,838] Compiling score/mw/com/impl/configuration/configuration_json_parsing_strategy.cpp; 4s processwrapper-sandbox ... (8 actions, 7 running)
[802 / 1,838] Compiling score/mw/com/impl/configuration/configuration_json_parsing_strategy.cpp; 5s processwrapper-sandbox ... (8 actions running)
[806 / 1,838] Compiling score/mw/com/impl/configuration/configuration_json_parsing_strategy.cpp; 6s processwrapper-sandbox ... (8 actions, 7 running)
[810 / 1,838] Compiling score/mw/com/impl/configuration/configuration_json_parsing_strategy.cpp; 7s processwrapper-sandbox ... (8 actions, 7 running)
[818 / 1,838] Compiling score/mw/com/impl/configuration/configuration_json_parsing_strategy.cpp; 8s processwrapper-sandbox ... (8 actions running)
INFO: From Compiling score/mw/com/impl/configuration/configuration_json_parsing_strategy.cpp:
In file included from score/mw/com/impl/configuration/configuration_json_parsing_strategy.cpp:13:
In file included from ./score/mw/com/impl/configuration/configuration_json_parsing_strategy.h:16:
In file included from ./score/mw/com/impl/configuration/i_configuration_parsing_strategy.h:16:
In file included from ./score/mw/com/impl/configuration/configuration.h:18:
In file included from ./score/mw/com/impl/configuration/service_instance_deployment.h:17:
./score/mw/com/impl/com_error.h:186:65: warning: 'kServiceInstanceAlreadyOffered' is deprecated: Value has never been used. Calls to OfferService shall be idempotent. [-Wdeprecated-declarations]
  186 |             case static_cast<score::result::ErrorCode>(ComErrc::kServiceInstanceAlreadyOffered):
      |                                                                 ^
./score/mw/com/impl/com_error.h:58:11: note: 'kServiceInstanceAlreadyOffered' has been explicitly marked deprecated here
   58 |         [[deprecated("Value has never been used. Calls to OfferService shall be idempotent.")]],
      |           ^
1 warning generated.
[830 / 1,838] Compiling score/filesystem/file_utils/file_utils.cpp; 3s processwrapper-sandbox ... (8 actions, 7 running)
[839 / 1,838] Compiling score/mw/com/runtime.cpp; 2s processwrapper-sandbox ... (8 actions running)
[844 / 1,838] Compiling score/mw/com/runtime.cpp; 3s processwrapper-sandbox ... (8 actions running)
[850 / 1,838] Compiling score/mw/com/runtime.cpp; 4s processwrapper-sandbox ... (8 actions, 7 running)
[856 / 1,838] Compiling score/mw/com/runtime.cpp; 5s processwrapper-sandbox ... (8 actions, 7 running)
[859 / 1,838] Compiling score/mw/com/runtime.cpp; 7s processwrapper-sandbox ... (8 actions running)
[868 / 1,838] Compiling score/mw/com/runtime.cpp; 8s processwrapper-sandbox ... (8 actions running)
[876 / 1,838] Compiling score/mw/com/runtime.cpp; 9s processwrapper-sandbox ... (8 actions, 7 running)
[883 / 1,838] Compiling score/mw/com/runtime.cpp; 11s processwrapper-sandbox ... (8 actions, 7 running)
[892 / 1,838] Compiling score/mw/com/runtime.cpp; 12s processwrapper-sandbox ... (8 actions, 7 running)
[901 / 1,838] Compiling score/mw/com/runtime.cpp; 13s processwrapper-sandbox ... (8 actions running)
INFO: From Compiling score/mw/com/runtime.cpp:
In file included from score/mw/com/runtime.cpp:13:
In file included from ./score/mw/com/runtime.h:24:
In file included from ./score/mw/com/mocking/i_runtime.h:17:
In file included from ./score/mw/com/types.h:24:
In file included from ./score/mw/com/impl/generic_proxy.h:18:
In file included from ./score/mw/com/impl/generic_proxy_event.h:18:
In file included from ./score/mw/com/impl/proxy_base.h:18:
In file included from ./score/mw/com/impl/handle_type.h:18:
In file included from ./score/mw/com/impl/instance_identifier.h:16:
./score/mw/com/impl/com_error.h:186:65: warning: 'kServiceInstanceAlreadyOffered' is deprecated: Value has never been used. Calls to OfferService shall be idempotent. [-Wdeprecated-declarations]
  186 |             case static_cast<score::result::ErrorCode>(ComErrc::kServiceInstanceAlreadyOffered):
      |                                                                 ^
./score/mw/com/impl/com_error.h:58:11: note: 'kServiceInstanceAlreadyOffered' has been explicitly marked deprecated here
   58 |         [[deprecated("Value has never been used. Calls to OfferService shall be idempotent.")]],
      |           ^
1 warning generated.
[914 / 1,838] Compiling score/language/safecpp/safe_math/details/floating_point_environment.cpp; 2s processwrapper-sandbox ... (8 actions, 7 running)
[925 / 1,838] Compiling score/language/safecpp/safe_math/return_mode.cpp; 1s processwrapper-sandbox ... (8 actions, 7 running)
[932 / 1,838] Compiling score/mw/com/mocking/i_runtime.cpp; 2s processwrapper-sandbox ... (8 actions, 7 running)
[940 / 1,838] Compiling score/mw/com/mocking/i_runtime.cpp; 4s processwrapper-sandbox ... (8 actions, 7 running)
[941 / 1,838] Compiling score/mw/com/mocking/i_runtime.cpp; 5s processwrapper-sandbox ... (8 actions, 7 running)
[949 / 1,838] Compiling score/mw/com/mocking/i_runtime.cpp; 6s processwrapper-sandbox ... (8 actions running)
[953 / 1,838] Compiling score/mw/com/mocking/i_runtime.cpp; 7s processwrapper-sandbox ... (8 actions, 7 running)
[960 / 1,838] Compiling score/mw/com/mocking/i_runtime.cpp; 9s processwrapper-sandbox ... (8 actions, 7 running)
[974 / 1,838] Compiling score/mw/com/mocking/i_runtime.cpp; 10s processwrapper-sandbox ... (8 actions running)
[981 / 1,838] Compiling score/mw/com/mocking/i_runtime.cpp; 12s processwrapper-sandbox ... (8 actions, 7 running)
[987 / 1,838] Compiling score/mw/com/mocking/i_runtime.cpp; 13s processwrapper-sandbox ... (8 actions, 7 running)
INFO: From Compiling score/mw/com/impl/instance_specifier.cpp:
In file included from score/mw/com/impl/instance_specifier.cpp:15:
./score/mw/com/impl/com_error.h:186:65: warning: 'kServiceInstanceAlreadyOffered' is deprecated: Value has never been used. Calls to OfferService shall be idempotent. [-Wdeprecated-declarations]
  186 |             case static_cast<score::result::ErrorCode>(ComErrc::kServiceInstanceAlreadyOffered):
      |                                                                 ^
./score/mw/com/impl/com_error.h:58:11: note: 'kServiceInstanceAlreadyOffered' has been explicitly marked deprecated here
   58 |         [[deprecated("Value has never been used. Calls to OfferService shall be idempotent.")]],
      |           ^
1 warning generated.
INFO: From Compiling score/mw/com/mocking/i_runtime.cpp:
In file included from score/mw/com/mocking/i_runtime.cpp:13:
In file included from ./score/mw/com/mocking/i_runtime.h:17:
In file included from ./score/mw/com/types.h:24:
In file included from ./score/mw/com/impl/generic_proxy.h:18:
In file included from ./score/mw/com/impl/generic_proxy_event.h:18:
In file included from ./score/mw/com/impl/proxy_base.h:18:
In file included from ./score/mw/com/impl/handle_type.h:18:
In file included from ./score/mw/com/impl/instance_identifier.h:16:
./score/mw/com/impl/com_error.h:186:65: warning: 'kServiceInstanceAlreadyOffered' is deprecated: Value has never been used. Calls to OfferService shall be idempotent. [-Wdeprecated-declarations]
  186 |             case static_cast<score::result::ErrorCode>(ComErrc::kServiceInstanceAlreadyOffered):
      |                                                                 ^
./score/mw/com/impl/com_error.h:58:11: note: 'kServiceInstanceAlreadyOffered' has been explicitly marked deprecated here
   58 |         [[deprecated("Value has never been used. Calls to OfferService shall be idempotent.")]],
      |           ^
1 warning generated.
[995 / 1,838] Compiling score/memory/shared/flock/flock_mutex.cpp; 2s processwrapper-sandbox ... (8 actions running)
[1,003 / 1,838] Compiling score/memory/shared/flock/flock_mutex.cpp; 3s processwrapper-sandbox ... (8 actions, 7 running)
[1,013 / 1,838] Compiling score/mw/com/types.cpp; 2s processwrapper-sandbox ... (8 actions, 7 running)
[1,021 / 1,838] Compiling score/mw/com/types.cpp; 3s processwrapper-sandbox ... (8 actions, 7 running)
[1,030 / 1,838] Compiling score/mw/com/types.cpp; 4s processwrapper-sandbox ... (8 actions, 7 running)
[1,033 / 1,838] Compiling score/mw/com/types.cpp; 5s processwrapper-sandbox ... (8 actions, 7 running)
[1,040 / 1,838] Compiling score/mw/com/types.cpp; 6s processwrapper-sandbox ... (8 actions, 7 running)
[1,051 / 1,838] Compiling score/mw/com/types.cpp; 7s processwrapper-sandbox ... (8 actions running)
[1,057 / 1,838] Compiling score/mw/com/types.cpp; 8s processwrapper-sandbox ... (8 actions running)
[1,061 / 1,838] Compiling score/mw/com/types.cpp; 10s processwrapper-sandbox ... (8 actions, 7 running)
[1,069 / 1,838] Compiling score/mw/com/types.cpp; 11s processwrapper-sandbox ... (8 actions running)
[1,078 / 1,838] Compiling score/mw/com/types.cpp; 12s processwrapper-sandbox ... (8 actions running)
[1,082 / 1,838] Compiling score/mw/com/types.cpp; 14s processwrapper-sandbox ... (8 actions, 7 running)
INFO: From Compiling score/mw/com/types.cpp:
In file included from score/mw/com/types.cpp:13:
In file included from ./score/mw/com/types.h:24:
In file included from ./score/mw/com/impl/generic_proxy.h:18:
In file included from ./score/mw/com/impl/generic_proxy_event.h:18:
In file included from ./score/mw/com/impl/proxy_base.h:18:
In file included from ./score/mw/com/impl/handle_type.h:18:
In file included from ./score/mw/com/impl/instance_identifier.h:16:
./score/mw/com/impl/com_error.h:186:65: warning: 'kServiceInstanceAlreadyOffered' is deprecated: Value has never been used. Calls to OfferService shall be idempotent. [-Wdeprecated-declarations]
  186 |             case static_cast<score::result::ErrorCode>(ComErrc::kServiceInstanceAlreadyOffered):
      |                                                                 ^
./score/mw/com/impl/com_error.h:58:11: note: 'kServiceInstanceAlreadyOffered' has been explicitly marked deprecated here
   58 |         [[deprecated("Value has never been used. Calls to OfferService shall be idempotent.")]],
      |           ^
1 warning generated.
[1,089 / 1,838] Compiling score/mw/com/impl/configuration/lola_method_instance_deployment.cpp; 4s processwrapper-sandbox ... (8 actions, 7 running)
[1,096 / 1,838] Compiling score/mw/com/impl/configuration/lola_event_instance_deployment.cpp; 4s processwrapper-sandbox ... (8 actions running)
[1,102 / 1,838] Compiling score/mw/com/impl/configuration/lola_service_instance_deployment.cpp; 5s processwrapper-sandbox ... (8 actions running)
[1,106 / 1,838] Compiling score/mw/com/impl/configuration/service_instance_deployment.cpp; 5s processwrapper-sandbox ... (8 actions, 7 running)
INFO: From Compiling score/mw/com/impl/configuration/service_instance_deployment.cpp:
In file included from score/mw/com/impl/configuration/service_instance_deployment.cpp:13:
In file included from ./score/mw/com/impl/configuration/service_instance_deployment.h:17:
./score/mw/com/impl/com_error.h:186:65: warning: 'kServiceInstanceAlreadyOffered' is deprecated: Value has never been used. Calls to OfferService shall be idempotent. [-Wdeprecated-declarations]
  186 |             case static_cast<score::result::ErrorCode>(ComErrc::kServiceInstanceAlreadyOffered):
      |                                                                 ^
./score/mw/com/impl/com_error.h:58:11: note: 'kServiceInstanceAlreadyOffered' has been explicitly marked deprecated here
   58 |         [[deprecated("Value has never been used. Calls to OfferService shall be idempotent.")]],
      |           ^
1 warning generated.
[1,115 / 1,838] Compiling score/mw/com/impl/generic_skeleton.cpp; 5s processwrapper-sandbox ... (8 actions, 7 running)
[1,121 / 1,838] Compiling score/mw/com/impl/generic_skeleton.cpp; 6s processwrapper-sandbox ... (8 actions, 7 running)
[1,126 / 1,838] Compiling score/mw/com/impl/generic_skeleton.cpp; 7s processwrapper-sandbox ... (8 actions running)
INFO: From Compiling score/mw/com/impl/configuration/config_parser.cpp:
In file included from score/mw/com/impl/configuration/config_parser.cpp:13:
In file included from ./score/mw/com/impl/configuration/config_parser.h:17:
In file included from ./score/mw/com/impl/configuration/configuration.h:18:
In file included from ./score/mw/com/impl/configuration/service_instance_deployment.h:17:
./score/mw/com/impl/com_error.h:186:65: warning: 'kServiceInstanceAlreadyOffered' is deprecated: Value has never been used. Calls to OfferService shall be idempotent. [-Wdeprecated-declarations]
  186 |             case static_cast<score::result::ErrorCode>(ComErrc::kServiceInstanceAlreadyOffered):
      |                                                                 ^
./score/mw/com/impl/com_error.h:58:11: note: 'kServiceInstanceAlreadyOffered' has been explicitly marked deprecated here
   58 |         [[deprecated("Value has never been used. Calls to OfferService shall be idempotent.")]],
      |           ^
1 warning generated.
INFO: From Compiling score/mw/com/impl/configuration/configuration.cpp:
In file included from score/mw/com/impl/configuration/configuration.cpp:13:
In file included from ./score/mw/com/impl/configuration/configuration.h:18:
In file included from ./score/mw/com/impl/configuration/service_instance_deployment.h:17:
./score/mw/com/impl/com_error.h:186:65: warning: 'kServiceInstanceAlreadyOffered' is deprecated: Value has never been used. Calls to OfferService shall be idempotent. [-Wdeprecated-declarations]
  186 |             case static_cast<score::result::ErrorCode>(ComErrc::kServiceInstanceAlreadyOffered):
      |                                                                 ^
./score/mw/com/impl/com_error.h:58:11: note: 'kServiceInstanceAlreadyOffered' has been explicitly marked deprecated here
   58 |         [[deprecated("Value has never been used. Calls to OfferService shall be idempotent.")]],
      |           ^
1 warning generated.
[1,135 / 1,838] Compiling score/mw/com/impl/generic_skeleton.cpp; 8s processwrapper-sandbox ... (8 actions running)
INFO: From Compiling score/mw/com/impl/tracing/configuration/i_tracing_filter_config.cpp:
In file included from score/mw/com/impl/tracing/configuration/i_tracing_filter_config.cpp:13:
In file included from ./score/mw/com/impl/tracing/configuration/i_tracing_filter_config.h:16:
In file included from ./score/mw/com/impl/configuration/configuration.h:18:
In file included from ./score/mw/com/impl/configuration/service_instance_deployment.h:17:
./score/mw/com/impl/com_error.h:186:65: warning: 'kServiceInstanceAlreadyOffered' is deprecated: Value has never been used. Calls to OfferService shall be idempotent. [-Wdeprecated-declarations]
  186 |             case static_cast<score::result::ErrorCode>(ComErrc::kServiceInstanceAlreadyOffered):
      |                                                                 ^
./score/mw/com/impl/com_error.h:58:11: note: 'kServiceInstanceAlreadyOffered' has been explicitly marked deprecated here
   58 |         [[deprecated("Value has never been used. Calls to OfferService shall be idempotent.")]],
      |           ^
1 warning generated.
[1,136 / 1,838] Compiling score/mw/com/impl/generic_skeleton.cpp; 10s processwrapper-sandbox ... (8 actions, 7 running)
INFO: From Compiling score/mw/com/impl/tracing/configuration/tracing_filter_config.cpp:
In file included from score/mw/com/impl/tracing/configuration/tracing_filter_config.cpp:13:
In file included from ./score/mw/com/impl/tracing/configuration/tracing_filter_config.h:16:
In file included from ./score/mw/com/impl/configuration/configuration.h:18:
In file included from ./score/mw/com/impl/configuration/service_instance_deployment.h:17:
./score/mw/com/impl/com_error.h:186:65: warning: 'kServiceInstanceAlreadyOffered' is deprecated: Value has never been used. Calls to OfferService shall be idempotent. [-Wdeprecated-declarations]
  186 |             case static_cast<score::result::ErrorCode>(ComErrc::kServiceInstanceAlreadyOffered):
      |                                                                 ^
./score/mw/com/impl/com_error.h:58:11: note: 'kServiceInstanceAlreadyOffered' has been explicitly marked deprecated here
   58 |         [[deprecated("Value has never been used. Calls to OfferService shall be idempotent.")]],
      |           ^
1 warning generated.
INFO: From Compiling score/mw/com/impl/generic_skeleton.cpp:
In file included from score/mw/com/impl/generic_skeleton.cpp:13:
In file included from ./score/mw/com/impl/generic_skeleton.h:18:
In file included from ./score/mw/com/impl/instance_identifier.h:16:
./score/mw/com/impl/com_error.h:186:65: warning: 'kServiceInstanceAlreadyOffered' is deprecated: Value has never been used. Calls to OfferService shall be idempotent. [-Wdeprecated-declarations]
  186 |             case static_cast<score::result::ErrorCode>(ComErrc::kServiceInstanceAlreadyOffered):
      |                                                                 ^
./score/mw/com/impl/com_error.h:58:11: note: 'kServiceInstanceAlreadyOffered' has been explicitly marked deprecated here
   58 |         [[deprecated("Value has never been used. Calls to OfferService shall be idempotent.")]],
      |           ^
1 warning generated.
[1,142 / 1,838] Compiling score/mw/com/impl/tracing/configuration/tracing_filter_config_parser.cpp; 5s processwrapper-sandbox ... (8 actions, 7 running)
INFO: From Compiling score/mw/com/impl/tracing/configuration/tracing_filter_config_parser.cpp:
In file included from score/mw/com/impl/tracing/configuration/tracing_filter_config_parser.cpp:13:
In file included from ./score/mw/com/impl/tracing/configuration/tracing_filter_config_parser.h:17:
In file included from ./score/mw/com/impl/configuration/configuration.h:18:
In file included from ./score/mw/com/impl/configuration/service_instance_deployment.h:17:
./score/mw/com/impl/com_error.h:186:65: warning: 'kServiceInstanceAlreadyOffered' is deprecated: Value has never been used. Calls to OfferService shall be idempotent. [-Wdeprecated-declarations]
  186 |             case static_cast<score::result::ErrorCode>(ComErrc::kServiceInstanceAlreadyOffered):
      |                                                                 ^
./score/mw/com/impl/com_error.h:58:11: note: 'kServiceInstanceAlreadyOffered' has been explicitly marked deprecated here
   58 |         [[deprecated("Value has never been used. Calls to OfferService shall be idempotent.")]],
      |           ^
1 warning generated.
[1,147 / 1,838] Compiling score/mw/com/impl/instance_identifier.cpp; 6s processwrapper-sandbox ... (8 actions, 7 running)
INFO: From Compiling score/mw/com/impl/enriched_instance_identifier.cpp:
In file included from score/mw/com/impl/enriched_instance_identifier.cpp:13:
In file included from ./score/mw/com/impl/enriched_instance_identifier.h:17:
In file included from ./score/mw/com/impl/handle_type.h:18:
In file included from ./score/mw/com/impl/instance_identifier.h:16:
./score/mw/com/impl/com_error.h:186:65: warning: 'kServiceInstanceAlreadyOffered' is deprecated: Value has never been used. Calls to OfferService shall be idempotent. [-Wdeprecated-declarations]
  186 |             case static_cast<score::result::ErrorCode>(ComErrc::kServiceInstanceAlreadyOffered):
      |                                                                 ^
./score/mw/com/impl/com_error.h:58:11: note: 'kServiceInstanceAlreadyOffered' has been explicitly marked deprecated here
   58 |         [[deprecated("Value has never been used. Calls to OfferService shall be idempotent.")]],
      |           ^
1 warning generated.
INFO: From Compiling score/mw/com/impl/handle_type.cpp:
In file included from score/mw/com/impl/handle_type.cpp:13:
In file included from ./score/mw/com/impl/handle_type.h:18:
In file included from ./score/mw/com/impl/instance_identifier.h:16:
./score/mw/com/impl/com_error.h:186:65: warning: 'kServiceInstanceAlreadyOffered' is deprecated: Value has never been used. Calls to OfferService shall be idempotent. [-Wdeprecated-declarations]
  186 |             case static_cast<score::result::ErrorCode>(ComErrc::kServiceInstanceAlreadyOffered):
      |                                                                 ^
./score/mw/com/impl/com_error.h:58:11: note: 'kServiceInstanceAlreadyOffered' has been explicitly marked deprecated here
   58 |         [[deprecated("Value has never been used. Calls to OfferService shall be idempotent.")]],
      |           ^
1 warning generated.
INFO: From Compiling score/mw/com/impl/bindings/lola/service_discovery/flag_file.cpp:
In file included from score/mw/com/impl/bindings/lola/service_discovery/flag_file.cpp:13:
In file included from ./score/mw/com/impl/bindings/lola/service_discovery/flag_file.h:16:
In file included from ./score/mw/com/impl/enriched_instance_identifier.h:17:
In file included from ./score/mw/com/impl/handle_type.h:18:
In file included from ./score/mw/com/impl/instance_identifier.h:16:
./score/mw/com/impl/com_error.h:186:65: warning: 'kServiceInstanceAlreadyOffered' is deprecated: Value has never been used. Calls to OfferService shall be idempotent. [-Wdeprecated-declarations]
  186 |             case static_cast<score::result::ErrorCode>(ComErrc::kServiceInstanceAlreadyOffered):
      |                                                                 ^
./score/mw/com/impl/com_error.h:58:11: note: 'kServiceInstanceAlreadyOffered' has been explicitly marked deprecated here
   58 |         [[deprecated("Value has never been used. Calls to OfferService shall be idempotent.")]],
      |           ^
1 warning generated.
[1,154 / 1,838] Compiling score/mw/com/impl/instance_identifier.cpp; 7s processwrapper-sandbox ... (8 actions, 7 running)
INFO: From Compiling score/mw/com/impl/instance_identifier.cpp:
In file included from score/mw/com/impl/instance_identifier.cpp:13:
In file included from ./score/mw/com/impl/instance_identifier.h:16:
./score/mw/com/impl/com_error.h:186:65: warning: 'kServiceInstanceAlreadyOffered' is deprecated: Value has never been used. Calls to OfferService shall be idempotent. [-Wdeprecated-declarations]
  186 |             case static_cast<score::result::ErrorCode>(ComErrc::kServiceInstanceAlreadyOffered):
      |                                                                 ^
./score/mw/com/impl/com_error.h:58:11: note: 'kServiceInstanceAlreadyOffered' has been explicitly marked deprecated here
   58 |         [[deprecated("Value has never been used. Calls to OfferService shall be idempotent.")]],
      |           ^
1 warning generated.
[1,165 / 1,838] Compiling score/mw/com/impl/skeleton_field.cpp; 3s processwrapper-sandbox ... (8 actions running)
[1,166 / 1,838] Compiling score/mw/com/impl/skeleton_field.cpp; 4s processwrapper-sandbox ... (8 actions, 7 running)
[1,181 / 1,838] Compiling score/mw/com/impl/skeleton_field.cpp; 5s processwrapper-sandbox ... (8 actions, 7 running)
[1,187 / 1,838] Compiling score/mw/com/impl/skeleton_field.cpp; 7s processwrapper-sandbox ... (8 actions, 7 running)
[1,190 / 1,838] Compiling score/mw/com/impl/skeleton_field.cpp; 8s processwrapper-sandbox ... (8 actions, 7 running)
INFO: From Compiling score/mw/com/impl/bindings/lola/transaction_log_local_view.cpp:
In file included from score/mw/com/impl/bindings/lola/transaction_log_local_view.cpp:20:
./score/mw/com/impl/com_error.h:186:65: warning: 'kServiceInstanceAlreadyOffered' is deprecated: Value has never been used. Calls to OfferService shall be idempotent. [-Wdeprecated-declarations]
  186 |             case static_cast<score::result::ErrorCode>(ComErrc::kServiceInstanceAlreadyOffered):
      |                                                                 ^
./score/mw/com/impl/com_error.h:58:11: note: 'kServiceInstanceAlreadyOffered' has been explicitly marked deprecated here
   58 |         [[deprecated("Value has never been used. Calls to OfferService shall be idempotent.")]],
      |           ^
1 warning generated.
[1,198 / 1,838] Compiling score/mw/com/impl/skeleton_field.cpp; 9s processwrapper-sandbox ... (7 actions running)
INFO: From Compiling score/mw/com/impl/skeleton_field.cpp:
In file included from score/mw/com/impl/skeleton_field.cpp:13:
In file included from ./score/mw/com/impl/skeleton_field.h:19:
In file included from ./score/mw/com/impl/methods/skeleton_method.h:21:
In file included from ./score/mw/com/impl/plumbing/skeleton_method_binding_factory.h:16:
In file included from ./score/mw/com/impl/instance_identifier.h:16:
./score/mw/com/impl/com_error.h:186:65: warning: 'kServiceInstanceAlreadyOffered' is deprecated: Value has never been used. Calls to OfferService shall be idempotent. [-Wdeprecated-declarations]
  186 |             case static_cast<score::result::ErrorCode>(ComErrc::kServiceInstanceAlreadyOffered):
      |                                                                 ^
./score/mw/com/impl/com_error.h:58:11: note: 'kServiceInstanceAlreadyOffered' has been explicitly marked deprecated here
   58 |         [[deprecated("Value has never been used. Calls to OfferService shall be idempotent.")]],
      |           ^
1 warning generated.
[1,203 / 1,838] Compiling score/mw/com/impl/bindings/lola/transaction_log_set.cpp; 5s processwrapper-sandbox ... (8 actions, 7 running)
INFO: From Compiling score/mw/com/impl/bindings/lola/transaction_log_set.cpp:
In file included from score/mw/com/impl/bindings/lola/transaction_log_set.cpp:17:
./score/mw/com/impl/com_error.h:186:65: warning: 'kServiceInstanceAlreadyOffered' is deprecated: Value has never been used. Calls to OfferService shall be idempotent. [-Wdeprecated-declarations]
  186 |             case static_cast<score::result::ErrorCode>(ComErrc::kServiceInstanceAlreadyOffered):
      |                                                                 ^
./score/mw/com/impl/com_error.h:58:11: note: 'kServiceInstanceAlreadyOffered' has been explicitly marked deprecated here
   58 |         [[deprecated("Value has never been used. Calls to OfferService shall be idempotent.")]],
      |           ^
1 warning generated.
[1,220 / 1,838] Compiling score/memory/shared/memory_resource_registry.cpp; 2s processwrapper-sandbox ... (8 actions, 7 running)
[1,223 / 1,838] Compiling score/memory/shared/offset_ptr.cpp; 2s processwrapper-sandbox ... (8 actions, 7 running)
[1,224 / 1,838] Compiling score/memory/shared/offset_ptr.cpp; 4s processwrapper-sandbox ... (8 actions running)
[1,236 / 1,838] Compiling score/mw/com/impl/traits.cpp; 3s processwrapper-sandbox ... (8 actions running)
[1,246 / 1,838] Compiling score/mw/com/impl/traits.cpp; 5s processwrapper-sandbox ... (8 actions, 7 running)
[1,253 / 1,838] Compiling score/mw/com/impl/traits.cpp; 6s processwrapper-sandbox ... (8 actions, 7 running)
[1,260 / 1,838] Compiling score/mw/com/impl/traits.cpp; 7s processwrapper-sandbox ... (8 actions running)
[1,265 / 1,838] Compiling score/mw/com/impl/traits.cpp; 8s processwrapper-sandbox ... (8 actions running)
[1,277 / 1,838] Compiling score/mw/com/impl/traits.cpp; 10s processwrapper-sandbox ... (8 actions, 7 running)
[1,278 / 1,838] Compiling score/mw/com/impl/traits.cpp; 11s processwrapper-sandbox ... (8 actions running)
[1,282 / 1,838] Compiling score/mw/com/impl/traits.cpp; 12s processwrapper-sandbox ... (8 actions running)
INFO: From Compiling score/mw/com/impl/traits.cpp:
In file included from score/mw/com/impl/traits.cpp:13:
In file included from ./score/mw/com/impl/traits.h:16:
./score/mw/com/impl/com_error.h:186:65: warning: 'kServiceInstanceAlreadyOffered' is deprecated: Value has never been used. Calls to OfferService shall be idempotent. [-Wdeprecated-declarations]
  186 |             case static_cast<score::result::ErrorCode>(ComErrc::kServiceInstanceAlreadyOffered):
      |                                                                 ^
./score/mw/com/impl/com_error.h:58:11: note: 'kServiceInstanceAlreadyOffered' has been explicitly marked deprecated here
   58 |         [[deprecated("Value has never been used. Calls to OfferService shall be idempotent.")]],
      |           ^
1 warning generated.
[1,289 / 1,838] Compiling score/concurrency/future/base_interruptible_future.cpp; 3s processwrapper-sandbox ... (8 actions running)
[1,294 / 1,838] Compiling score/concurrency/shared_task_result.cpp; 3s processwrapper-sandbox ... (7 actions, 6 running)
[1,300 / 1,838] Compiling score/concurrency/executor.cpp; 3s processwrapper-sandbox ... (8 actions, 7 running)
INFO: From Compiling score/mw/com/impl/error_serializer.cpp:
In file included from score/mw/com/impl/error_serializer.cpp:16:
./score/mw/com/impl/com_error.h:186:65: warning: 'kServiceInstanceAlreadyOffered' is deprecated: Value has never been used. Calls to OfferService shall be idempotent. [-Wdeprecated-declarations]
  186 |             case static_cast<score::result::ErrorCode>(ComErrc::kServiceInstanceAlreadyOffered):
      |                                                                 ^
./score/mw/com/impl/com_error.h:58:11: note: 'kServiceInstanceAlreadyOffered' has been explicitly marked deprecated here
   58 |         [[deprecated("Value has never been used. Calls to OfferService shall be idempotent.")]],
      |           ^
1 warning generated.
[1,307 / 1,838] Compiling score/mw/com/impl/proxy_field.cpp; 3s processwrapper-sandbox ... (8 actions, 7 running)
[1,314 / 1,838] Compiling score/mw/com/impl/proxy_field.cpp; 5s processwrapper-sandbox ... (8 actions, 7 running)
[1,319 / 1,838] Compiling score/mw/com/impl/proxy_field.cpp; 6s processwrapper-sandbox ... (8 actions running)
[1,325 / 1,838] Compiling score/mw/com/impl/proxy_field.cpp; 7s processwrapper-sandbox ... (8 actions, 7 running)
[1,333 / 1,838] Compiling score/mw/com/impl/proxy_field.cpp; 8s processwrapper-sandbox ... (8 actions, 7 running)
[1,334 / 1,838] Compiling score/mw/com/impl/proxy_field.cpp; 9s processwrapper-sandbox ... (8 actions, 7 running)
INFO: From Compiling score/mw/com/impl/proxy_field.cpp:
In file included from score/mw/com/impl/proxy_field.cpp:13:
In file included from ./score/mw/com/impl/proxy_field.h:19:
In file included from ./score/mw/com/impl/methods/proxy_method_with_in_args_and_return.h:18:
In file included from ./score/mw/com/impl/methods/proxy_method.h:16:
In file included from ./score/mw/com/impl/bindings/lola/proxy.h:24:
In file included from ./score/mw/com/impl/bindings/lola/proxy_method.h:17:
In file included from ./score/mw/com/impl/bindings/lola/i_runtime.h:20:
In file included from ./score/mw/com/impl/i_binding_runtime.h:17:
In file included from ./score/mw/com/impl/i_service_discovery_client.h:16:
In file included from ./score/mw/com/impl/enriched_instance_identifier.h:17:
In file included from ./score/mw/com/impl/handle_type.h:18:
In file included from ./score/mw/com/impl/instance_identifier.h:16:
./score/mw/com/impl/com_error.h:186:65: warning: 'kServiceInstanceAlreadyOffered' is deprecated: Value has never been used. Calls to OfferService shall be idempotent. [-Wdeprecated-declarations]
  186 |             case static_cast<score::result::ErrorCode>(ComErrc::kServiceInstanceAlreadyOffered):
      |                                                                 ^
./score/mw/com/impl/com_error.h:58:11: note: 'kServiceInstanceAlreadyOffered' has been explicitly marked deprecated here
   58 |         [[deprecated("Value has never been used. Calls to OfferService shall be idempotent.")]],
      |           ^
1 warning generated.
[1,341 / 1,838] Compiling score/message_passing/unix_domain/unix_domain_server.cpp; 4s processwrapper-sandbox ... (8 actions, 7 running)
[1,354 / 1,838] Compiling score/mw/com/impl/bindings/lola/messaging/message_passing_client_cache.cpp; 3s processwrapper-sandbox ... (8 actions, 7 running)
[1,359 / 1,838] Compiling score/language/safecpp/scoped_function/details/function_wrapper.cpp; 2s processwrapper-sandbox ... (8 actions, 7 running)
[1,366 / 1,838] Compiling score/mw/com/impl/proxy_field_base.cpp; 3s processwrapper-sandbox ... (8 actions running)
[1,373 / 1,838] Compiling score/mw/com/impl/proxy_field_base.cpp; 4s processwrapper-sandbox ... (8 actions, 7 running)
[1,388 / 1,838] Compiling score/mw/com/impl/bindings/lola/messaging/method_subscription_registration_guard.cpp; 2s processwrapper-sandbox ... (8 actions, 7 running)
[1,388 / 1,838] Compiling score/mw/com/impl/bindings/lola/messaging/method_subscription_registration_guard.cpp; 3s processwrapper-sandbox ... (8 actions running)
[1,396 / 1,838] Compiling score/mw/com/impl/bindings/lola/messaging/message_passing_service_instance.cpp; 3s processwrapper-sandbox ... (8 actions running)
[1,401 / 1,838] Compiling score/mw/com/impl/bindings/lola/messaging/message_passing_service_instance.cpp; 4s processwrapper-sandbox ... (8 actions, 7 running)
[1,410 / 1,838] Compiling score/mw/com/impl/bindings/lola/messaging/message_passing_service_instance.cpp; 6s processwrapper-sandbox ... (8 actions, 7 running)
[1,412 / 1,838] Compiling score/mw/com/impl/bindings/lola/messaging/message_passing_service_instance.cpp; 7s processwrapper-sandbox ... (8 actions running)
[1,414 / 1,838] Compiling score/mw/com/impl/bindings/lola/messaging/message_passing_service_instance.cpp; 8s processwrapper-sandbox ... (8 actions running)
[1,416 / 1,838] Compiling score/mw/com/impl/bindings/lola/messaging/message_passing_service_instance.cpp; 9s processwrapper-sandbox ... (8 actions, 7 running)
[1,423 / 1,838] Compiling score/mw/com/impl/bindings/lola/messaging/message_passing_service_instance.cpp; 10s processwrapper-sandbox ... (8 actions, 7 running)
[1,424 / 1,838] Compiling score/mw/com/impl/bindings/lola/messaging/message_passing_service_instance.cpp; 12s processwrapper-sandbox ... (8 actions running)
[1,431 / 1,838] Compiling score/mw/com/impl/bindings/lola/messaging/message_passing_service_instance.cpp; 13s processwrapper-sandbox ... (8 actions running)
[1,434 / 1,838] Compiling score/mw/com/impl/bindings/lola/messaging/message_passing_service_instance.cpp; 14s processwrapper-sandbox ... (8 actions, 7 running)
[1,437 / 1,838] Compiling score/mw/com/impl/bindings/lola/messaging/message_passing_service_instance.cpp; 16s processwrapper-sandbox ... (8 actions running)
[1,440 / 1,838] Compiling score/mw/com/impl/bindings/lola/messaging/message_passing_service_instance.cpp; 17s processwrapper-sandbox ... (8 actions running)
INFO: From Compiling score/mw/com/impl/bindings/lola/messaging/message_passing_service_instance.cpp:
In file included from score/mw/com/impl/bindings/lola/messaging/message_passing_service_instance.cpp:21:
./score/mw/com/impl/com_error.h:186:65: warning: 'kServiceInstanceAlreadyOffered' is deprecated: Value has never been used. Calls to OfferService shall be idempotent. [-Wdeprecated-declarations]
  186 |             case static_cast<score::result::ErrorCode>(ComErrc::kServiceInstanceAlreadyOffered):
      |                                                                 ^
./score/mw/com/impl/com_error.h:58:11: note: 'kServiceInstanceAlreadyOffered' has been explicitly marked deprecated here
   58 |         [[deprecated("Value has never been used. Calls to OfferService shall be idempotent.")]],
      |           ^
1 warning generated.
INFO: From Compiling score/mw/com/impl/skeleton_event.cpp:
In file included from score/mw/com/impl/skeleton_event.cpp:13:
In file included from ./score/mw/com/impl/skeleton_event.h:16:
In file included from ./score/mw/com/impl/instance_identifier.h:16:
./score/mw/com/impl/com_error.h:186:65: warning: 'kServiceInstanceAlreadyOffered' is deprecated: Value has never been used. Calls to OfferService shall be idempotent. [-Wdeprecated-declarations]
  186 |             case static_cast<score::result::ErrorCode>(ComErrc::kServiceInstanceAlreadyOffered):
      |                                                                 ^
./score/mw/com/impl/com_error.h:58:11: note: 'kServiceInstanceAlreadyOffered' has been explicitly marked deprecated here
   58 |         [[deprecated("Value has never been used. Calls to OfferService shall be idempotent.")]],
      |           ^
1 warning generated.
[1,448 / 1,838] Compiling score/mw/com/impl/tracing/i_binding_tracing_runtime.cpp; 8s processwrapper-sandbox ... (8 actions, 7 running)
[1,453 / 1,838] Compiling score/memory/shared/i_shared_memory_resource.cpp; 4s processwrapper-sandbox ... (8 actions, 7 running)
[1,456 / 1,838] Compiling score/mw/com/impl/bindings/lola/tracing/tracing_runtime.cpp; 5s processwrapper-sandbox ... (8 actions, 7 running)
[1,460 / 1,838] Compiling score/mw/com/impl/bindings/lola/tracing/tracing_runtime.cpp; 7s processwrapper-sandbox ... (8 actions, 7 running)
[1,462 / 1,838] Compiling score/mw/com/impl/bindings/lola/tracing/tracing_runtime.cpp; 8s processwrapper-sandbox ... (8 actions running)
[1,463 / 1,838] Compiling score/mw/com/impl/bindings/lola/tracing/tracing_runtime.cpp; 10s processwrapper-sandbox ... (8 actions, 7 running)
[1,465 / 1,838] Compiling score/mw/com/impl/bindings/lola/tracing/tracing_runtime.cpp; 11s processwrapper-sandbox ... (8 actions running)
INFO: From Compiling score/mw/com/impl/skeleton_field_base.cpp:
In file included from score/mw/com/impl/skeleton_field_base.cpp:13:
In file included from ./score/mw/com/impl/skeleton_field_base.h:16:
./score/mw/com/impl/com_error.h:186:65: warning: 'kServiceInstanceAlreadyOffered' is deprecated: Value has never been used. Calls to OfferService shall be idempotent. [-Wdeprecated-declarations]
  186 |             case static_cast<score::result::ErrorCode>(ComErrc::kServiceInstanceAlreadyOffered):
      |                                                                 ^
./score/mw/com/impl/com_error.h:58:11: note: 'kServiceInstanceAlreadyOffered' has been explicitly marked deprecated here
   58 |         [[deprecated("Value has never been used. Calls to OfferService shall be idempotent.")]],
      |           ^
1 warning generated.
[1,470 / 1,838] Compiling score/mw/com/impl/bindings/lola/tracing/tracing_runtime.cpp; 12s processwrapper-sandbox ... (8 actions running)
[1,483 / 1,838] Compiling score/mw/com/impl/bindings/lola/tracing/tracing_runtime.cpp; 13s processwrapper-sandbox ... (8 actions, 7 running)
[1,483 / 1,838] Compiling score/mw/com/impl/bindings/lola/tracing/tracing_runtime.cpp; 15s processwrapper-sandbox ... (8 actions running)
INFO: From Compiling score/mw/com/impl/bindings/lola/tracing/tracing_runtime.cpp:
In file included from score/mw/com/impl/bindings/lola/tracing/tracing_runtime.cpp:13:
In file included from ./score/mw/com/impl/bindings/lola/tracing/tracing_runtime.h:16:
In file included from ./score/mw/com/impl/configuration/configuration.h:18:
In file included from ./score/mw/com/impl/configuration/service_instance_deployment.h:17:
./score/mw/com/impl/com_error.h:186:65: warning: 'kServiceInstanceAlreadyOffered' is deprecated: Value has never been used. Calls to OfferService shall be idempotent. [-Wdeprecated-declarations]
  186 |             case static_cast<score::result::ErrorCode>(ComErrc::kServiceInstanceAlreadyOffered):
      |                                                                 ^
./score/mw/com/impl/com_error.h:58:11: note: 'kServiceInstanceAlreadyOffered' has been explicitly marked deprecated here
   58 |         [[deprecated("Value has never been used. Calls to OfferService shall be idempotent.")]],
      |           ^
1 warning generated.
[1,486 / 1,838] Compiling score/mw/com/impl/i_runtime.cpp; 5s processwrapper-sandbox ... (8 actions running)
[1,490 / 1,838] Compiling score/mw/com/impl/i_runtime.cpp; 7s processwrapper-sandbox ... (8 actions, 7 running)
[1,492 / 1,838] Compiling score/mw/com/impl/i_runtime.cpp; 8s processwrapper-sandbox ... (8 actions running)
INFO: From Compiling score/mw/com/impl/i_runtime.cpp:
In file included from score/mw/com/impl/i_runtime.cpp:13:
In file included from ./score/mw/com/impl/i_runtime.h:16:
In file included from ./score/mw/com/impl/i_binding_runtime.h:17:
In file included from ./score/mw/com/impl/i_service_discovery_client.h:16:
In file included from ./score/mw/com/impl/enriched_instance_identifier.h:17:
In file included from ./score/mw/com/impl/handle_type.h:18:
In file included from ./score/mw/com/impl/instance_identifier.h:16:
./score/mw/com/impl/com_error.h:186:65: warning: 'kServiceInstanceAlreadyOffered' is deprecated: Value has never been used. Calls to OfferService shall be idempotent. [-Wdeprecated-declarations]
  186 |             case static_cast<score::result::ErrorCode>(ComErrc::kServiceInstanceAlreadyOffered):
      |                                                                 ^
./score/mw/com/impl/com_error.h:58:11: note: 'kServiceInstanceAlreadyOffered' has been explicitly marked deprecated here
   58 |         [[deprecated("Value has never been used. Calls to OfferService shall be idempotent.")]],
      |           ^
1 warning generated.
[1,493 / 1,838] Compiling score/mw/com/impl/generic_proxy.cpp; 11s processwrapper-sandbox ... (8 actions, 7 running)
INFO: From Compiling score/mw/com/impl/i_service_discovery_client.cpp:
In file included from score/mw/com/impl/i_service_discovery_client.cpp:13:
In file included from ./score/mw/com/impl/i_service_discovery_client.h:16:
In file included from ./score/mw/com/impl/enriched_instance_identifier.h:17:
In file included from ./score/mw/com/impl/handle_type.h:18:
In file included from ./score/mw/com/impl/instance_identifier.h:16:
./score/mw/com/impl/com_error.h:186:65: warning: 'kServiceInstanceAlreadyOffered' is deprecated: Value has never been used. Calls to OfferService shall be idempotent. [-Wdeprecated-declarations]
  186 |             case static_cast<score::result::ErrorCode>(ComErrc::kServiceInstanceAlreadyOffered):
      |                                                                 ^
./score/mw/com/impl/com_error.h:58:11: note: 'kServiceInstanceAlreadyOffered' has been explicitly marked deprecated here
   58 |         [[deprecated("Value has never been used. Calls to OfferService shall be idempotent.")]],
      |           ^
1 warning generated.
INFO: From Compiling score/mw/com/impl/i_service_discovery.cpp:
In file included from score/mw/com/impl/i_service_discovery.cpp:13:
In file included from ./score/mw/com/impl/i_service_discovery.h:16:
In file included from ./score/mw/com/impl/enriched_instance_identifier.h:17:
In file included from ./score/mw/com/impl/handle_type.h:18:
In file included from ./score/mw/com/impl/instance_identifier.h:16:
./score/mw/com/impl/com_error.h:186:65: warning: 'kServiceInstanceAlreadyOffered' is deprecated: Value has never been used. Calls to OfferService shall be idempotent. [-Wdeprecated-declarations]
  186 |             case static_cast<score::result::ErrorCode>(ComErrc::kServiceInstanceAlreadyOffered):
      |                                                                 ^
./score/mw/com/impl/com_error.h:58:11: note: 'kServiceInstanceAlreadyOffered' has been explicitly marked deprecated here
   58 |         [[deprecated("Value has never been used. Calls to OfferService shall be idempotent.")]],
      |           ^
1 warning generated.
[1,503 / 1,838] Compiling score/mw/com/impl/generic_proxy.cpp; 12s processwrapper-sandbox ... (8 actions, 7 running)
INFO: From Compiling score/mw/com/impl/i_binding_runtime.cpp:
In file included from score/mw/com/impl/i_binding_runtime.cpp:13:
In file included from ./score/mw/com/impl/i_binding_runtime.h:17:
In file included from ./score/mw/com/impl/i_service_discovery_client.h:16:
In file included from ./score/mw/com/impl/enriched_instance_identifier.h:17:
In file included from ./score/mw/com/impl/handle_type.h:18:
In file included from ./score/mw/com/impl/instance_identifier.h:16:
./score/mw/com/impl/com_error.h:186:65: warning: 'kServiceInstanceAlreadyOffered' is deprecated: Value has never been used. Calls to OfferService shall be idempotent. [-Wdeprecated-declarations]
  186 |             case static_cast<score::result::ErrorCode>(ComErrc::kServiceInstanceAlreadyOffered):
      |                                                                 ^
./score/mw/com/impl/com_error.h:58:11: note: 'kServiceInstanceAlreadyOffered' has been explicitly marked deprecated here
   58 |         [[deprecated("Value has never been used. Calls to OfferService shall be idempotent.")]],
      |           ^
1 warning generated.
INFO: From Compiling score/mw/com/impl/bindings/someip/service_discovery_client.cpp:
In file included from score/mw/com/impl/bindings/someip/service_discovery_client.cpp:13:
In file included from ./score/mw/com/impl/bindings/someip/service_discovery_client.h:17:
In file included from ./score/mw/com/impl/handle_type.h:18:
In file included from ./score/mw/com/impl/instance_identifier.h:16:
./score/mw/com/impl/com_error.h:186:65: warning: 'kServiceInstanceAlreadyOffered' is deprecated: Value has never been used. Calls to OfferService shall be idempotent. [-Wdeprecated-declarations]
  186 |             case static_cast<score::result::ErrorCode>(ComErrc::kServiceInstanceAlreadyOffered):
      |                                                                 ^
./score/mw/com/impl/com_error.h:58:11: note: 'kServiceInstanceAlreadyOffered' has been explicitly marked deprecated here
   58 |         [[deprecated("Value has never been used. Calls to OfferService shall be idempotent.")]],
      |           ^
1 warning generated.
[1,510 / 1,838] Compiling score/mw/com/impl/generic_proxy.cpp; 13s processwrapper-sandbox ... (8 actions, 7 running)
INFO: From Compiling score/mw/com/impl/generic_proxy.cpp:
In file included from score/mw/com/impl/generic_proxy.cpp:14:
In file included from ./score/mw/com/impl/generic_proxy.h:18:
In file included from ./score/mw/com/impl/generic_proxy_event.h:18:
In file included from ./score/mw/com/impl/proxy_base.h:18:
In file included from ./score/mw/com/impl/handle_type.h:18:
In file included from ./score/mw/com/impl/instance_identifier.h:16:
./score/mw/com/impl/com_error.h:186:65: warning: 'kServiceInstanceAlreadyOffered' is deprecated: Value has never been used. Calls to OfferService shall be idempotent. [-Wdeprecated-declarations]
  186 |             case static_cast<score::result::ErrorCode>(ComErrc::kServiceInstanceAlreadyOffered):
      |                                                                 ^
./score/mw/com/impl/com_error.h:58:11: note: 'kServiceInstanceAlreadyOffered' has been explicitly marked deprecated here
   58 |         [[deprecated("Value has never been used. Calls to OfferService shall be idempotent.")]],
      |           ^
1 warning generated.
[1,514 / 1,838] Compiling score/mw/com/impl/bindings/lola/service_discovery/lola_service_instance_identifier.cpp; 3s processwrapper-sandbox ... (8 actions running)
[1,514 / 1,838] Compiling score/mw/com/impl/bindings/lola/service_discovery/lola_service_instance_identifier.cpp; 13s processwrapper-sandbox ... (8 actions running)
INFO: From Compiling score/mw/com/impl/bindings/lola/service_discovery/lola_service_instance_identifier.cpp:
In file included from score/mw/com/impl/bindings/lola/service_discovery/lola_service_instance_identifier.cpp:13:
In file included from ./score/mw/com/impl/bindings/lola/service_discovery/lola_service_instance_identifier.h:18:
In file included from ./score/mw/com/impl/enriched_instance_identifier.h:17:
In file included from ./score/mw/com/impl/handle_type.h:18:
In file included from ./score/mw/com/impl/instance_identifier.h:16:
./score/mw/com/impl/com_error.h:186:65: warning: 'kServiceInstanceAlreadyOffered' is deprecated: Value has never been used. Calls to OfferService shall be idempotent. [-Wdeprecated-declarations]
  186 |             case static_cast<score::result::ErrorCode>(ComErrc::kServiceInstanceAlreadyOffered):
      |                                                                 ^
./score/mw/com/impl/com_error.h:58:11: note: 'kServiceInstanceAlreadyOffered' has been explicitly marked deprecated here
   58 |         [[deprecated("Value has never been used. Calls to OfferService shall be idempotent.")]],
      |           ^
1 warning generated.
[1,515 / 1,838] Compiling score/os/inotify_impl.cpp; 16s processwrapper-sandbox ... (8 actions, 7 running)
[1,517 / 1,838] Compiling score/os/inotify_impl.cpp; 17s processwrapper-sandbox ... (8 actions running)
[1,518 / 1,838] Compiling score/os/inotify.cpp; 20s processwrapper-sandbox ... (8 actions, 7 running)
[1,522 / 1,838] Compiling score/os/utils/inotify/inotify_event.cpp; 21s processwrapper-sandbox ... (8 actions, 7 running)
[1,527 / 1,838] Compiling score/mw/com/impl/bindings/lola/service_discovery/known_instances_container.cpp; 22s processwrapper-sandbox ... (8 actions running)
INFO: From Compiling score/mw/com/impl/plumbing/proxy_field_binding_factory.cpp:
In file included from score/mw/com/impl/plumbing/proxy_field_binding_factory.cpp:13:
In file included from ./score/mw/com/impl/plumbing/proxy_field_binding_factory.h:16:
In file included from ./score/mw/com/impl/plumbing/i_proxy_field_binding_factory.h:16:
In file included from ./score/mw/com/impl/handle_type.h:18:
In file included from ./score/mw/com/impl/instance_identifier.h:16:
./score/mw/com/impl/com_error.h:186:65: warning: 'kServiceInstanceAlreadyOffered' is deprecated: Value has never been used. Calls to OfferService shall be idempotent. [-Wdeprecated-declarations]
  186 |             case static_cast<score::result::ErrorCode>(ComErrc::kServiceInstanceAlreadyOffered):
      |                                                                 ^
./score/mw/com/impl/com_error.h:58:11: note: 'kServiceInstanceAlreadyOffered' has been explicitly marked deprecated here
   58 |         [[deprecated("Value has never been used. Calls to OfferService shall be idempotent.")]],
      |           ^
1 warning generated.
[1,534 / 1,838] Compiling score/mw/com/impl/bindings/lola/service_discovery/known_instances_container.cpp; 24s processwrapper-sandbox ... (8 actions, 7 running)
[1,536 / 1,838] Compiling score/mw/com/impl/bindings/lola/service_discovery/known_instances_container.cpp; 25s processwrapper-sandbox ... (8 actions running)
INFO: From Compiling score/mw/com/impl/bindings/lola/service_discovery/known_instances_container.cpp:
In file included from score/mw/com/impl/bindings/lola/service_discovery/known_instances_container.cpp:13:
In file included from ./score/mw/com/impl/bindings/lola/service_discovery/known_instances_container.h:16:
In file included from ./score/mw/com/impl/enriched_instance_identifier.h:17:
In file included from ./score/mw/com/impl/handle_type.h:18:
In file included from ./score/mw/com/impl/instance_identifier.h:16:
./score/mw/com/impl/com_error.h:186:65: warning: 'kServiceInstanceAlreadyOffered' is deprecated: Value has never been used. Calls to OfferService shall be idempotent. [-Wdeprecated-declarations]
  186 |             case static_cast<score::result::ErrorCode>(ComErrc::kServiceInstanceAlreadyOffered):
      |                                                                 ^
./score/mw/com/impl/com_error.h:58:11: note: 'kServiceInstanceAlreadyOffered' has been explicitly marked deprecated here
   58 |         [[deprecated("Value has never been used. Calls to OfferService shall be idempotent.")]],
      |           ^
1 warning generated.
[1,539 / 1,838] Compiling score/mw/com/impl/bindings/lola/service_discovery/flag_file_crawler.cpp; 27s processwrapper-sandbox ... (8 actions running)
INFO: From Compiling score/mw/com/impl/bindings/lola/service_discovery/flag_file_crawler.cpp:
In file included from score/mw/com/impl/bindings/lola/service_discovery/flag_file_crawler.cpp:13:
In file included from ./score/mw/com/impl/bindings/lola/service_discovery/flag_file_crawler.h:16:
In file included from ./score/mw/com/impl/bindings/lola/service_discovery/known_instances_container.h:16:
In file included from ./score/mw/com/impl/enriched_instance_identifier.h:17:
In file included from ./score/mw/com/impl/handle_type.h:18:
In file included from ./score/mw/com/impl/instance_identifier.h:16:
./score/mw/com/impl/com_error.h:186:65: warning: 'kServiceInstanceAlreadyOffered' is deprecated: Value has never been used. Calls to OfferService shall be idempotent. [-Wdeprecated-declarations]
  186 |             case static_cast<score::result::ErrorCode>(ComErrc::kServiceInstanceAlreadyOffered):
      |                                                                 ^
./score/mw/com/impl/com_error.h:58:11: note: 'kServiceInstanceAlreadyOffered' has been explicitly marked deprecated here
   58 |         [[deprecated("Value has never been used. Calls to OfferService shall be idempotent.")]],
      |           ^
1 warning generated.
[1,540 / 1,838] Compiling score/mw/com/impl/bindings/lola/service_discovery/client/service_discovery_client.cpp; 14s processwrapper-sandbox ... (8 actions, 7 running)
[1,548 / 1,838] Compiling score/mw/com/impl/bindings/lola/service_discovery/client/service_discovery_client.cpp; 15s processwrapper-sandbox ... (8 actions running)
INFO: From Compiling score/mw/com/impl/bindings/lola/runtime.cpp:
In file included from score/mw/com/impl/bindings/lola/runtime.cpp:13:
In file included from ./score/mw/com/impl/bindings/lola/runtime.h:16:
In file included from ./score/mw/com/impl/bindings/lola/i_runtime.h:20:
In file included from ./score/mw/com/impl/i_binding_runtime.h:17:
In file included from ./score/mw/com/impl/i_service_discovery_client.h:16:
In file included from ./score/mw/com/impl/enriched_instance_identifier.h:17:
In file included from ./score/mw/com/impl/handle_type.h:18:
In file included from ./score/mw/com/impl/instance_identifier.h:16:
./score/mw/com/impl/com_error.h:186:65: warning: 'kServiceInstanceAlreadyOffered' is deprecated: Value has never been used. Calls to OfferService shall be idempotent. [-Wdeprecated-declarations]
  186 |             case static_cast<score::result::ErrorCode>(ComErrc::kServiceInstanceAlreadyOffered):
      |                                                                 ^
./score/mw/com/impl/com_error.h:58:11: note: 'kServiceInstanceAlreadyOffered' has been explicitly marked deprecated here
   58 |         [[deprecated("Value has never been used. Calls to OfferService shall be idempotent.")]],
      |           ^
1 warning generated.
[1,549 / 1,838] Compiling score/mw/com/impl/bindings/lola/service_discovery/client/service_discovery_client.cpp; 16s processwrapper-sandbox ... (8 actions, 7 running)
INFO: From Compiling score/mw/com/impl/plumbing/binding_runtime_factory.cpp:
In file included from score/mw/com/impl/plumbing/binding_runtime_factory.cpp:13:
In file included from ./score/mw/com/impl/plumbing/binding_runtime_factory.h:16:
In file included from ./score/mw/com/impl/configuration/configuration.h:18:
In file included from ./score/mw/com/impl/configuration/service_instance_deployment.h:17:
./score/mw/com/impl/com_error.h:186:65: warning: 'kServiceInstanceAlreadyOffered' is deprecated: Value has never been used. Calls to OfferService shall be idempotent. [-Wdeprecated-declarations]
  186 |             case static_cast<score::result::ErrorCode>(ComErrc::kServiceInstanceAlreadyOffered):
      |                                                                 ^
./score/mw/com/impl/com_error.h:58:11: note: 'kServiceInstanceAlreadyOffered' has been explicitly marked deprecated here
   58 |         [[deprecated("Value has never been used. Calls to OfferService shall be idempotent.")]],
      |           ^
1 warning generated.
[1,552 / 1,838] Compiling score/mw/com/impl/bindings/lola/service_discovery/client/service_discovery_client.cpp; 17s processwrapper-sandbox ... (8 actions, 7 running)
INFO: From Compiling score/mw/com/impl/bindings/lola/service_discovery/client/service_discovery_client.cpp:
In file included from score/mw/com/impl/bindings/lola/service_discovery/client/service_discovery_client.cpp:13:
In file included from ./score/mw/com/impl/bindings/lola/service_discovery/client/service_discovery_client.h:16:
In file included from ./score/mw/com/impl/i_service_discovery_client.h:16:
In file included from ./score/mw/com/impl/enriched_instance_identifier.h:17:
In file included from ./score/mw/com/impl/handle_type.h:18:
In file included from ./score/mw/com/impl/instance_identifier.h:16:
./score/mw/com/impl/com_error.h:186:65: warning: 'kServiceInstanceAlreadyOffered' is deprecated: Value has never been used. Calls to OfferService shall be idempotent. [-Wdeprecated-declarations]
  186 |             case static_cast<score::result::ErrorCode>(ComErrc::kServiceInstanceAlreadyOffered):
      |                                                                 ^
./score/mw/com/impl/com_error.h:58:11: note: 'kServiceInstanceAlreadyOffered' has been explicitly marked deprecated here
   58 |         [[deprecated("Value has never been used. Calls to OfferService shall be idempotent.")]],
      |           ^
1 warning generated.
[1,555 / 1,838] Compiling score/mw/com/impl/service_discovery.cpp; 11s processwrapper-sandbox ... (8 actions, 7 running)
INFO: From Compiling score/mw/com/impl/runtime.cpp:
In file included from score/mw/com/impl/runtime.cpp:13:
In file included from ./score/mw/com/impl/runtime.h:18:
In file included from ./score/mw/com/impl/configuration/configuration.h:18:
In file included from ./score/mw/com/impl/configuration/service_instance_deployment.h:17:
./score/mw/com/impl/com_error.h:186:65: warning: 'kServiceInstanceAlreadyOffered' is deprecated: Value has never been used. Calls to OfferService shall be idempotent. [-Wdeprecated-declarations]
  186 |             case static_cast<score::result::ErrorCode>(ComErrc::kServiceInstanceAlreadyOffered):
      |                                                                 ^
./score/mw/com/impl/com_error.h:58:11: note: 'kServiceInstanceAlreadyOffered' has been explicitly marked deprecated here
   58 |         [[deprecated("Value has never been used. Calls to OfferService shall be idempotent.")]],
      |           ^
1 warning generated.
INFO: From Compiling score/mw/com/impl/proxy_event.cpp:
In file included from score/mw/com/impl/proxy_event.cpp:13:
In file included from ./score/mw/com/impl/proxy_event.h:16:
In file included from ./score/mw/com/impl/instance_identifier.h:16:
./score/mw/com/impl/com_error.h:186:65: warning: 'kServiceInstanceAlreadyOffered' is deprecated: Value has never been used. Calls to OfferService shall be idempotent. [-Wdeprecated-declarations]
  186 |             case static_cast<score::result::ErrorCode>(ComErrc::kServiceInstanceAlreadyOffered):
      |                                                                 ^
./score/mw/com/impl/com_error.h:58:11: note: 'kServiceInstanceAlreadyOffered' has been explicitly marked deprecated here
   58 |         [[deprecated("Value has never been used. Calls to OfferService shall be idempotent.")]],
      |           ^
1 warning generated.
[1,563 / 1,838] Compiling score/mw/com/impl/service_discovery.cpp; 12s processwrapper-sandbox ... (8 actions, 7 running)
INFO: From Compiling score/mw/com/impl/service_discovery.cpp:
In file included from score/mw/com/impl/service_discovery.cpp:13:
In file included from ./score/mw/com/impl/service_discovery.h:16:
In file included from ./score/mw/com/impl/enriched_instance_identifier.h:17:
In file included from ./score/mw/com/impl/handle_type.h:18:
In file included from ./score/mw/com/impl/instance_identifier.h:16:
./score/mw/com/impl/com_error.h:186:65: warning: 'kServiceInstanceAlreadyOffered' is deprecated: Value has never been used. Calls to OfferService shall be idempotent. [-Wdeprecated-declarations]
  186 |             case static_cast<score::result::ErrorCode>(ComErrc::kServiceInstanceAlreadyOffered):
      |                                                                 ^
./score/mw/com/impl/com_error.h:58:11: note: 'kServiceInstanceAlreadyOffered' has been explicitly marked deprecated here
   58 |         [[deprecated("Value has never been used. Calls to OfferService shall be idempotent.")]],
      |           ^
1 warning generated.
[1,566 / 1,838] Compiling score/mw/com/impl/bindings/lola/i_runtime.cpp; 6s processwrapper-sandbox ... (8 actions running)
[1,567 / 1,838] Compiling score/mw/com/impl/bindings/lola/i_runtime.cpp; 8s processwrapper-sandbox ... (8 actions, 7 running)
INFO: From Compiling score/mw/com/impl/bindings/lola/i_runtime.cpp:
In file included from score/mw/com/impl/bindings/lola/i_runtime.cpp:13:
In file included from ./score/mw/com/impl/bindings/lola/i_runtime.h:20:
In file included from ./score/mw/com/impl/i_binding_runtime.h:17:
In file included from ./score/mw/com/impl/i_service_discovery_client.h:16:
In file included from ./score/mw/com/impl/enriched_instance_identifier.h:17:
In file included from ./score/mw/com/impl/handle_type.h:18:
In file included from ./score/mw/com/impl/instance_identifier.h:16:
./score/mw/com/impl/com_error.h:186:65: warning: 'kServiceInstanceAlreadyOffered' is deprecated: Value has never been used. Calls to OfferService shall be idempotent. [-Wdeprecated-declarations]
  186 |             case static_cast<score::result::ErrorCode>(ComErrc::kServiceInstanceAlreadyOffered):
      |                                                                 ^
./score/mw/com/impl/com_error.h:58:11: note: 'kServiceInstanceAlreadyOffered' has been explicitly marked deprecated here
   58 |         [[deprecated("Value has never been used. Calls to OfferService shall be idempotent.")]],
      |           ^
1 warning generated.
INFO: From Compiling score/mw/com/impl/bindings/lola/service_data_storage.cpp:
In file included from score/mw/com/impl/bindings/lola/service_data_storage.cpp:13:
In file included from ./score/mw/com/impl/bindings/lola/service_data_storage.h:20:
In file included from ./score/mw/com/impl/bindings/lola/i_runtime.h:20:
In file included from ./score/mw/com/impl/i_binding_runtime.h:17:
In file included from ./score/mw/com/impl/i_service_discovery_client.h:16:
In file included from ./score/mw/com/impl/enriched_instance_identifier.h:17:
In file included from ./score/mw/com/impl/handle_type.h:18:
In file included from ./score/mw/com/impl/instance_identifier.h:16:
./score/mw/com/impl/com_error.h:186:65: warning: 'kServiceInstanceAlreadyOffered' is deprecated: Value has never been used. Calls to OfferService shall be idempotent. [-Wdeprecated-declarations]
  186 |             case static_cast<score::result::ErrorCode>(ComErrc::kServiceInstanceAlreadyOffered):
      |                                                                 ^
./score/mw/com/impl/com_error.h:58:11: note: 'kServiceInstanceAlreadyOffered' has been explicitly marked deprecated here
   58 |         [[deprecated("Value has never been used. Calls to OfferService shall be idempotent.")]],
      |           ^
1 warning generated.
[1,575 / 1,838] Compiling score/mw/com/impl/tracing/tracing_runtime.cpp; 7s processwrapper-sandbox ... (8 actions, 7 running)
INFO: From Compiling score/mw/com/impl/bindings/lola/subscription_subscription_pending_states.cpp:
In file included from score/mw/com/impl/bindings/lola/subscription_subscription_pending_states.cpp:17:
./score/mw/com/impl/com_error.h:186:65: warning: 'kServiceInstanceAlreadyOffered' is deprecated: Value has never been used. Calls to OfferService shall be idempotent. [-Wdeprecated-declarations]
  186 |             case static_cast<score::result::ErrorCode>(ComErrc::kServiceInstanceAlreadyOffered):
      |                                                                 ^
./score/mw/com/impl/com_error.h:58:11: note: 'kServiceInstanceAlreadyOffered' has been explicitly marked deprecated here
   58 |         [[deprecated("Value has never been used. Calls to OfferService shall be idempotent.")]],
      |           ^
1 warning generated.
[1,577 / 1,838] Compiling score/mw/com/impl/tracing/tracing_runtime.cpp; 8s processwrapper-sandbox ... (8 actions running)
[1,580 / 1,838] Compiling score/mw/com/impl/tracing/common_event_tracing.cpp; 8s processwrapper-sandbox ... (8 actions running)
INFO: From Compiling score/mw/com/impl/tracing/common_event_tracing.cpp:
In file included from score/mw/com/impl/tracing/common_event_tracing.cpp:13:
In file included from ./score/mw/com/impl/tracing/common_event_tracing.h:16:
In file included from ./score/mw/com/impl/instance_identifier.h:16:
./score/mw/com/impl/com_error.h:186:65: warning: 'kServiceInstanceAlreadyOffered' is deprecated: Value has never been used. Calls to OfferService shall be idempotent. [-Wdeprecated-declarations]
  186 |             case static_cast<score::result::ErrorCode>(ComErrc::kServiceInstanceAlreadyOffered):
      |                                                                 ^
./score/mw/com/impl/com_error.h:58:11: note: 'kServiceInstanceAlreadyOffered' has been explicitly marked deprecated here
   58 |         [[deprecated("Value has never been used. Calls to OfferService shall be idempotent.")]],
      |           ^
1 warning generated.
INFO: From Compiling score/mw/com/impl/bindings/lola/subscription_subscribed_states.cpp:
In file included from score/mw/com/impl/bindings/lola/subscription_subscribed_states.cpp:18:
./score/mw/com/impl/com_error.h:186:65: warning: 'kServiceInstanceAlreadyOffered' is deprecated: Value has never been used. Calls to OfferService shall be idempotent. [-Wdeprecated-declarations]
  186 |             case static_cast<score::result::ErrorCode>(ComErrc::kServiceInstanceAlreadyOffered):
      |                                                                 ^
./score/mw/com/impl/com_error.h:58:11: note: 'kServiceInstanceAlreadyOffered' has been explicitly marked deprecated here
   58 |         [[deprecated("Value has never been used. Calls to OfferService shall be idempotent.")]],
      |           ^
1 warning generated.
[1,584 / 1,838] Compiling score/mw/com/impl/plumbing/proxy_field_binding_factory_impl.cpp; 7s processwrapper-sandbox ... (8 actions, 7 running)
[1,588 / 1,838] Compiling score/mw/com/impl/plumbing/proxy_field_binding_factory_impl.cpp; 8s processwrapper-sandbox ... (8 actions, 7 running)
[1,589 / 1,838] Compiling score/mw/com/impl/plumbing/proxy_field_binding_factory_impl.cpp; 10s processwrapper-sandbox ... (8 actions running)
INFO: From Compiling score/mw/com/impl/bindings/lola/subscription_not_subscribed_states.cpp:
In file included from score/mw/com/impl/bindings/lola/subscription_not_subscribed_states.cpp:20:
./score/mw/com/impl/com_error.h:186:65: warning: 'kServiceInstanceAlreadyOffered' is deprecated: Value has never been used. Calls to OfferService shall be idempotent. [-Wdeprecated-declarations]
  186 |             case static_cast<score::result::ErrorCode>(ComErrc::kServiceInstanceAlreadyOffered):
      |                                                                 ^
./score/mw/com/impl/com_error.h:58:11: note: 'kServiceInstanceAlreadyOffered' has been explicitly marked deprecated here
   58 |         [[deprecated("Value has never been used. Calls to OfferService shall be idempotent.")]],
      |           ^
1 warning generated.
[1,590 / 1,838] Compiling score/mw/com/impl/plumbing/proxy_field_binding_factory_impl.cpp; 11s processwrapper-sandbox ... (8 actions running)
[1,592 / 1,838] Compiling score/mw/com/impl/plumbing/proxy_field_binding_factory_impl.cpp; 12s processwrapper-sandbox ... (8 actions, 7 running)
INFO: From Compiling score/mw/com/impl/plumbing/proxy_field_binding_factory_impl.cpp:
In file included from score/mw/com/impl/plumbing/proxy_field_binding_factory_impl.cpp:13:
In file included from ./score/mw/com/impl/plumbing/proxy_field_binding_factory_impl.h:17:
In file included from ./score/mw/com/impl/bindings/lola/proxy_event.h:18:
In file included from ./score/mw/com/impl/bindings/lola/proxy.h:24:
In file included from ./score/mw/com/impl/bindings/lola/proxy_method.h:17:
In file included from ./score/mw/com/impl/bindings/lola/i_runtime.h:20:
In file included from ./score/mw/com/impl/i_binding_runtime.h:17:
In file included from ./score/mw/com/impl/i_service_discovery_client.h:16:
In file included from ./score/mw/com/impl/enriched_instance_identifier.h:17:
In file included from ./score/mw/com/impl/handle_type.h:18:
In file included from ./score/mw/com/impl/instance_identifier.h:16:
./score/mw/com/impl/com_error.h:186:65: warning: 'kServiceInstanceAlreadyOffered' is deprecated: Value has never been used. Calls to OfferService shall be idempotent. [-Wdeprecated-declarations]
  186 |             case static_cast<score::result::ErrorCode>(ComErrc::kServiceInstanceAlreadyOffered):
      |                                                                 ^
./score/mw/com/impl/com_error.h:58:11: note: 'kServiceInstanceAlreadyOffered' has been explicitly marked deprecated here
   58 |         [[deprecated("Value has never been used. Calls to OfferService shall be idempotent.")]],
      |           ^
1 warning generated.
[1,597 / 1,838] Compiling score/mw/com/impl/bindings/lola/subscription_helpers.cpp; 8s processwrapper-sandbox ... (8 actions, 7 running)
INFO: From Compiling score/mw/com/impl/bindings/lola/subscription_helpers.cpp:
In file included from score/mw/com/impl/bindings/lola/subscription_helpers.cpp:15:
In file included from ./score/mw/com/impl/bindings/lola/i_runtime.h:20:
In file included from ./score/mw/com/impl/i_binding_runtime.h:17:
In file included from ./score/mw/com/impl/i_service_discovery_client.h:16:
In file included from ./score/mw/com/impl/enriched_instance_identifier.h:17:
In file included from ./score/mw/com/impl/handle_type.h:18:
In file included from ./score/mw/com/impl/instance_identifier.h:16:
./score/mw/com/impl/com_error.h:186:65: warning: 'kServiceInstanceAlreadyOffered' is deprecated: Value has never been used. Calls to OfferService shall be idempotent. [-Wdeprecated-declarations]
  186 |             case static_cast<score::result::ErrorCode>(ComErrc::kServiceInstanceAlreadyOffered):
      |                                                                 ^
./score/mw/com/impl/com_error.h:58:11: note: 'kServiceInstanceAlreadyOffered' has been explicitly marked deprecated here
   58 |         [[deprecated("Value has never been used. Calls to OfferService shall be idempotent.")]],
      |           ^
1 warning generated.
[1,603 / 1,838] Compiling score/mw/com/impl/tracing/proxy_event_tracing.cpp; 7s processwrapper-sandbox ... (8 actions, 7 running)
[1,609 / 1,838] Compiling score/mw/com/impl/tracing/proxy_event_tracing.cpp; 8s processwrapper-sandbox ... (8 actions, 7 running)
INFO: From Compiling score/mw/com/impl/tracing/proxy_event_tracing.cpp:
In file included from score/mw/com/impl/tracing/proxy_event_tracing.cpp:17:
In file included from ./score/mw/com/impl/tracing/proxy_event_tracing.h:23:
In file included from ./score/mw/com/impl/instance_identifier.h:16:
./score/mw/com/impl/com_error.h:186:65: warning: 'kServiceInstanceAlreadyOffered' is deprecated: Value has never been used. Calls to OfferService shall be idempotent. [-Wdeprecated-declarations]
  186 |             case static_cast<score::result::ErrorCode>(ComErrc::kServiceInstanceAlreadyOffered):
      |                                                                 ^
./score/mw/com/impl/com_error.h:58:11: note: 'kServiceInstanceAlreadyOffered' has been explicitly marked deprecated here
   58 |         [[deprecated("Value has never been used. Calls to OfferService shall be idempotent.")]],
      |           ^
1 warning generated.
INFO: From Compiling score/mw/com/impl/tracing/skeleton_event_tracing.cpp:
In file included from score/mw/com/impl/tracing/skeleton_event_tracing.cpp:13:
In file included from ./score/mw/com/impl/tracing/skeleton_event_tracing.h:22:
In file included from ./score/mw/com/impl/instance_identifier.h:16:
./score/mw/com/impl/com_error.h:186:65: warning: 'kServiceInstanceAlreadyOffered' is deprecated: Value has never been used. Calls to OfferService shall be idempotent. [-Wdeprecated-declarations]
  186 |             case static_cast<score::result::ErrorCode>(ComErrc::kServiceInstanceAlreadyOffered):
      |                                                                 ^
./score/mw/com/impl/com_error.h:58:11: note: 'kServiceInstanceAlreadyOffered' has been explicitly marked deprecated here
   58 |         [[deprecated("Value has never been used. Calls to OfferService shall be idempotent.")]],
      |           ^
1 warning generated.
[1,618 / 1,838] Compiling score/mw/com/impl/plumbing/skeleton_field_binding_factory.cpp; 4s processwrapper-sandbox ... (8 actions, 7 running)
[1,620 / 1,838] Compiling score/mw/com/impl/plumbing/skeleton_field_binding_factory.cpp; 5s processwrapper-sandbox ... (8 actions running)
[1,629 / 1,838] Compiling score/mw/com/impl/plumbing/skeleton_field_binding_factory.cpp; 6s processwrapper-sandbox ... (8 actions, 7 running)
[1,632 / 1,838] Compiling score/mw/com/impl/plumbing/skeleton_field_binding_factory.cpp; 7s processwrapper-sandbox ... (8 actions, 7 running)
[1,637 / 1,838] Compiling score/mw/com/impl/plumbing/skeleton_field_binding_factory.cpp; 8s processwrapper-sandbox ... (8 actions, 7 running)
[1,642 / 1,838] Compiling score/mw/com/impl/plumbing/skeleton_field_binding_factory.cpp; 10s processwrapper-sandbox ... (8 actions running)
INFO: From Compiling score/mw/com/impl/bindings/lola/type_erased_sample_ptrs_guard.cpp:
In file included from score/mw/com/impl/bindings/lola/type_erased_sample_ptrs_guard.cpp:16:
In file included from ./score/mw/com/impl/runtime.h:18:
In file included from ./score/mw/com/impl/configuration/configuration.h:18:
In file included from ./score/mw/com/impl/configuration/service_instance_deployment.h:17:
./score/mw/com/impl/com_error.h:186:65: warning: 'kServiceInstanceAlreadyOffered' is deprecated: Value has never been used. Calls to OfferService shall be idempotent. [-Wdeprecated-declarations]
  186 |             case static_cast<score::result::ErrorCode>(ComErrc::kServiceInstanceAlreadyOffered):
      |                                                                 ^
./score/mw/com/impl/com_error.h:58:11: note: 'kServiceInstanceAlreadyOffered' has been explicitly marked deprecated here
   58 |         [[deprecated("Value has never been used. Calls to OfferService shall be idempotent.")]],
      |           ^
1 warning generated.
[1,643 / 1,838] Compiling score/mw/com/impl/plumbing/skeleton_field_binding_factory.cpp; 12s processwrapper-sandbox ... (8 actions, 7 running)
INFO: From Compiling score/mw/com/impl/plumbing/skeleton_field_binding_factory.cpp:
In file included from score/mw/com/impl/plumbing/skeleton_field_binding_factory.cpp:13:
In file included from ./score/mw/com/impl/plumbing/skeleton_field_binding_factory.h:17:
In file included from ./score/mw/com/impl/bindings/lola/skeleton_event.h:21:
In file included from ./score/mw/com/impl/bindings/lola/skeleton.h:32:
In file included from ./score/mw/com/impl/bindings/lola/skeleton_memory_manager.h:20:
In file included from ./score/mw/com/impl/bindings/lola/service_data_storage.h:20:
In file included from ./score/mw/com/impl/bindings/lola/i_runtime.h:20:
In file included from ./score/mw/com/impl/i_binding_runtime.h:17:
In file included from ./score/mw/com/impl/i_service_discovery_client.h:16:
In file included from ./score/mw/com/impl/enriched_instance_identifier.h:17:
In file included from ./score/mw/com/impl/handle_type.h:18:
In file included from ./score/mw/com/impl/instance_identifier.h:16:
./score/mw/com/impl/com_error.h:186:65: warning: 'kServiceInstanceAlreadyOffered' is deprecated: Value has never been used. Calls to OfferService shall be idempotent. [-Wdeprecated-declarations]
  186 |             case static_cast<score::result::ErrorCode>(ComErrc::kServiceInstanceAlreadyOffered):
      |                                                                 ^
./score/mw/com/impl/com_error.h:58:11: note: 'kServiceInstanceAlreadyOffered' has been explicitly marked deprecated here
   58 |         [[deprecated("Value has never been used. Calls to OfferService shall be idempotent.")]],
      |           ^
1 warning generated.
[1,650 / 1,838] Compiling score/mw/com/impl/bindings/lola/skeleton_method.cpp; 7s processwrapper-sandbox ... (8 actions, 7 running)
[1,654 / 1,838] Compiling score/mw/com/impl/bindings/lola/skeleton_method.cpp; 9s processwrapper-sandbox ... (8 actions running)
[1,657 / 1,838] Compiling score/mw/com/impl/bindings/lola/skeleton_method.cpp; 10s processwrapper-sandbox ... (8 actions running)
[1,660 / 1,838] Compiling score/mw/com/impl/bindings/lola/skeleton_method.cpp; 11s processwrapper-sandbox ... (8 actions running)
INFO: From Compiling score/mw/com/impl/bindings/lola/skeleton_memory_manager.cpp:
In file included from score/mw/com/impl/bindings/lola/skeleton_memory_manager.cpp:13:
In file included from ./score/mw/com/impl/bindings/lola/skeleton_memory_manager.h:20:
In file included from ./score/mw/com/impl/bindings/lola/service_data_storage.h:20:
In file included from ./score/mw/com/impl/bindings/lola/i_runtime.h:20:
In file included from ./score/mw/com/impl/i_binding_runtime.h:17:
In file included from ./score/mw/com/impl/i_service_discovery_client.h:16:
In file included from ./score/mw/com/impl/enriched_instance_identifier.h:17:
In file included from ./score/mw/com/impl/handle_type.h:18:
In file included from ./score/mw/com/impl/instance_identifier.h:16:
./score/mw/com/impl/com_error.h:186:65: warning: 'kServiceInstanceAlreadyOffered' is deprecated: Value has never been used. Calls to OfferService shall be idempotent. [-Wdeprecated-declarations]
  186 |             case static_cast<score::result::ErrorCode>(ComErrc::kServiceInstanceAlreadyOffered):
      |                                                                 ^
./score/mw/com/impl/com_error.h:58:11: note: 'kServiceInstanceAlreadyOffered' has been explicitly marked deprecated here
   58 |         [[deprecated("Value has never been used. Calls to OfferService shall be idempotent.")]],
      |           ^
1 warning generated.
[1,664 / 1,838] Compiling score/mw/com/impl/bindings/lola/skeleton_method.cpp; 12s processwrapper-sandbox ... (8 actions, 7 running)
INFO: From Compiling score/mw/com/impl/bindings/lola/skeleton_event.cpp:
In file included from score/mw/com/impl/bindings/lola/skeleton_event.cpp:13:
In file included from ./score/mw/com/impl/bindings/lola/skeleton_event.h:21:
In file included from ./score/mw/com/impl/bindings/lola/skeleton.h:32:
In file included from ./score/mw/com/impl/bindings/lola/skeleton_memory_manager.h:20:
In file included from ./score/mw/com/impl/bindings/lola/service_data_storage.h:20:
In file included from ./score/mw/com/impl/bindings/lola/i_runtime.h:20:
In file included from ./score/mw/com/impl/i_binding_runtime.h:17:
In file included from ./score/mw/com/impl/i_service_discovery_client.h:16:
In file included from ./score/mw/com/impl/enriched_instance_identifier.h:17:
In file included from ./score/mw/com/impl/handle_type.h:18:
In file included from ./score/mw/com/impl/instance_identifier.h:16:
./score/mw/com/impl/com_error.h:186:65: warning: 'kServiceInstanceAlreadyOffered' is deprecated: Value has never been used. Calls to OfferService shall be idempotent. [-Wdeprecated-declarations]
  186 |             case static_cast<score::result::ErrorCode>(ComErrc::kServiceInstanceAlreadyOffered):
      |                                                                 ^
./score/mw/com/impl/com_error.h:58:11: note: 'kServiceInstanceAlreadyOffered' has been explicitly marked deprecated here
   58 |         [[deprecated("Value has never been used. Calls to OfferService shall be idempotent.")]],
      |           ^
1 warning generated.
[1,669 / 1,838] Compiling score/mw/com/impl/bindings/lola/skeleton_method.cpp; 14s processwrapper-sandbox ... (8 actions, 7 running)
INFO: From Compiling score/mw/com/impl/plumbing/i_proxy_field_binding_factory.cpp:
In file included from score/mw/com/impl/plumbing/i_proxy_field_binding_factory.cpp:13:
In file included from ./score/mw/com/impl/plumbing/i_proxy_field_binding_factory.h:16:
In file included from ./score/mw/com/impl/handle_type.h:18:
In file included from ./score/mw/com/impl/instance_identifier.h:16:
./score/mw/com/impl/com_error.h:186:65: warning: 'kServiceInstanceAlreadyOffered' is deprecated: Value has never been used. Calls to OfferService shall be idempotent. [-Wdeprecated-declarations]
  186 |             case static_cast<score::result::ErrorCode>(ComErrc::kServiceInstanceAlreadyOffered):
      |                                                                 ^
./score/mw/com/impl/com_error.h:58:11: note: 'kServiceInstanceAlreadyOffered' has been explicitly marked deprecated here
   58 |         [[deprecated("Value has never been used. Calls to OfferService shall be idempotent.")]],
      |           ^
1 warning generated.
[1,673 / 1,838] Compiling score/mw/com/impl/bindings/lola/skeleton_method.cpp; 15s processwrapper-sandbox ... (8 actions, 7 running)
INFO: From Compiling score/mw/com/impl/bindings/lola/skeleton_method.cpp:
In file included from score/mw/com/impl/bindings/lola/skeleton_method.cpp:17:
In file included from ./score/mw/com/impl/bindings/lola/i_runtime.h:20:
In file included from ./score/mw/com/impl/i_binding_runtime.h:17:
In file included from ./score/mw/com/impl/i_service_discovery_client.h:16:
In file included from ./score/mw/com/impl/enriched_instance_identifier.h:17:
In file included from ./score/mw/com/impl/handle_type.h:18:
In file included from ./score/mw/com/impl/instance_identifier.h:16:
./score/mw/com/impl/com_error.h:186:65: warning: 'kServiceInstanceAlreadyOffered' is deprecated: Value has never been used. Calls to OfferService shall be idempotent. [-Wdeprecated-declarations]
  186 |             case static_cast<score::result::ErrorCode>(ComErrc::kServiceInstanceAlreadyOffered):
      |                                                                 ^
./score/mw/com/impl/com_error.h:58:11: note: 'kServiceInstanceAlreadyOffered' has been explicitly marked deprecated here
   58 |         [[deprecated("Value has never been used. Calls to OfferService shall be idempotent.")]],
      |           ^
1 warning generated.
[1,680 / 1,838] Compiling score/mw/com/impl/bindings/lola/skeleton.cpp; 14s processwrapper-sandbox ... (8 actions, 7 running)
INFO: From Compiling score/mw/com/impl/bindings/lola/skeleton.cpp:
In file included from score/mw/com/impl/bindings/lola/skeleton.cpp:13:
In file included from ./score/mw/com/impl/bindings/lola/skeleton.h:32:
In file included from ./score/mw/com/impl/bindings/lola/skeleton_memory_manager.h:20:
In file included from ./score/mw/com/impl/bindings/lola/service_data_storage.h:20:
In file included from ./score/mw/com/impl/bindings/lola/i_runtime.h:20:
In file included from ./score/mw/com/impl/i_binding_runtime.h:17:
In file included from ./score/mw/com/impl/i_service_discovery_client.h:16:
In file included from ./score/mw/com/impl/enriched_instance_identifier.h:17:
In file included from ./score/mw/com/impl/handle_type.h:18:
In file included from ./score/mw/com/impl/instance_identifier.h:16:
./score/mw/com/impl/com_error.h:186:65: warning: 'kServiceInstanceAlreadyOffered' is deprecated: Value has never been used. Calls to OfferService shall be idempotent. [-Wdeprecated-declarations]
  186 |             case static_cast<score::result::ErrorCode>(ComErrc::kServiceInstanceAlreadyOffered):
      |                                                                 ^
./score/mw/com/impl/com_error.h:58:11: note: 'kServiceInstanceAlreadyOffered' has been explicitly marked deprecated here
   58 |         [[deprecated("Value has never been used. Calls to OfferService shall be idempotent.")]],
      |           ^
1 warning generated.
[1,689 / 1,838] Compiling score/mw/com/impl/methods/proxy_method.cpp; 2s processwrapper-sandbox ... (8 actions, 7 running)
[1,691 / 1,838] Compiling score/mw/com/impl/methods/proxy_method.cpp; 3s processwrapper-sandbox ... (8 actions running)
[1,694 / 1,838] Compiling score/mw/com/impl/methods/proxy_method.cpp; 5s processwrapper-sandbox ... (8 actions running)
INFO: From Compiling score/mw/com/impl/plumbing/lola_proxy_element_building_blocks.cpp:
In file included from score/mw/com/impl/plumbing/lola_proxy_element_building_blocks.cpp:13:
In file included from ./score/mw/com/impl/plumbing/lola_proxy_element_building_blocks.h:18:
In file included from ./score/mw/com/impl/handle_type.h:18:
In file included from ./score/mw/com/impl/instance_identifier.h:16:
./score/mw/com/impl/com_error.h:186:65: warning: 'kServiceInstanceAlreadyOffered' is deprecated: Value has never been used. Calls to OfferService shall be idempotent. [-Wdeprecated-declarations]
  186 |             case static_cast<score::result::ErrorCode>(ComErrc::kServiceInstanceAlreadyOffered):
      |                                                                 ^
./score/mw/com/impl/com_error.h:58:11: note: 'kServiceInstanceAlreadyOffered' has been explicitly marked deprecated here
   58 |         [[deprecated("Value has never been used. Calls to OfferService shall be idempotent.")]],
      |           ^
1 warning generated.
[1,695 / 1,838] Compiling score/mw/com/impl/methods/proxy_method.cpp; 6s processwrapper-sandbox ... (8 actions, 7 running)
INFO: From Compiling score/mw/com/impl/plumbing/skeleton_binding_factory.cpp:
In file included from score/mw/com/impl/plumbing/skeleton_binding_factory.cpp:13:
In file included from ./score/mw/com/impl/plumbing/skeleton_binding_factory.h:16:
In file included from ./score/mw/com/impl/instance_identifier.h:16:
./score/mw/com/impl/com_error.h:186:65: warning: 'kServiceInstanceAlreadyOffered' is deprecated: Value has never been used. Calls to OfferService shall be idempotent. [-Wdeprecated-declarations]
  186 |             case static_cast<score::result::ErrorCode>(ComErrc::kServiceInstanceAlreadyOffered):
      |                                                                 ^
./score/mw/com/impl/com_error.h:58:11: note: 'kServiceInstanceAlreadyOffered' has been explicitly marked deprecated here
   58 |         [[deprecated("Value has never been used. Calls to OfferService shall be idempotent.")]],
      |           ^
1 warning generated.
[1,698 / 1,838] Compiling score/mw/com/impl/methods/proxy_method.cpp; 8s processwrapper-sandbox ... (8 actions, 7 running)
INFO: From Compiling score/mw/com/impl/plumbing/i_skeleton_binding_factory.cpp:
In file included from score/mw/com/impl/plumbing/i_skeleton_binding_factory.cpp:13:
In file included from ./score/mw/com/impl/plumbing/i_skeleton_binding_factory.h:16:
In file included from ./score/mw/com/impl/instance_identifier.h:16:
./score/mw/com/impl/com_error.h:186:65: warning: 'kServiceInstanceAlreadyOffered' is deprecated: Value has never been used. Calls to OfferService shall be idempotent. [-Wdeprecated-declarations]
  186 |             case static_cast<score::result::ErrorCode>(ComErrc::kServiceInstanceAlreadyOffered):
      |                                                                 ^
./score/mw/com/impl/com_error.h:58:11: note: 'kServiceInstanceAlreadyOffered' has been explicitly marked deprecated here
   58 |         [[deprecated("Value has never been used. Calls to OfferService shall be idempotent.")]],
      |           ^
1 warning generated.
INFO: From Compiling score/mw/com/impl/methods/proxy_method.cpp:
In file included from score/mw/com/impl/methods/proxy_method.cpp:13:
In file included from ./score/mw/com/impl/methods/proxy_method.h:16:
In file included from ./score/mw/com/impl/bindings/lola/proxy.h:24:
In file included from ./score/mw/com/impl/bindings/lola/proxy_method.h:17:
In file included from ./score/mw/com/impl/bindings/lola/i_runtime.h:20:
In file included from ./score/mw/com/impl/i_binding_runtime.h:17:
In file included from ./score/mw/com/impl/i_service_discovery_client.h:16:
In file included from ./score/mw/com/impl/enriched_instance_identifier.h:17:
In file included from ./score/mw/com/impl/handle_type.h:18:
In file included from ./score/mw/com/impl/instance_identifier.h:16:
./score/mw/com/impl/com_error.h:186:65: warning: 'kServiceInstanceAlreadyOffered' is deprecated: Value has never been used. Calls to OfferService shall be idempotent. [-Wdeprecated-declarations]
  186 |             case static_cast<score::result::ErrorCode>(ComErrc::kServiceInstanceAlreadyOffered):
      |                                                                 ^
./score/mw/com/impl/com_error.h:58:11: note: 'kServiceInstanceAlreadyOffered' has been explicitly marked deprecated here
   58 |         [[deprecated("Value has never been used. Calls to OfferService shall be idempotent.")]],
      |           ^
1 warning generated.
[1,704 / 1,838] Compiling score/mw/com/impl/bindings/lola/proxy_method.cpp; 9s processwrapper-sandbox ... (8 actions, 7 running)
[1,704 / 1,838] Compiling score/mw/com/impl/bindings/lola/proxy_method.cpp; 10s processwrapper-sandbox ... (8 actions running)
INFO: From Compiling score/mw/com/impl/bindings/lola/proxy_event.cpp:
In file included from score/mw/com/impl/bindings/lola/proxy_event.cpp:13:
In file included from ./score/mw/com/impl/bindings/lola/proxy_event.h:18:
In file included from ./score/mw/com/impl/bindings/lola/proxy.h:24:
In file included from ./score/mw/com/impl/bindings/lola/proxy_method.h:17:
In file included from ./score/mw/com/impl/bindings/lola/i_runtime.h:20:
In file included from ./score/mw/com/impl/i_binding_runtime.h:17:
In file included from ./score/mw/com/impl/i_service_discovery_client.h:16:
In file included from ./score/mw/com/impl/enriched_instance_identifier.h:17:
In file included from ./score/mw/com/impl/handle_type.h:18:
In file included from ./score/mw/com/impl/instance_identifier.h:16:
./score/mw/com/impl/com_error.h:186:65: warning: 'kServiceInstanceAlreadyOffered' is deprecated: Value has never been used. Calls to OfferService shall be idempotent. [-Wdeprecated-declarations]
  186 |             case static_cast<score::result::ErrorCode>(ComErrc::kServiceInstanceAlreadyOffered):
      |                                                                 ^
./score/mw/com/impl/com_error.h:58:11: note: 'kServiceInstanceAlreadyOffered' has been explicitly marked deprecated here
   58 |         [[deprecated("Value has never been used. Calls to OfferService shall be idempotent.")]],
      |           ^
1 warning generated.
INFO: From Compiling score/mw/com/impl/plumbing/i_proxy_binding_factory.cpp:
In file included from score/mw/com/impl/plumbing/i_proxy_binding_factory.cpp:13:
In file included from ./score/mw/com/impl/plumbing/i_proxy_binding_factory.h:16:
In file included from ./score/mw/com/impl/handle_type.h:18:
In file included from ./score/mw/com/impl/instance_identifier.h:16:
./score/mw/com/impl/com_error.h:186:65: warning: 'kServiceInstanceAlreadyOffered' is deprecated: Value has never been used. Calls to OfferService shall be idempotent. [-Wdeprecated-declarations]
  186 |             case static_cast<score::result::ErrorCode>(ComErrc::kServiceInstanceAlreadyOffered):
      |                                                                 ^
./score/mw/com/impl/com_error.h:58:11: note: 'kServiceInstanceAlreadyOffered' has been explicitly marked deprecated here
   58 |         [[deprecated("Value has never been used. Calls to OfferService shall be idempotent.")]],
      |           ^
1 warning generated.
INFO: From Compiling score/mw/com/impl/bindings/lola/proxy_method.cpp:
In file included from score/mw/com/impl/bindings/lola/proxy_method.cpp:13:
In file included from ./score/mw/com/impl/bindings/lola/proxy_method.h:17:
In file included from ./score/mw/com/impl/bindings/lola/i_runtime.h:20:
In file included from ./score/mw/com/impl/i_binding_runtime.h:17:
In file included from ./score/mw/com/impl/i_service_discovery_client.h:16:
In file included from ./score/mw/com/impl/enriched_instance_identifier.h:17:
In file included from ./score/mw/com/impl/handle_type.h:18:
In file included from ./score/mw/com/impl/instance_identifier.h:16:
./score/mw/com/impl/com_error.h:186:65: warning: 'kServiceInstanceAlreadyOffered' is deprecated: Value has never been used. Calls to OfferService shall be idempotent. [-Wdeprecated-declarations]
  186 |             case static_cast<score::result::ErrorCode>(ComErrc::kServiceInstanceAlreadyOffered):
      |                                                                 ^
./score/mw/com/impl/com_error.h:58:11: note: 'kServiceInstanceAlreadyOffered' has been explicitly marked deprecated here
   58 |         [[deprecated("Value has never been used. Calls to OfferService shall be idempotent.")]],
      |           ^
1 warning generated.
[1,709 / 1,838] Compiling score/mw/com/impl/bindings/lola/proxy.cpp; 10s processwrapper-sandbox ... (8 actions, 7 running)
[1,710 / 1,838] Compiling score/mw/com/impl/bindings/lola/proxy.cpp; 12s processwrapper-sandbox ... (8 actions, 7 running)
INFO: From Compiling score/mw/com/impl/plumbing/proxy_binding_factory.cpp:
In file included from score/mw/com/impl/plumbing/proxy_binding_factory.cpp:13:
In file included from ./score/mw/com/impl/plumbing/proxy_binding_factory.h:16:
In file included from ./score/mw/com/impl/handle_type.h:18:
In file included from ./score/mw/com/impl/instance_identifier.h:16:
./score/mw/com/impl/com_error.h:186:65: warning: 'kServiceInstanceAlreadyOffered' is deprecated: Value has never been used. Calls to OfferService shall be idempotent. [-Wdeprecated-declarations]
  186 |             case static_cast<score::result::ErrorCode>(ComErrc::kServiceInstanceAlreadyOffered):
      |                                                                 ^
./score/mw/com/impl/com_error.h:58:11: note: 'kServiceInstanceAlreadyOffered' has been explicitly marked deprecated here
   58 |         [[deprecated("Value has never been used. Calls to OfferService shall be idempotent.")]],
      |           ^
1 warning generated.
[1,715 / 1,838] Compiling score/mw/com/impl/bindings/lola/proxy.cpp; 13s processwrapper-sandbox ... (8 actions running)
INFO: From Compiling score/mw/com/impl/bindings/someip/skeleton_event.cpp:
In file included from score/mw/com/impl/bindings/someip/skeleton_event.cpp:13:
In file included from ./score/mw/com/impl/bindings/someip/skeleton_event.h:19:
In file included from ./score/mw/com/impl/bindings/someip/skeleton.h:21:
In file included from ./score/mw/com/impl/instance_identifier.h:16:
./score/mw/com/impl/com_error.h:186:65: warning: 'kServiceInstanceAlreadyOffered' is deprecated: Value has never been used. Calls to OfferService shall be idempotent. [-Wdeprecated-declarations]
  186 |             case static_cast<score::result::ErrorCode>(ComErrc::kServiceInstanceAlreadyOffered):
      |                                                                 ^
./score/mw/com/impl/com_error.h:58:11: note: 'kServiceInstanceAlreadyOffered' has been explicitly marked deprecated here
   58 |         [[deprecated("Value has never been used. Calls to OfferService shall be idempotent.")]],
      |           ^
1 warning generated.
INFO: From Compiling score/mw/com/impl/bindings/lola/proxy.cpp:
In file included from score/mw/com/impl/bindings/lola/proxy.cpp:13:
In file included from ./score/mw/com/impl/bindings/lola/proxy.h:24:
In file included from ./score/mw/com/impl/bindings/lola/proxy_method.h:17:
In file included from ./score/mw/com/impl/bindings/lola/i_runtime.h:20:
In file included from ./score/mw/com/impl/i_binding_runtime.h:17:
In file included from ./score/mw/com/impl/i_service_discovery_client.h:16:
In file included from ./score/mw/com/impl/enriched_instance_identifier.h:17:
In file included from ./score/mw/com/impl/handle_type.h:18:
In file included from ./score/mw/com/impl/instance_identifier.h:16:
./score/mw/com/impl/com_error.h:186:65: warning: 'kServiceInstanceAlreadyOffered' is deprecated: Value has never been used. Calls to OfferService shall be idempotent. [-Wdeprecated-declarations]
  186 |             case static_cast<score::result::ErrorCode>(ComErrc::kServiceInstanceAlreadyOffered):
      |                                                                 ^
./score/mw/com/impl/com_error.h:58:11: note: 'kServiceInstanceAlreadyOffered' has been explicitly marked deprecated here
   58 |         [[deprecated("Value has never been used. Calls to OfferService shall be idempotent.")]],
      |           ^
1 warning generated.
[1,723 / 1,838] Compiling score/mw/com/impl/bindings/someip/skeleton.cpp; 6s processwrapper-sandbox ... (8 actions, 7 running)
INFO: From Compiling score/mw/com/impl/bindings/someip/skeleton.cpp:
In file included from score/mw/com/impl/bindings/someip/skeleton.cpp:13:
In file included from ./score/mw/com/impl/bindings/someip/skeleton.h:21:
In file included from ./score/mw/com/impl/instance_identifier.h:16:
./score/mw/com/impl/com_error.h:186:65: warning: 'kServiceInstanceAlreadyOffered' is deprecated: Value has never been used. Calls to OfferService shall be idempotent. [-Wdeprecated-declarations]
  186 |             case static_cast<score::result::ErrorCode>(ComErrc::kServiceInstanceAlreadyOffered):
      |                                                                 ^
./score/mw/com/impl/com_error.h:58:11: note: 'kServiceInstanceAlreadyOffered' has been explicitly marked deprecated here
   58 |         [[deprecated("Value has never been used. Calls to OfferService shall be idempotent.")]],
      |           ^
1 warning generated.
[1,730 / 1,838] Compiling score/mw/com/impl/methods/proxy_method_with_in_args.cpp; 7s processwrapper-sandbox ... (8 actions, 7 running)
[1,730 / 1,838] Compiling score/mw/com/impl/methods/proxy_method_with_in_args.cpp; 9s processwrapper-sandbox ... (8 actions running)
INFO: From Compiling score/mw/com/impl/methods/proxy_method_with_in_args.cpp:
In file included from score/mw/com/impl/methods/proxy_method_with_in_args.cpp:13:
In file included from ./score/mw/com/impl/methods/proxy_method_with_in_args.h:18:
In file included from ./score/mw/com/impl/methods/proxy_method.h:16:
In file included from ./score/mw/com/impl/bindings/lola/proxy.h:24:
In file included from ./score/mw/com/impl/bindings/lola/proxy_method.h:17:
In file included from ./score/mw/com/impl/bindings/lola/i_runtime.h:20:
In file included from ./score/mw/com/impl/i_binding_runtime.h:17:
In file included from ./score/mw/com/impl/i_service_discovery_client.h:16:
In file included from ./score/mw/com/impl/enriched_instance_identifier.h:17:
In file included from ./score/mw/com/impl/handle_type.h:18:
In file included from ./score/mw/com/impl/instance_identifier.h:16:
./score/mw/com/impl/com_error.h:186:65: warning: 'kServiceInstanceAlreadyOffered' is deprecated: Value has never been used. Calls to OfferService shall be idempotent. [-Wdeprecated-declarations]
  186 |             case static_cast<score::result::ErrorCode>(ComErrc::kServiceInstanceAlreadyOffered):
      |                                                                 ^
./score/mw/com/impl/com_error.h:58:11: note: 'kServiceInstanceAlreadyOffered' has been explicitly marked deprecated here
   58 |         [[deprecated("Value has never been used. Calls to OfferService shall be idempotent.")]],
      |           ^
1 warning generated.
[1,731 / 1,838] Compiling score/mw/com/impl/plumbing/binding_runtime_factory.cpp; 9s processwrapper-sandbox ... (8 actions, 7 running)
[1,731 / 1,838] Compiling score/mw/com/impl/plumbing/binding_runtime_factory.cpp; 11s processwrapper-sandbox ... (8 actions running)
INFO: From Compiling score/mw/com/impl/plumbing/i_skeleton_event_binding_factory.cpp:
In file included from score/mw/com/impl/plumbing/i_skeleton_event_binding_factory.cpp:13:
In file included from ./score/mw/com/impl/plumbing/i_skeleton_event_binding_factory.h:16:
In file included from ./score/mw/com/impl/instance_identifier.h:16:
./score/mw/com/impl/com_error.h:186:65: warning: 'kServiceInstanceAlreadyOffered' is deprecated: Value has never been used. Calls to OfferService shall be idempotent. [-Wdeprecated-declarations]
  186 |             case static_cast<score::result::ErrorCode>(ComErrc::kServiceInstanceAlreadyOffered):
      |                                                                 ^
./score/mw/com/impl/com_error.h:58:11: note: 'kServiceInstanceAlreadyOffered' has been explicitly marked deprecated here
   58 |         [[deprecated("Value has never been used. Calls to OfferService shall be idempotent.")]],
      |           ^
1 warning generated.
INFO: From Compiling score/mw/com/impl/generic_skeleton_event.cpp:
In file included from score/mw/com/impl/generic_skeleton_event.cpp:14:
./score/mw/com/impl/com_error.h:186:65: warning: 'kServiceInstanceAlreadyOffered' is deprecated: Value has never been used. Calls to OfferService shall be idempotent. [-Wdeprecated-declarations]
  186 |             case static_cast<score::result::ErrorCode>(ComErrc::kServiceInstanceAlreadyOffered):
      |                                                                 ^
./score/mw/com/impl/com_error.h:58:11: note: 'kServiceInstanceAlreadyOffered' has been explicitly marked deprecated here
   58 |         [[deprecated("Value has never been used. Calls to OfferService shall be idempotent.")]],
      |           ^
1 warning generated.
INFO: From Compiling score/mw/com/impl/plumbing/i_skeleton_field_binding_factory.cpp:
In file included from score/mw/com/impl/plumbing/i_skeleton_field_binding_factory.cpp:13:
In file included from ./score/mw/com/impl/plumbing/i_skeleton_field_binding_factory.h:17:
In file included from ./score/mw/com/impl/instance_identifier.h:16:
./score/mw/com/impl/com_error.h:186:65: warning: 'kServiceInstanceAlreadyOffered' is deprecated: Value has never been used. Calls to OfferService shall be idempotent. [-Wdeprecated-declarations]
  186 |             case static_cast<score::result::ErrorCode>(ComErrc::kServiceInstanceAlreadyOffered):
      |                                                                 ^
./score/mw/com/impl/com_error.h:58:11: note: 'kServiceInstanceAlreadyOffered' has been explicitly marked deprecated here
   58 |         [[deprecated("Value has never been used. Calls to OfferService shall be idempotent.")]],
      |           ^
1 warning generated.
[1,738 / 1,838] Compiling score/mw/com/impl/plumbing/binding_runtime_factory.cpp; 12s processwrapper-sandbox ... (8 actions running)
INFO: From Compiling score/mw/com/impl/plumbing/binding_runtime_factory.cpp:
In file included from score/mw/com/impl/plumbing/binding_runtime_factory.cpp:13:
In file included from ./score/mw/com/impl/plumbing/binding_runtime_factory.h:16:
In file included from ./score/mw/com/impl/configuration/configuration.h:18:
In file included from ./score/mw/com/impl/configuration/service_instance_deployment.h:17:
./score/mw/com/impl/com_error.h:186:65: warning: 'kServiceInstanceAlreadyOffered' is deprecated: Value has never been used. Calls to OfferService shall be idempotent. [-Wdeprecated-declarations]
  186 |             case static_cast<score::result::ErrorCode>(ComErrc::kServiceInstanceAlreadyOffered):
      |                                                                 ^
./score/mw/com/impl/com_error.h:58:11: note: 'kServiceInstanceAlreadyOffered' has been explicitly marked deprecated here
   58 |         [[deprecated("Value has never been used. Calls to OfferService shall be idempotent.")]],
      |           ^
1 warning generated.
[1,741 / 1,838] Compiling score/mw/com/impl/skeleton_base.cpp; 11s processwrapper-sandbox ... (8 actions, 7 running)
[1,743 / 1,838] Compiling score/mw/com/impl/skeleton_base.cpp; 12s processwrapper-sandbox ... (8 actions running)
INFO: From Compiling score/mw/com/impl/plumbing/skeleton_service_element_binding_factory_impl.cpp:
In file included from score/mw/com/impl/plumbing/skeleton_service_element_binding_factory_impl.cpp:13:
In file included from ./score/mw/com/impl/plumbing/skeleton_service_element_binding_factory_impl.h:17:
In file included from ./score/mw/com/impl/bindings/lola/skeleton.h:32:
In file included from ./score/mw/com/impl/bindings/lola/skeleton_memory_manager.h:20:
In file included from ./score/mw/com/impl/bindings/lola/service_data_storage.h:20:
In file included from ./score/mw/com/impl/bindings/lola/i_runtime.h:20:
In file included from ./score/mw/com/impl/i_binding_runtime.h:17:
In file included from ./score/mw/com/impl/i_service_discovery_client.h:16:
In file included from ./score/mw/com/impl/enriched_instance_identifier.h:17:
In file included from ./score/mw/com/impl/handle_type.h:18:
In file included from ./score/mw/com/impl/instance_identifier.h:16:
./score/mw/com/impl/com_error.h:186:65: warning: 'kServiceInstanceAlreadyOffered' is deprecated: Value has never been used. Calls to OfferService shall be idempotent. [-Wdeprecated-declarations]
  186 |             case static_cast<score::result::ErrorCode>(ComErrc::kServiceInstanceAlreadyOffered):
      |                                                                 ^
./score/mw/com/impl/com_error.h:58:11: note: 'kServiceInstanceAlreadyOffered' has been explicitly marked deprecated here
   58 |         [[deprecated("Value has never been used. Calls to OfferService shall be idempotent.")]],
      |           ^
1 warning generated.
[1,744 / 1,838] Compiling score/mw/com/impl/skeleton_base.cpp; 14s processwrapper-sandbox ... (8 actions, 7 running)
INFO: From Compiling score/mw/com/impl/skeleton_base.cpp:
In file included from score/mw/com/impl/skeleton_base.cpp:13:
In file included from ./score/mw/com/impl/skeleton_base.h:17:
In file included from ./score/mw/com/impl/instance_identifier.h:16:
./score/mw/com/impl/com_error.h:186:65: warning: 'kServiceInstanceAlreadyOffered' is deprecated: Value has never been used. Calls to OfferService shall be idempotent. [-Wdeprecated-declarations]
  186 |             case static_cast<score::result::ErrorCode>(ComErrc::kServiceInstanceAlreadyOffered):
      |                                                                 ^
./score/mw/com/impl/com_error.h:58:11: note: 'kServiceInstanceAlreadyOffered' has been explicitly marked deprecated here
   58 |         [[deprecated("Value has never been used. Calls to OfferService shall be idempotent.")]],
      |           ^
1 warning generated.
[1,749 / 1,838] Compiling score/mw/com/impl/plumbing/skeleton_field_binding_factory_impl.cpp; 12s processwrapper-sandbox ... (8 actions running)
INFO: From Compiling score/mw/com/impl/plumbing/i_proxy_event_binding_factory.cpp:
In file included from score/mw/com/impl/plumbing/i_proxy_event_binding_factory.cpp:13:
In file included from ./score/mw/com/impl/plumbing/i_proxy_event_binding_factory.h:17:
In file included from ./score/mw/com/impl/handle_type.h:18:
In file included from ./score/mw/com/impl/instance_identifier.h:16:
./score/mw/com/impl/com_error.h:186:65: warning: 'kServiceInstanceAlreadyOffered' is deprecated: Value has never been used. Calls to OfferService shall be idempotent. [-Wdeprecated-declarations]
  186 |             case static_cast<score::result::ErrorCode>(ComErrc::kServiceInstanceAlreadyOffered):
      |                                                                 ^
./score/mw/com/impl/com_error.h:58:11: note: 'kServiceInstanceAlreadyOffered' has been explicitly marked deprecated here
   58 |         [[deprecated("Value has never been used. Calls to OfferService shall be idempotent.")]],
      |           ^
1 warning generated.
INFO: From Compiling score/mw/com/impl/plumbing/skeleton_field_binding_factory_impl.cpp:
In file included from score/mw/com/impl/plumbing/skeleton_field_binding_factory_impl.cpp:13:
In file included from ./score/mw/com/impl/plumbing/skeleton_field_binding_factory_impl.h:16:
In file included from ./score/mw/com/impl/bindings/lola/skeleton_event.h:21:
In file included from ./score/mw/com/impl/bindings/lola/skeleton.h:32:
In file included from ./score/mw/com/impl/bindings/lola/skeleton_memory_manager.h:20:
In file included from ./score/mw/com/impl/bindings/lola/service_data_storage.h:20:
In file included from ./score/mw/com/impl/bindings/lola/i_runtime.h:20:
In file included from ./score/mw/com/impl/i_binding_runtime.h:17:
In file included from ./score/mw/com/impl/i_service_discovery_client.h:16:
In file included from ./score/mw/com/impl/enriched_instance_identifier.h:17:
In file included from ./score/mw/com/impl/handle_type.h:18:
In file included from ./score/mw/com/impl/instance_identifier.h:16:
./score/mw/com/impl/com_error.h:186:65: warning: 'kServiceInstanceAlreadyOffered' is deprecated: Value has never been used. Calls to OfferService shall be idempotent. [-Wdeprecated-declarations]
  186 |             case static_cast<score::result::ErrorCode>(ComErrc::kServiceInstanceAlreadyOffered):
      |                                                                 ^
./score/mw/com/impl/com_error.h:58:11: note: 'kServiceInstanceAlreadyOffered' has been explicitly marked deprecated here
   58 |         [[deprecated("Value has never been used. Calls to OfferService shall be idempotent.")]],
      |           ^
1 warning generated.
[1,753 / 1,838] Compiling score/mw/com/impl/methods/proxy_method_with_in_args_and_return.cpp; 10s processwrapper-sandbox ... (8 actions, 7 running)
[1,755 / 1,838] Compiling score/mw/com/impl/methods/proxy_method_with_in_args_and_return.cpp; 11s processwrapper-sandbox ... (8 actions running)
INFO: From Compiling score/mw/com/impl/proxy_base.cpp:
In file included from score/mw/com/impl/proxy_base.cpp:13:
In file included from ./score/mw/com/impl/proxy_base.h:18:
In file included from ./score/mw/com/impl/handle_type.h:18:
In file included from ./score/mw/com/impl/instance_identifier.h:16:
./score/mw/com/impl/com_error.h:186:65: warning: 'kServiceInstanceAlreadyOffered' is deprecated: Value has never been used. Calls to OfferService shall be idempotent. [-Wdeprecated-declarations]
  186 |             case static_cast<score::result::ErrorCode>(ComErrc::kServiceInstanceAlreadyOffered):
      |                                                                 ^
./score/mw/com/impl/com_error.h:58:11: note: 'kServiceInstanceAlreadyOffered' has been explicitly marked deprecated here
   58 |         [[deprecated("Value has never been used. Calls to OfferService shall be idempotent.")]],
      |           ^
1 warning generated.
[1,758 / 1,838] Compiling score/mw/com/impl/methods/proxy_method_with_in_args_and_return.cpp; 12s processwrapper-sandbox ... (8 actions running)
INFO: From Compiling score/mw/com/impl/plumbing/proxy_event_binding_factory_impl.cpp:
In file included from score/mw/com/impl/plumbing/proxy_event_binding_factory_impl.cpp:13:
In file included from ./score/mw/com/impl/plumbing/proxy_event_binding_factory_impl.h:16:
In file included from ./score/mw/com/impl/bindings/lola/proxy.h:24:
In file included from ./score/mw/com/impl/bindings/lola/proxy_method.h:17:
In file included from ./score/mw/com/impl/bindings/lola/i_runtime.h:20:
In file included from ./score/mw/com/impl/i_binding_runtime.h:17:
In file included from ./score/mw/com/impl/i_service_discovery_client.h:16:
In file included from ./score/mw/com/impl/enriched_instance_identifier.h:17:
In file included from ./score/mw/com/impl/handle_type.h:18:
In file included from ./score/mw/com/impl/instance_identifier.h:16:
./score/mw/com/impl/com_error.h:186:65: warning: 'kServiceInstanceAlreadyOffered' is deprecated: Value has never been used. Calls to OfferService shall be idempotent. [-Wdeprecated-declarations]
  186 |             case static_cast<score::result::ErrorCode>(ComErrc::kServiceInstanceAlreadyOffered):
      |                                                                 ^
./score/mw/com/impl/com_error.h:58:11: note: 'kServiceInstanceAlreadyOffered' has been explicitly marked deprecated here
   58 |         [[deprecated("Value has never been used. Calls to OfferService shall be idempotent.")]],
      |           ^
1 warning generated.
INFO: From Compiling score/mw/com/impl/methods/proxy_method_with_in_args_and_return.cpp:
In file included from score/mw/com/impl/methods/proxy_method_with_in_args_and_return.cpp:13:
In file included from ./score/mw/com/impl/methods/proxy_method_with_in_args_and_return.h:18:
In file included from ./score/mw/com/impl/methods/proxy_method.h:16:
In file included from ./score/mw/com/impl/bindings/lola/proxy.h:24:
In file included from ./score/mw/com/impl/bindings/lola/proxy_method.h:17:
In file included from ./score/mw/com/impl/bindings/lola/i_runtime.h:20:
In file included from ./score/mw/com/impl/i_binding_runtime.h:17:
In file included from ./score/mw/com/impl/i_service_discovery_client.h:16:
In file included from ./score/mw/com/impl/enriched_instance_identifier.h:17:
In file included from ./score/mw/com/impl/handle_type.h:18:
In file included from ./score/mw/com/impl/instance_identifier.h:16:
./score/mw/com/impl/com_error.h:186:65: warning: 'kServiceInstanceAlreadyOffered' is deprecated: Value has never been used. Calls to OfferService shall be idempotent. [-Wdeprecated-declarations]
  186 |             case static_cast<score::result::ErrorCode>(ComErrc::kServiceInstanceAlreadyOffered):
      |                                                                 ^
./score/mw/com/impl/com_error.h:58:11: note: 'kServiceInstanceAlreadyOffered' has been explicitly marked deprecated here
   58 |         [[deprecated("Value has never been used. Calls to OfferService shall be idempotent.")]],
      |           ^
1 warning generated.
[1,762 / 1,838] Compiling score/mw/com/impl/plumbing/skeleton_event_binding_factory_impl.cpp; 9s processwrapper-sandbox ... (8 actions running)
INFO: From Compiling score/mw/com/impl/plumbing/i_skeleton_method_binding_factory.cpp:
In file included from score/mw/com/impl/plumbing/i_skeleton_method_binding_factory.cpp:13:
In file included from ./score/mw/com/impl/plumbing/i_skeleton_method_binding_factory.h:16:
In file included from ./score/mw/com/impl/handle_type.h:18:
In file included from ./score/mw/com/impl/instance_identifier.h:16:
./score/mw/com/impl/com_error.h:186:65: warning: 'kServiceInstanceAlreadyOffered' is deprecated: Value has never been used. Calls to OfferService shall be idempotent. [-Wdeprecated-declarations]
  186 |             case static_cast<score::result::ErrorCode>(ComErrc::kServiceInstanceAlreadyOffered):
      |                                                                 ^
./score/mw/com/impl/com_error.h:58:11: note: 'kServiceInstanceAlreadyOffered' has been explicitly marked deprecated here
   58 |         [[deprecated("Value has never been used. Calls to OfferService shall be idempotent.")]],
      |           ^
1 warning generated.
[1,765 / 1,838] Compiling score/mw/com/impl/plumbing/skeleton_event_binding_factory_impl.cpp; 11s processwrapper-sandbox ... (8 actions running)
INFO: From Compiling score/mw/com/impl/plumbing/skeleton_method_binding_factory.cpp:
In file included from score/mw/com/impl/plumbing/skeleton_method_binding_factory.cpp:13:
In file included from ./score/mw/com/impl/plumbing/skeleton_method_binding_factory.h:16:
In file included from ./score/mw/com/impl/instance_identifier.h:16:
./score/mw/com/impl/com_error.h:186:65: warning: 'kServiceInstanceAlreadyOffered' is deprecated: Value has never been used. Calls to OfferService shall be idempotent. [-Wdeprecated-declarations]
  186 |             case static_cast<score::result::ErrorCode>(ComErrc::kServiceInstanceAlreadyOffered):
      |                                                                 ^
./score/mw/com/impl/com_error.h:58:11: note: 'kServiceInstanceAlreadyOffered' has been explicitly marked deprecated here
   58 |         [[deprecated("Value has never been used. Calls to OfferService shall be idempotent.")]],
      |           ^
1 warning generated.
[1,770 / 1,838] Compiling score/mw/com/impl/plumbing/skeleton_event_binding_factory_impl.cpp; 12s processwrapper-sandbox ... (8 actions running)
INFO: From Compiling score/mw/com/impl/plumbing/skeleton_event_binding_factory.cpp:
In file included from score/mw/com/impl/plumbing/skeleton_event_binding_factory.cpp:13:
In file included from ./score/mw/com/impl/plumbing/skeleton_event_binding_factory.h:16:
In file included from ./score/mw/com/impl/bindings/lola/skeleton_event.h:21:
In file included from ./score/mw/com/impl/bindings/lola/skeleton.h:32:
In file included from ./score/mw/com/impl/bindings/lola/skeleton_memory_manager.h:20:
In file included from ./score/mw/com/impl/bindings/lola/service_data_storage.h:20:
In file included from ./score/mw/com/impl/bindings/lola/i_runtime.h:20:
In file included from ./score/mw/com/impl/i_binding_runtime.h:17:
In file included from ./score/mw/com/impl/i_service_discovery_client.h:16:
In file included from ./score/mw/com/impl/enriched_instance_identifier.h:17:
In file included from ./score/mw/com/impl/handle_type.h:18:
In file included from ./score/mw/com/impl/instance_identifier.h:16:
./score/mw/com/impl/com_error.h:186:65: warning: 'kServiceInstanceAlreadyOffered' is deprecated: Value has never been used. Calls to OfferService shall be idempotent. [-Wdeprecated-declarations]
  186 |             case static_cast<score::result::ErrorCode>(ComErrc::kServiceInstanceAlreadyOffered):
      |                                                                 ^
./score/mw/com/impl/com_error.h:58:11: note: 'kServiceInstanceAlreadyOffered' has been explicitly marked deprecated here
   58 |         [[deprecated("Value has never been used. Calls to OfferService shall be idempotent.")]],
      |           ^
1 warning generated.
[1,772 / 1,838] Compiling score/mw/com/impl/plumbing/skeleton_event_binding_factory_impl.cpp; 14s processwrapper-sandbox ... (8 actions, 7 running)
INFO: From Compiling score/mw/com/impl/plumbing/skeleton_event_binding_factory_impl.cpp:
In file included from score/mw/com/impl/plumbing/skeleton_event_binding_factory_impl.cpp:13:
In file included from ./score/mw/com/impl/plumbing/skeleton_event_binding_factory_impl.h:16:
In file included from ./score/mw/com/impl/instance_identifier.h:16:
./score/mw/com/impl/com_error.h:186:65: warning: 'kServiceInstanceAlreadyOffered' is deprecated: Value has never been used. Calls to OfferService shall be idempotent. [-Wdeprecated-declarations]
  186 |             case static_cast<score::result::ErrorCode>(ComErrc::kServiceInstanceAlreadyOffered):
      |                                                                 ^
./score/mw/com/impl/com_error.h:58:11: note: 'kServiceInstanceAlreadyOffered' has been explicitly marked deprecated here
   58 |         [[deprecated("Value has never been used. Calls to OfferService shall be idempotent.")]],
      |           ^
1 warning generated.
[1,777 / 1,838] Compiling score/mw/com/impl/plumbing/skeleton_method_binding_factory_impl.cpp; 10s processwrapper-sandbox ... (8 actions running)
INFO: From Compiling score/mw/com/impl/plumbing/skeleton_method_binding_factory_impl.cpp:
In file included from score/mw/com/impl/plumbing/skeleton_method_binding_factory_impl.cpp:13:
In file included from ./score/mw/com/impl/plumbing/skeleton_method_binding_factory_impl.h:16:
In file included from ./score/mw/com/impl/handle_type.h:18:
In file included from ./score/mw/com/impl/instance_identifier.h:16:
./score/mw/com/impl/com_error.h:186:65: warning: 'kServiceInstanceAlreadyOffered' is deprecated: Value has never been used. Calls to OfferService shall be idempotent. [-Wdeprecated-declarations]
  186 |             case static_cast<score::result::ErrorCode>(ComErrc::kServiceInstanceAlreadyOffered):
      |                                                                 ^
./score/mw/com/impl/com_error.h:58:11: note: 'kServiceInstanceAlreadyOffered' has been explicitly marked deprecated here
   58 |         [[deprecated("Value has never been used. Calls to OfferService shall be idempotent.")]],
      |           ^
1 warning generated.
[1,778 / 1,838] Compiling score/mw/com/impl/plumbing/skeleton_binding_factory_impl.cpp; 8s processwrapper-sandbox ... (8 actions, 7 running)
INFO: From Compiling score/mw/com/com_error_domain.cpp:
In file included from score/mw/com/com_error_domain.cpp:13:
In file included from ./score/mw/com/com_error_domain.h:16:
./score/mw/com/impl/com_error.h:186:65: warning: 'kServiceInstanceAlreadyOffered' is deprecated: Value has never been used. Calls to OfferService shall be idempotent. [-Wdeprecated-declarations]
  186 |             case static_cast<score::result::ErrorCode>(ComErrc::kServiceInstanceAlreadyOffered):
      |                                                                 ^
./score/mw/com/impl/com_error.h:58:11: note: 'kServiceInstanceAlreadyOffered' has been explicitly marked deprecated here
   58 |         [[deprecated("Value has never been used. Calls to OfferService shall be idempotent.")]],
      |           ^
1 warning generated.
INFO: From Compiling score/mw/com/impl/plumbing/proxy_binding_factory_impl.cpp:
In file included from score/mw/com/impl/plumbing/proxy_binding_factory_impl.cpp:13:
In file included from ./score/mw/com/impl/plumbing/proxy_binding_factory_impl.h:16:
In file included from ./score/mw/com/impl/plumbing/i_proxy_binding_factory.h:16:
In file included from ./score/mw/com/impl/handle_type.h:18:
In file included from ./score/mw/com/impl/instance_identifier.h:16:
./score/mw/com/impl/com_error.h:186:65: warning: 'kServiceInstanceAlreadyOffered' is deprecated: Value has never been used. Calls to OfferService shall be idempotent. [-Wdeprecated-declarations]
  186 |             case static_cast<score::result::ErrorCode>(ComErrc::kServiceInstanceAlreadyOffered):
      |                                                                 ^
./score/mw/com/impl/com_error.h:58:11: note: 'kServiceInstanceAlreadyOffered' has been explicitly marked deprecated here
   58 |         [[deprecated("Value has never been used. Calls to OfferService shall be idempotent.")]],
      |           ^
1 warning generated.
[1,784 / 1,838] Compiling score/mw/com/impl/plumbing/skeleton_binding_factory_impl.cpp; 9s processwrapper-sandbox ... (8 actions, 7 running)
INFO: From Compiling score/mw/com/impl/plumbing/i_proxy_method_binding_factory.cpp:
In file included from score/mw/com/impl/plumbing/i_proxy_method_binding_factory.cpp:13:
In file included from ./score/mw/com/impl/plumbing/i_proxy_method_binding_factory.h:16:
In file included from ./score/mw/com/impl/handle_type.h:18:
In file included from ./score/mw/com/impl/instance_identifier.h:16:
./score/mw/com/impl/com_error.h:186:65: warning: 'kServiceInstanceAlreadyOffered' is deprecated: Value has never been used. Calls to OfferService shall be idempotent. [-Wdeprecated-declarations]
  186 |             case static_cast<score::result::ErrorCode>(ComErrc::kServiceInstanceAlreadyOffered):
      |                                                                 ^
./score/mw/com/impl/com_error.h:58:11: note: 'kServiceInstanceAlreadyOffered' has been explicitly marked deprecated here
   58 |         [[deprecated("Value has never been used. Calls to OfferService shall be idempotent.")]],
      |           ^
1 warning generated.
INFO: From Compiling score/mw/com/impl/methods/proxy_method_with_return_type.cpp:
In file included from score/mw/com/impl/methods/proxy_method_with_return_type.cpp:13:
In file included from ./score/mw/com/impl/methods/proxy_method_with_return_type.h:18:
In file included from ./score/mw/com/impl/methods/proxy_method.h:16:
In file included from ./score/mw/com/impl/bindings/lola/proxy.h:24:
In file included from ./score/mw/com/impl/bindings/lola/proxy_method.h:17:
In file included from ./score/mw/com/impl/bindings/lola/i_runtime.h:20:
In file included from ./score/mw/com/impl/i_binding_runtime.h:17:
In file included from ./score/mw/com/impl/i_service_discovery_client.h:16:
In file included from ./score/mw/com/impl/enriched_instance_identifier.h:17:
In file included from ./score/mw/com/impl/handle_type.h:18:
In file included from ./score/mw/com/impl/instance_identifier.h:16:
./score/mw/com/impl/com_error.h:186:65: warning: 'kServiceInstanceAlreadyOffered' is deprecated: Value has never been used. Calls to OfferService shall be idempotent. [-Wdeprecated-declarations]
  186 |             case static_cast<score::result::ErrorCode>(ComErrc::kServiceInstanceAlreadyOffered):
      |                                                                 ^
./score/mw/com/impl/com_error.h:58:11: note: 'kServiceInstanceAlreadyOffered' has been explicitly marked deprecated here
   58 |         [[deprecated("Value has never been used. Calls to OfferService shall be idempotent.")]],
      |           ^
1 warning generated.
[1,790 / 1,838] Compiling score/mw/com/impl/plumbing/skeleton_binding_factory_impl.cpp; 11s processwrapper-sandbox ... (8 actions running)
INFO: From Compiling score/mw/com/impl/plumbing/skeleton_binding_factory_impl.cpp:
In file included from score/mw/com/impl/plumbing/skeleton_binding_factory_impl.cpp:13:
In file included from ./score/mw/com/impl/plumbing/skeleton_binding_factory_impl.h:16:
In file included from ./score/mw/com/impl/instance_identifier.h:16:
./score/mw/com/impl/com_error.h:186:65: warning: 'kServiceInstanceAlreadyOffered' is deprecated: Value has never been used. Calls to OfferService shall be idempotent. [-Wdeprecated-declarations]
  186 |             case static_cast<score::result::ErrorCode>(ComErrc::kServiceInstanceAlreadyOffered):
      |                                                                 ^
./score/mw/com/impl/com_error.h:58:11: note: 'kServiceInstanceAlreadyOffered' has been explicitly marked deprecated here
   58 |         [[deprecated("Value has never been used. Calls to OfferService shall be idempotent.")]],
      |           ^
1 warning generated.
[1,798 / 1,838] Compiling score/mw/com/impl/plumbing/proxy_method_binding_factory_impl.cpp; 8s processwrapper-sandbox ... (8 actions running)
[1,805 / 1,838] Compiling score/mw/com/impl/plumbing/proxy_method_binding_factory_impl.cpp; 10s processwrapper-sandbox ... (8 actions running)
[1,808 / 1,838] Compiling score/mw/com/impl/plumbing/proxy_method_binding_factory_impl.cpp; 11s processwrapper-sandbox ... (8 actions, 7 running)
INFO: From Compiling score/mw/com/impl/plumbing/proxy_method_binding_factory.cpp:
In file included from score/mw/com/impl/plumbing/proxy_method_binding_factory.cpp:13:
In file included from ./score/mw/com/impl/plumbing/proxy_method_binding_factory.h:17:
In file included from ./score/mw/com/impl/plumbing/i_proxy_method_binding_factory.h:16:
In file included from ./score/mw/com/impl/handle_type.h:18:
In file included from ./score/mw/com/impl/instance_identifier.h:16:
./score/mw/com/impl/com_error.h:186:65: warning: 'kServiceInstanceAlreadyOffered' is deprecated: Value has never been used. Calls to OfferService shall be idempotent. [-Wdeprecated-declarations]
  186 |             case static_cast<score::result::ErrorCode>(ComErrc::kServiceInstanceAlreadyOffered):
      |                                                                 ^
./score/mw/com/impl/com_error.h:58:11: note: 'kServiceInstanceAlreadyOffered' has been explicitly marked deprecated here
   58 |         [[deprecated("Value has never been used. Calls to OfferService shall be idempotent.")]],
      |           ^
1 warning generated.
INFO: From Compiling score/mw/com/impl/plumbing/proxy_method_binding_factory_impl.cpp:
In file included from score/mw/com/impl/plumbing/proxy_method_binding_factory_impl.cpp:13:
In file included from ./score/mw/com/impl/plumbing/proxy_method_binding_factory_impl.h:19:
In file included from ./score/mw/com/impl/bindings/lola/proxy.h:24:
In file included from ./score/mw/com/impl/bindings/lola/proxy_method.h:17:
In file included from ./score/mw/com/impl/bindings/lola/i_runtime.h:20:
In file included from ./score/mw/com/impl/i_binding_runtime.h:17:
In file included from ./score/mw/com/impl/i_service_discovery_client.h:16:
In file included from ./score/mw/com/impl/enriched_instance_identifier.h:17:
In file included from ./score/mw/com/impl/handle_type.h:18:
In file included from ./score/mw/com/impl/instance_identifier.h:16:
./score/mw/com/impl/com_error.h:186:65: warning: 'kServiceInstanceAlreadyOffered' is deprecated: Value has never been used. Calls to OfferService shall be idempotent. [-Wdeprecated-declarations]
  186 |             case static_cast<score::result::ErrorCode>(ComErrc::kServiceInstanceAlreadyOffered):
      |                                                                 ^
./score/mw/com/impl/com_error.h:58:11: note: 'kServiceInstanceAlreadyOffered' has been explicitly marked deprecated here
   58 |         [[deprecated("Value has never been used. Calls to OfferService shall be idempotent.")]],
      |           ^
1 warning generated.
[1,817 / 1,838] Compiling score/mw/com/impl/generic_proxy_event.cpp; 6s processwrapper-sandbox ... (7 actions running)
INFO: From Compiling score/mw/com/impl/configuration/i_configuration_parsing_strategy.cpp:
In file included from score/mw/com/impl/configuration/i_configuration_parsing_strategy.cpp:13:
In file included from ./score/mw/com/impl/configuration/i_configuration_parsing_strategy.h:16:
In file included from ./score/mw/com/impl/configuration/configuration.h:18:
In file included from ./score/mw/com/impl/configuration/service_instance_deployment.h:17:
./score/mw/com/impl/com_error.h:186:65: warning: 'kServiceInstanceAlreadyOffered' is deprecated: Value has never been used. Calls to OfferService shall be idempotent. [-Wdeprecated-declarations]
  186 |             case static_cast<score::result::ErrorCode>(ComErrc::kServiceInstanceAlreadyOffered):
      |                                                                 ^
./score/mw/com/impl/com_error.h:58:11: note: 'kServiceInstanceAlreadyOffered' has been explicitly marked deprecated here
   58 |         [[deprecated("Value has never been used. Calls to OfferService shall be idempotent.")]],
      |           ^
1 warning generated.
[1,820 / 1,838] Compiling score/mw/com/impl/generic_proxy_event.cpp; 7s processwrapper-sandbox ... (6 actions running)
INFO: From Compiling score/mw/com/impl/configuration/config_validate.cpp:
In file included from score/mw/com/impl/configuration/config_validate.cpp:13:
In file included from ./score/mw/com/impl/configuration/config_validate.h:17:
In file included from ./score/mw/com/impl/configuration/configuration.h:18:
In file included from ./score/mw/com/impl/configuration/service_instance_deployment.h:17:
./score/mw/com/impl/com_error.h:186:65: warning: 'kServiceInstanceAlreadyOffered' is deprecated: Value has never been used. Calls to OfferService shall be idempotent. [-Wdeprecated-declarations]
  186 |             case static_cast<score::result::ErrorCode>(ComErrc::kServiceInstanceAlreadyOffered):
      |                                                                 ^
./score/mw/com/impl/com_error.h:58:11: note: 'kServiceInstanceAlreadyOffered' has been explicitly marked deprecated here
   58 |         [[deprecated("Value has never been used. Calls to OfferService shall be idempotent.")]],
      |           ^
1 warning generated.
[1,821 / 1,838] Compiling score/mw/com/impl/generic_proxy_event.cpp; 8s processwrapper-sandbox ... (6 actions, 5 running)
[1,823 / 1,838] Compiling score/mw/com/impl/generic_proxy_event.cpp; 10s processwrapper-sandbox ... (5 actions running)
INFO: From Compiling score/mw/com/impl/methods/skeleton_method.cpp:
In file included from score/mw/com/impl/methods/skeleton_method.cpp:13:
In file included from ./score/mw/com/impl/methods/skeleton_method.h:21:
In file included from ./score/mw/com/impl/plumbing/skeleton_method_binding_factory.h:16:
In file included from ./score/mw/com/impl/instance_identifier.h:16:
./score/mw/com/impl/com_error.h:186:65: warning: 'kServiceInstanceAlreadyOffered' is deprecated: Value has never been used. Calls to OfferService shall be idempotent. [-Wdeprecated-declarations]
  186 |             case static_cast<score::result::ErrorCode>(ComErrc::kServiceInstanceAlreadyOffered):
      |                                                                 ^
./score/mw/com/impl/com_error.h:58:11: note: 'kServiceInstanceAlreadyOffered' has been explicitly marked deprecated here
   58 |         [[deprecated("Value has never been used. Calls to OfferService shall be idempotent.")]],
      |           ^
1 warning generated.
[1,824 / 1,838] Compiling score/mw/com/impl/generic_proxy_event.cpp; 11s processwrapper-sandbox ... (5 actions, 4 running)
INFO: From Compiling score/mw/com/impl/generic_proxy_event.cpp:
In file included from score/mw/com/impl/generic_proxy_event.cpp:13:
In file included from ./score/mw/com/impl/generic_proxy_event.h:18:
In file included from ./score/mw/com/impl/proxy_base.h:18:
In file included from ./score/mw/com/impl/handle_type.h:18:
In file included from ./score/mw/com/impl/instance_identifier.h:16:
./score/mw/com/impl/com_error.h:186:65: warning: 'kServiceInstanceAlreadyOffered' is deprecated: Value has never been used. Calls to OfferService shall be idempotent. [-Wdeprecated-declarations]
  186 |             case static_cast<score::result::ErrorCode>(ComErrc::kServiceInstanceAlreadyOffered):
      |                                                                 ^
./score/mw/com/impl/com_error.h:58:11: note: 'kServiceInstanceAlreadyOffered' has been explicitly marked deprecated here
   58 |         [[deprecated("Value has never been used. Calls to OfferService shall be idempotent.")]],
      |           ^
1 warning generated.
INFO: From Compiling score/mw/com/impl/plumbing/proxy_event_binding_factory.cpp:
In file included from score/mw/com/impl/plumbing/proxy_event_binding_factory.cpp:13:
In file included from ./score/mw/com/impl/plumbing/proxy_event_binding_factory.h:17:
In file included from ./score/mw/com/impl/handle_type.h:18:
In file included from ./score/mw/com/impl/instance_identifier.h:16:
./score/mw/com/impl/com_error.h:186:65: warning: 'kServiceInstanceAlreadyOffered' is deprecated: Value has never been used. Calls to OfferService shall be idempotent. [-Wdeprecated-declarations]
  186 |             case static_cast<score::result::ErrorCode>(ComErrc::kServiceInstanceAlreadyOffered):
      |                                                                 ^
./score/mw/com/impl/com_error.h:58:11: note: 'kServiceInstanceAlreadyOffered' has been explicitly marked deprecated here
   58 |         [[deprecated("Value has never been used. Calls to OfferService shall be idempotent.")]],
      |           ^
1 warning generated.
[1,830 / 1,838] Compiling score/mw/com/impl/methods/proxy_method_without_in_args_or_return.cpp; 8s processwrapper-sandbox ... (4 actions, 2 running)
INFO: From Compiling score/mw/com/impl/proxy_event_base.cpp:
In file included from score/mw/com/impl/proxy_event_base.cpp:16:
./score/mw/com/impl/com_error.h:186:65: warning: 'kServiceInstanceAlreadyOffered' is deprecated: Value has never been used. Calls to OfferService shall be idempotent. [-Wdeprecated-declarations]
  186 |             case static_cast<score::result::ErrorCode>(ComErrc::kServiceInstanceAlreadyOffered):
      |                                                                 ^
./score/mw/com/impl/com_error.h:58:11: note: 'kServiceInstanceAlreadyOffered' has been explicitly marked deprecated here
   58 |         [[deprecated("Value has never been used. Calls to OfferService shall be idempotent.")]],
      |           ^
1 warning generated.
[1,835 / 1,838] Compiling score/mw/com/impl/methods/proxy_method_without_in_args_or_return.cpp; 9s processwrapper-sandbox
INFO: From Compiling score/mw/com/impl/methods/proxy_method_without_in_args_or_return.cpp:
In file included from score/mw/com/impl/methods/proxy_method_without_in_args_or_return.cpp:13:
In file included from ./score/mw/com/impl/methods/proxy_method_without_in_args_or_return.h:17:
In file included from ./score/mw/com/impl/methods/proxy_method.h:16:
In file included from ./score/mw/com/impl/bindings/lola/proxy.h:24:
In file included from ./score/mw/com/impl/bindings/lola/proxy_method.h:17:
In file included from ./score/mw/com/impl/bindings/lola/i_runtime.h:20:
In file included from ./score/mw/com/impl/i_binding_runtime.h:17:
In file included from ./score/mw/com/impl/i_service_discovery_client.h:16:
In file included from ./score/mw/com/impl/enriched_instance_identifier.h:17:
In file included from ./score/mw/com/impl/handle_type.h:18:
In file included from ./score/mw/com/impl/instance_identifier.h:16:
./score/mw/com/impl/com_error.h:186:65: warning: 'kServiceInstanceAlreadyOffered' is deprecated: Value has never been used. Calls to OfferService shall be idempotent. [-Wdeprecated-declarations]
  186 |             case static_cast<score::result::ErrorCode>(ComErrc::kServiceInstanceAlreadyOffered):
      |                                                                 ^
./score/mw/com/impl/com_error.h:58:11: note: 'kServiceInstanceAlreadyOffered' has been explicitly marked deprecated here
   58 |         [[deprecated("Value has never been used. Calls to OfferService shall be idempotent.")]],
      |           ^
1 warning generated.
INFO: Found 468 targets...
INFO: Elapsed time: 323.185s, Critical Path: 29.66s
INFO: 1838 processes: 465 internal, 1373 processwrapper-sandbox.
INFO: Build completed successfully, 1838 total actions
Running pre-finalize script /media/jefferson/11c42dee-73a3-4c2b-ab42-a0440011d9e0/.s-core-build/runs/score-communication-followup-pivi6gt7/bazel-output/4b9334f3199c06dc7413ff31e3d2964d/external/+_repo_rules4+codeql_bundle/codeql/cpp/tools/pre-finalize.sh in /media/jefferson/11c42dee-73a3-4c2b-ab42-a0440011d9e0/.s-core-build/runs/score-communication-followup-pivi6gt7/candidate.
Running command in /media/jefferson/11c42dee-73a3-4c2b-ab42-a0440011d9e0/.s-core-build/runs/score-communication-followup-pivi6gt7/candidate: [/media/jefferson/11c42dee-73a3-4c2b-ab42-a0440011d9e0/.s-core-build/runs/score-communication-followup-pivi6gt7/bazel-output/4b9334f3199c06dc7413ff31e3d2964d/external/+_repo_rules4+codeql_bundle/codeql/cpp/tools/pre-finalize.sh]
Running TRAP import for CodeQL database at /media/jefferson/11c42dee-73a3-4c2b-ab42-a0440011d9e0/.s-core-build/runs/score-communication-followup-pivi6gt7/license-final-production-db...
Grouping TRAP files by link target
Grouping unlinked TRAP files together
Scanning TRAP files
Importing TRAP files
Merging relations
Finished writing database (relations: 47.03 MiB; string pool: 19.03 MiB).
TRAP import complete (1m46s).
Finished zipping source archive (3.80 MiB).
